qx_rel,qy_rel,qz_rel,qw_rel,x_rel,y_rel,z_rel,qx_meas,qy_meas,qz_meas,qw_meas,x_meas,y_meas,z_meas,qx_err,qy_err,qz_err,qw_err,x_err,y_err,z_err
0.06712379118865078,-0.06246055722940792,-0.4814634091891149,0.8716570776739264,-35.82229390645716,-5.607818829115672,2.505543059147179,0.06800111868610509,-0.23497011963934514,0.7627353672696616,-0.5986648897756779,-3.745761463645196,0.29556772051093627,-0.7637738239024303,-0.2602287043631409,0.15826857047850199,-0.38813313996048504,0.8698188010663984,11.805981883820142,29.188308435887627,-9.11612755512321
0.06712379118865078,-0.06246055722940792,-0.4814634091891149,0.8716570776739264,-35.82229390645716,-5.607818829115672,2.505543059147179,-0.38661478182626985,0.15584909793113333,-0.4348480262427855,0.7982150482296304,-5.325387304866273,0.5522579580844759,-2.0061804815744133,-0.49277121917143785,-0.029625593051208748,0.018959970999156223,0.8694477381029697,10.698434398647262,27.790971315433108,-10.07814081866677
0.06712379118865078,-0.06246055722940792,-0.4814634091891149,0.8716570776739264,-35.82229390645716,-5.607818829115672,2.505543059147179,-0.16066773817911073,-0.1832851394569253,0.8270472038305146,-0.5065425531964627,-3.7519013795299516,-0.3845121797031057,-0.7547245118682442,-0.033856802734153466,0.21324181233048148,-0.49935803411231616,0.8390609037192206,12.37965908572735,28.826152655271073,-9.067486853355692
0.06712379118865078,-0.06246055722940792,-0.4814634091891149,0.8716570776739264,-35.82229390645716,-5.607818829115672,2.505543059147179,-0.35218323970283794,0.10639961329965102,-0.6253636679278299,0.6881615877088381,-3.633971949732762,-0.49989668016108246,-0.8645491680388795,-0.44346311196798227,-0.07581319128297426,-0.1989224272051103,0.8706449886756321,12.53494911190187,28.843839199147386,-9.18936622978031
0.06712379118865078,-0.06246055722940792,-0.4814634091891149,0.8716570776739264,-35.82229390645716,-5.607818829115672,2.505543059147179,-0.33222722006615607,0.29365341915151455,-0.5375205951087993,0.7172617050293574,-2.647214318304676,-0.4818836169191145,-0.19610842574411103,-0.5126907448801111,0.10472997677785846,-0.12215839883470457,0.8433606332243208,13.070843140808327,29.79171462986856,-8.704414812413518
0.06712379118865078,-0.06246055722940792,-0.4814634091891149,0.8716570776739264,-35.82229390645716,-5.607818829115672,2.505543059147179,-0.09553232758242072,0.2964186796961444,-0.5661803908627716,0.7631836644716388,-4.109425117493286,-0.7541631376337712,-0.941873270824482,-0.31257790119595924,0.22204482260619987,-0.1399998791478873,0.9129026159872077,12.495759245172763,28.300965489626954,-9.16842696384027
0.06712379118865078,-0.06246055722940792,-0.4814634091891149,0.8716570776739264,-35.82229390645716,-5.607818829115672,2.505543059147179,-0.032584107133896194,-0.06119432591550594,0.8005415213535358,-0.5952535619607833,-3.9277701579362874,-0.31732547818327295,-0.8465954447967068,-0.0910186064817392,0.05247300985948561,-0.41734769042914793,0.9026533674694094,12.225676218775082,28.699169757434873,-9.131116789224576
0.06712379118865078,-0.06246055722940792,-0.4814634091891149,0.8716570776739264,-35.82229390645716,-5.607818829115672,2.505543059147179,-0.3918722514410153,0.37626237921708167,0.785490052543018,-0.29642560262638845,-5.870526772226325,-0.5404067611611614,-3.0887981471923998,0.45377543272638377,-0.17350977771214748,-0.5411802843431832,0.6863717021632636,11.288655157870007,26.56994059225645,-10.98581789004574
0.06712379118865078,-0.06246055722940792,-0.4814634091891149,0.8716570776739264,-35.82229390645716,-5.607818829115672,2.505543059147179,-0.15214688203267,0.2417760872429954,0.9087966767346513,-0.3041122330345464,-5.384065917439491,-0.11166876793496738,-2.291041084382596,0.1718491329290086,-0.1794995399631814,-0.6390143943873444,0.7279480712456965,11.217640619488236,27.341607020346082,-10.310270245215044
0.06712379118865078,-0.06246055722940792,-0.4814634091891149,0.8716570776739264,-35.82229390645716,-5.607818829115672,2.505543059147179,-0.07710621630270167,-0.3591884090017459,0.8834185464134658,-0.2908779642719517,-3.192218397045594,-0.31495804553997303,-0.35163262836748244,-0.18042954317723708,0.30908293838812395,-0.658917117192681,0.6616200947800055,12.6343733066944,29.399319016397243,-8.772246488370655
0.06712379118865078,-0.06246055722940792,-0.4814634091891149,0.8716570776739264,-35.82229390645716,-5.607818829115672,2.505543059147179,0.6115644454721716,-0.605573925241167,-0.296690967501127,0.41381592514736104,-2.7900320862781154,0.5564691802524004,-1.6057148434376314,0.7783277870070122,-0.2274747444103594,-0.05692579394479213,0.5824264336480305,12.052732768275511,29.97091047540289,-10.124592201801871
0.06712379118865078,-0.06246055722940792,-0.4814634091891149,0.8716570776739264,-35.82229390645716,-5.607818829115672,2.505543059147179,-0.5636750056071038,0.5042864131006103,0.626182916993554,-0.18936910012300284,-2.813290928438697,0.8283442221809596,-1.3404279188000965,0.6823038579472998,-0.19837960313011613,-0.4560003180299104,0.5358830921467753,11.821702438305834,30.14196239325698,-9.87519213648815
0.06712379118865078,-0.06246055722940792,-0.4814634091891149,0.8716570776739264,-35.82229390645716,-5.607818829115672,2.505543059147179,-0.5705165527327495,0.5932144808021557,0.3930857249191447,-0.4099890921589977,-6.141865494951028,0.2218341487635745,-3.8376484221311267,0.730833481797907,-0.24317401325681348,-0.14105718506997794,0.6219740281554027,10.465918787044421,26.613788044287908,-11.71834427630064
0.06712379118865078,-0.06246055722940792,-0.4814634091891149,0.8716570776739264,-35.82229390645716,-5.607818829115672,2.505543059147179,-0.5318639849797082,0.39305079059068637,0.6729869827852369,-0.33124054476945336,-5.548466556457521,0.9284068141196131,-2.9266255863544317,0.5885733173764668,-0.11101642477234927,-0.4339711264587546,0.6729976708008326,10.220914299402216,27.64090487635811,-10.965792847324906
0.06712379118865078,-0.06246055722940792,-0.4814634091891149,0.8716570776739264,-35.82229390645716,-5.607818829115672,2.505543059147179,-0.558439026505994,0.2719386937710164,0.6548138998717404,-0.43059720974469096,-5.389164486202348,0.7213303944660845,-2.573717210595987,0.5478925022358463,0.014772420586582317,-0.3800832264688812,0.7450720250692288,10.496280302929677,27.726593372812577,-10.634683861458832
0.06712379118865078,-0.06246055722940792,-0.4814634091891149,0.8716570776739264,-35.82229390645716,-5.607818829115672,2.505543059147179,-0.3159845608938732,0.36402237683718625,0.8651682833593206,-0.13829428009718275,-3.026558642286549,0.8672853473511601,-0.9668637835212895,-0.3873719040563274,0.21460311466147353,0.6828484317407143,-0.5810391814625044,11.692492592579626,30.051464371972678,-9.473116750425973
0.06712379118865078,-0.06246055722940792,-0.4814634091891149,0.8716570776739264,-35.82229390645716,-5.607818829115672,2.505543059147179,-0.11493210310755853,0.6171670426562418,0.7342625023270097,-0.2583680142949203,-7.71694315938058,2.1842099324307953,-4.769454847112783,0.33411964383272796,-0.5157710913916974,-0.48138249353992263,0.6249921117926169,7.928564451789416,26.17479258271129,-12.472776208964717
0.06712379118865078,-0.06246055722940792,-0.4814634091891149,0.8716570776739264,-35.82229390645716,-5.607818829115672,2.505543059147179,0.006918097266195964,0.018995247241694553,-0.6373567573070154,0.7703036313217851,-3.9987875473787984,-0.1479488423799628,-0.9919944711547957,-0.09463066636528765,0.02521994455331722,-0.18639065728266332,0.977582484631208,12.038118083011499,28.7037230395758,-9.27138084219536
0.06712379118865078,-0.06246055722940792,-0.4814634091891149,0.8716570776739264,-35.82229390645716,-5.607818829115672,2.505543059147179,-0.23399337088818065,0.23424714332785207,-0.6011179101762771,0.7273462973635269,-2.310354324698691,-0.06766906958360173,0.20043409972145915,-0.40311180669915675,0.09660507628078646,-0.17488625293360152,0.8930750971062678,12.915309023736953,30.360329615325885,-8.396550462805774
0.06712379118865078,-0.06246055722940792,-0.4814634091891149,0.8716570776739264,-35.82229390645716,-5.607818829115672,2.505543059147179,0.24288107315047347,-0.3609905681210859,0.8245291736112542,-0.3617267420261215,-4.227396005646375,0.171938223591309,-1.412544843299576,-0.4612937779921168,0.16496976396303567,-0.5536090678622924,0.673431531296526,11.62749186357658,28.607953771371974,-9.663384072869025
0.06712379118865078,-0.06246055722940792,-0.4814634091891149,0.8716570776739264,-35.82229390645716,-5.607818829115672,2.505543059147179,-0.06726196306182902,-0.36654730935564145,0.7311805889105254,-0.5713963989470587,-3.8961338373379,0.27752950947391347,-0.961049103303307,-0.20187399061792616,0.3384978548525651,-0.39103754189335,0.8317185431395717,11.733058997591128,29.018892751416033,-9.282966825707625
0.05600715241403115,-0.07624233073768395,-0.5136549607443834,0.8527654350317228,-19.34956392354343,-11.931432301346376,1.9796618299742974,-0.1113809017937908,-0.0016410690057011574,0.7401540960774657,-0.6631466773405941,-2.9562395686397864,0.007538916831788579,1.8498722566034982,0.0005668095160427257,0.06771672469564513,-0.29913310036920826,0.9518053961745393,-3.018295936431279,19.762958214054752,-3.4076875966801485
-0.009914135672227925,0.09759970325319695,0.7894739788929364,-0.6058934266764378,-27.763905066056395,17.86323783811622,2.114018471056454,0.2581555097078446,-0.42458615697773006,-0.5470554023042353,0.6736562290368261,-2.719269890049013,-0.021956790658694034,1.147856854341589,0.4315432849452937,0.006878162421561914,0.17939029488390756,0.884048757819269,10.394174402413455,28.163493170455816,-6.842966988666567
-0.0014070604594694429,0.0975379967052013,0.7883182683232706,-0.6074855283933929,-26.890954321612753,18.082944892901196,2.052288707276727,0.28332324980311435,0.1708066960138142,-0.25822585696202505,0.9076741791601622,-1.984760176243429,-0.6373900113995103,1.221624583560537,0.011000750060011564,0.41528087134497027,0.5307925484018956,0.7387015987217711,11.315179489750184,28.265835878212247,-6.668484373764701
0.05662522078281412,-0.07746717392521434,-0.5001955060951003,0.8605793844948905,-18.16704173826315,-10.684991190085668,1.8541736662346366,-0.040955964895320315,0.24660485119261893,-0.10155781953085628,0.9629094794423292,-2.385176664956918,-0.35941176338867464,1.7775064817812702,-0.22098885654515696,0.26058020362941076,0.3834531172818437,0.8580358906282158,-1.2905815590903456,18.52752268031846,-3.2796396320120946
-0.011163520764219127,0.10057659067379984,0.7865135108093612,-0.6092259207608576,-25.99352980069898,18.42926146942682,1.9943945470572544,-0.034876722169448066,-0.06811951591686824,-0.5322341429760037,0.8431311658648168,-5.174545942184308,0.483910566895721,3.130647650022155,-0.030613491376202777,0.009926463241717105,0.3431514529622719,0.9387285868679783,11.997533012482496,24.361139524417254,-4.3989614361044245
-0.0062421324141546655,0.10002556496861854,0.7871726851727009,-0.6085351968897386,-25.78011301015431,18.56509159132372,1.9737970346388423,-0.060931411076728996,0.3290710703327758,-0.509855140619274,0.7924943718401667,-3.0523658833250784,0.13037674679269307,2.2302087841594616,-0.3520600695819486,0.22837490008502243,0.31760571790628184,0.8503088970311582,11.819873257470118,26.200665910376266,-5.501876941167346
0.004328462354220055,0.09726898016110169,0.7856374765579617,-0.6109777126374625,-25.189025816711478,18.66574794723533,2.0249419748279074,0.17248316540755682,0.3086551862397121,-0.11401594877332602,0.9284298019148438,-7.384540603898114,-0.4234685853013765,3.812602531486072,-0.1441792533878744,0.4148916122274284,0.644306783911791,0.6260559569248463,14.02326583331288,21.84754072602715,-3.2598452997065017
0.06632270668428213,-0.05959695645786206,-0.21682916447696068,0.9721289085256407,-5.146848701913996,1.433363705497129,1.7263545375053226,-0.42490758256259326,0.6848260635392769,-0.37324676386786065,0.4595145941537447,-3.620428177762731,0.18711992588570642,2.576938340096235,0.6142758304095864,-0.5762377931900433,0.28330412309953357,-0.4586436347632946,1.981376333347721,-0.35500240938684313,0.7447798970027852
0.060647873131234716,-0.058566927626824715,-0.21486897665505408,0.9729969544372797,-5.112572177419452,1.413709240265689,1.7205742781344817,0.3144886868713718,-0.44823333479466854,0.7144296056115278,-0.4356306715952489,-3.449787674934085,0.2555899151203541,2.8103446192599177,0.47056999319013126,-0.3507407212478526,0.6103000760729849,-0.5320513557100337,2.086116063790682,-0.2031652286400243,0.9489656093048713
0.05712236335231355,-0.05645077172124877,-0.20854610171527327,0.9747096333967796,-5.2688616707444,1.68706108652583,1.7137318779448911,0.01668033428183378,0.28884663973604796,-0.39200247619161604,0.8732831406944036,-3.238977086869999,-0.15678888318407103,2.3697365714192324,-0.11599219736757928,0.31192562035812993,-0.21741001562474674,0.9175952825838218,2.6584404537752593,-0.7707923541606077,0.5377079067758461
0.030771525883798542,-0.08247192470636275,-0.6195494451736633,0.7800063972910843,-10.838010888983376,17.97623718410682,1.9356997354998065,-0.02645142626657446,-0.056987221764386295,-0.3978473532125638,0.9152979089595902,-7.061697715960608,-0.34953993863990385,4.835688279943757,-0.046302230334996454,0.00240564609685014,0.26068391481840414,0.9643102264768391,18.89343274686116,-0.15646197372143256,1.2321934027791723
0.07053859443417589,-0.05630859830163821,-0.2045720019412007,0.9746814579514299,-5.024108379745712,1.310534112844607,1.7073736775122086,0.24182087924069523,-0.41315673575139794,-0.3707295833275377,0.7958541010212217,-3.5515636232115773,-0.42884006427013655,1.8925594456384645,0.24320493484273695,-0.33456374302915265,-0.18300688341358212,0.8918671101356471,2.0623921009643817,-0.9712188226111094,0.17713604153840112
0.03332320657518071,-0.08502112098641915,-0.6185375669859072,0.7804308112298712,-10.608585252251032,18.562297434564357,1.9813095789497588,-0.06042000630227299,0.21348159002389705,0.7252380281153354,-0.6517705394804845,-3.0309842628510744,0.028530779804032985,1.6892725993448332,0.09582038336358989,-0.09798856152402179,-0.16087662443491374,0.9774126087036813,19.641597101628044,2.915978505273232,-2.5904751338739125
0.07295660283885991,-0.05600012670463565,-0.201706145223816,0.9751184291614156,-5.27677406999851,1.7458958126187554,1.7220652422309648,0.5097736414954016,-0.371009231735245,0.6257399668045236,-0.4592738598562026,-1.4947139512306218,0.055243861734907265,1.706342193012203,0.6404730925116632,-0.23902099519682626,0.5160523982751184,-0.5160940843084366,4.12820988000534,-0.08081394490229135,-0.33746446955837284
0.0673441309112574,-0.05421624730030422,-0.20031188251361282,0.9759100964147938,-5.161616101677055,1.6276216837179618,1.7128609623874027,-0.15102054849413932,-0.3268127989753788,-0.6299868296517094,0.6881153848184155,-4.4011999998035645,-0.44816927128093986,2.5907106134390494,-0.1624140453588229,-0.3543100021787235,-0.4467761282236359,0.8052808152910339,1.5908686744807499,-1.464176829260711,0.9915058345300549
0.019638706823481275,-0.07664879051651655,-0.6161634611797956,0.7836337621705634,-10.904256812424137,17.847273489849044,1.9148399304662647,0.5693522387098117,-0.27352523662300854,0.5513002785420336,-0.5450596078282897,-2.449973949413507,-0.21747759052821392,2.258352454920305,-0.6676606587391849,-0.10551910065296613,-0.05790321830667682,0.734671478607327,19.46782302269115,3.847825957740989,-2.0313132043961324
0.07343466533511878,-0.05404981805716559,-0.19781013833077404,0.975990325909364,-4.923537906311367,1.3245640411786894,1.6941324576430432,-0.4064570149104068,0.5263533330275587,-0.5219144004259534,0.534181825288842,-2.9703833882844255,-0.6264006875275001,2.6779463034679605,0.5682529820202269,-0.4238602638375533,0.4204004781692823,-0.5662989167566171,2.632904619997957,-0.8765345822108221,0.9425847523503634
0.0723494599475374,-0.04813558814559824,-0.19371933050678464,0.9772007684131138,-4.82487872624597,1.2404410446492307,1.694841728526967,-0.561636904403491,0.5643761895130724,-0.49359652964794193,0.34986564598753744,-1.8023516765228416,-0.26289109815951606,1.9743185246312085,0.7072347419413212,-0.42383846724683466,0.4283647591507704,-0.36970746082646105,3.379765310679672,-0.2067396542045989,0.09071790107986732
0.06924773241913483,-0.047905160209785996,-0.17538300168020715,0.9808927820622003,20.609329909102712,-6.55239825781166,1.0125127743316433,-0.27316676101697057,0.27772959812349823,0.6669860230410943,-0.6351187574536609,-4.745012114198721,-1.3493133720710395,2.5977567490364177,0.24072374869319704,-0.24027595548075376,-0.5367066941865319,0.7721822754041108,-25.392450533864274,-3.480204113881216,3.9420027185543294
0.06262359990632595,-0.0498609955421207,-0.16822059681668283,0.9824937641862976,20.407922639994922,-5.502394466013357,1.0038201396694504,0.2848639740062277,0.18227326577847203,-0.38824215533505846,0.8572613380507824,-3.252174365118214,-1.4686750690598083,2.084412494014314,0.17617202912378738,0.24543311707663024,-0.2628546921039379,0.9163151270362181,-23.478815191493137,-3.7482349110315947,3.4546685161425477
0.06723490139564572,-0.04658646452881687,-0.1385442773921803,0.9869724679842401,19.000641647898192,0.020086534805500378,0.8761472685717848,0.12552973270816042,-0.18554964840699095,0.7462543191954487,-0.6268317998190562,-8.984811823420543,-4.9260374327816905,4.538628420184887,-0.22651155667845924,0.1447685101531944,-0.65631593428238,0.7049709125674423,-25.137434166504825,-11.656287677724018,7.300950457494037
0.05779766546449986,-0.0552703680376149,-0.13632130647063026,0.9874315762046406,18.451370649165256,1.5820926660207988,0.8737673960953813,-0.2325729428426366,-0.16633123338078604,0.7534212205622833,-0.5921150322918524,-4.005950130309379,-1.9125452276849437,2.220478451663088,0.13111064179158397,0.18512578746273983,-0.6857019577126588,0.6916294294015592,-20.396530542810464,-9.069782569069254,4.480844477723271
0.05761171790595426,-0.056533613914517944,-0.13366579535168563,0.9877339194391829,18.30964051470812,2.0502802948626595,0.9076052625294864,0.23322602048892113,0.08987319212487153,0.8827071330523392,-0.39794038493561745,-2.6530232574564367,-0.6464830609283092,1.7964358859192109,0.291180933086429,0.14830240809541034,0.8003258994025901,-0.5026912717617583,-19.264378206181306,-7.866599588214954,3.807383372729309
0.00984403493002773,-0.0867075795506742,-0.6281076068016939,0.7732177732712877,-2.426744283411381,-2.201664586752713,1.563523187257907,0.03859634116915818,0.08668000170882216,0.9264080092550316,-0.3643694555533462,-2.271162215235117,-0.31836423164514727,1.4961876497448874,-0.05931247035110507,-0.06879117264084489,-0.48325203505076714,0.870756726099109,-1.8102309497073932,0.5394353217130181,0.08737004354063616
0.017801338023918204,-0.08482918174146722,-0.6272387131672664,0.7739888364788624,-1.984228297402069,-1.6887241774695667,1.5424343036935344,0.08150349788947613,0.15459916236699128,-0.6840264920416619,0.7082118588476073,-9.076974668036515,-5.86499257444481,4.799314765769653,-0.10452030846065002,0.2186806206193577,-0.09487692068521388,0.9655323201250773,3.012817488461451,-7.316456147540172,3.9683673429154576
0.10038550334978853,-0.02595641974110239,0.27111820982178664,0.9569451035950092,10.152982978820205,24.05767433237088,1.8326185215602422,0.6298438191093777,-0.43428511857949137,0.5071560762805779,-0.3968449490692797,-6.743876665732634,1.294825174570212,5.301806653553347,0.5379847907791159,-0.5457387025689231,0.6201598558094199,-0.16775990775861443,-25.72170475602817,-9.484333829837011,8.007980405295337
0.10715265675023444,-0.014040276169644018,0.28392166167133887,0.9527379854032442,10.152693646326611,24.360785120084984,1.9268510581830365,-0.24839887755014617,0.32001792106334703,-0.24747003979300722,0.8801392544563436,-2.906321560071648,0.0248231946524628,2.592933198075548,-0.24358283338821496,0.36125937744856534,-0.5164678883960596,0.7371702555989081,-23.982778820338908,-12.618622876766807,5.368171305273972
0.10607741225057404,-0.013619290383165986,0.2848528229611987,0.9525864615827356,9.92601157330921,24.40082410174125,1.8932339195631833,-0.3189699642167636,0.6012156521649538,-0.4492512418761854,0.5787669852299204,-2.646897700462347,0.11329013986632663,2.132608512437143,0.2001010810441394,-0.6237963719384009,0.652245316459994,-0.38133147113431,-23.61772758743031,-12.893422661075865,4.897167491542524
0.053539858455770306,-0.05897187372600392,-0.3466690362633538,0.9345995832237557,7.282761596231694,8.562313339994944,1.3723254441713983,-0.42073317319644876,0.6838665310555845,-0.19547758082287087,0.5631151570235756,-2.2403840158337873,-0.06831011848993084,2.1358394325683174,0.6719691845855038,-0.5160283251538494,-0.0007186295107343729,-0.5311983303607348,-1.4650293150223486,-12.509869567792565,2.667914868239211
0.09001833729245722,-0.008286035309407644,0.28628474198285225,0.9538705819332959,10.41731102490155,24.424607030733796,1.2851761594659443,-0.43172286220639655,0.29438897177794954,-0.07716453677908335,0.8491149143711396,-1.5355678122983694,0.040321762545356396,1.7054102937222528,-0.40460396781697877,0.40449422090286224,-0.3396167606531772,0.7465524163556007,-23.244920530666477,-13.375922198991269,4.289481567077783
0.06082707551854967,-0.05537497896158426,-0.3410660467439484,0.9364334628511091,7.570582991544029,6.382656853699359,1.4344959148422909,0.1057345372396328,0.27094326144416897,-0.5219408411432583,0.8018651476772048,-3.2683695792960816,-0.7476686960249275,2.3456315570178203,-0.07107376321335969,0.30243792789317536,-0.23760962733544952,0.9203377015812634,-3.5914041662782896,-12.13105741334201,3.015603685011332
0.10550655437837504,-0.008123483525717557,0.29855740593647745,0.9485071699038926,11.52546470489267,24.51640241404266,1.9385581279155168,0.24251892110253243,0.20030464992880076,-0.16195591464090622,0.9353250247037079,-3.5237003147974773,-1.416077716116134,1.9989689737399952,0.1898348053980308,0.10809526356208315,-0.45596811122845865,0.8627695185840119,-27.002447613074875,-12.171120691021242,4.658989910804881
0.06992995472520916,-0.05022246090875099,-0.32716154470429737,0.9410381658142762,7.8207384283791725,3.2304932100903443,1.4083559610084109,0.1545475265843671,-0.027946321540149918,-0.5634314902028983,0.8110974176920861,-4.534339988326163,-1.3764100358302822,2.4127846310160406,0.06956116098354832,0.02559802211675517,-0.2706581241371188,0.9598177774895124,-6.7298989555639,-10.931215104930292,3.177639616285819
0.1038982011907186,0.0027540538021906713,0.3199392648588619,0.9417199402043893,14.782357080773295,24.56839780751045,1.5288484146307235,-0.47092277730213095,0.3728280668002106,-0.40610550034724807,0.6887011637944115,-6.8198200834656655,-2.146226984017756,4.810316745299972,0.3946314077499095,-0.45767596091049273,0.6428133037148327,-0.4707332826444333,-33.09142187032113,-7.016051006867852,6.842959685833825
0.10509985197775049,0.0013015728774854976,0.3208451603078966,0.9412814191990085,15.03387978523267,24.56435051594974,1.52372133113011,0.6821451649858821,-0.5654117882260322,0.350745468811589,-0.3032574809127762,-3.1699223898362785,-0.8301628959420155,2.8203145424952933,-0.49209672873026916,0.7138165767003856,-0.4877614446329073,0.10195821462898289,-29.717133197740843,-8.357251716793412,4.998921609851112
0.06996441232486134,-0.05290388168145844,-0.3250372816830788,0.9416246204444454,7.851749758700294,2.612751784213515,1.4077108519615926,0.675335536472965,-0.5437894024053901,0.31675032446235885,-0.38455718815457324,-1.9138893364105125,-0.36178206727783974,1.9985157121131985,0.8563270367323715,-0.2907195803196968,0.17558251560900354,-0.3890461566347999,-5.772708444086415,-8.12424608518121,2.2884649264068946
0.016160505625897565,-0.06152672857175061,-0.2998596961561911,0.9518600014446925,15.245643949047462,3.9746252138991167,1.2239579067540873,0.3155189128310479,0.2991624622947518,0.7553794494516924,-0.49025659010941686,-16.47448790844486,-0.050575517580940255,8.969669379396123,-0.265021888515836,-0.36141561681750745,-0.5477598285336175,0.7064710332156175,-22.637722978978406,-20.81945860754488,11.681125537318055
0.03721267036494345,-0.05481845762019038,-0.3720477784587751,0.9258458858861682,21.065389423691613,-9.525357545592385,0.9858266843075043,-0.44304204720094126,0.31815286998068126,-0.4567916622403706,0.7027331449723527,-2.3660118696242476,0.5808974654061339,2.117842618290033,-0.5797479164183292,0.1512520259031173,-0.14902081194384378,0.7866434870234458,-23.723896848917345,-8.642075500269437,3.865186456058715
0.036658233304350106,-0.05855008766419205,-0.3615234393188822,0.92980044309979,21.111778197662147,-9.155059373762072,1.097118423857264,0.6359582145571436,-0.5240880220040015,0.4593089636359156,-0.3315481419838219,-1.3282172958898175,0.4306299297338838,1.5202195603928517,0.8198308831351987,-0.25995819172312706,0.2891799850881576,-0.4203260613359763,-22.871015205498626,-7.888844260476913,3.209462797621807
0.03677341232802877,-0.06021004391138845,-0.34230550112461144,0.9369361828095711,21.270319611767718,-8.990961814683772,1.1259634565457795,-0.5510322444253731,0.6195413373061947,-0.20202371231236163,0.5212661667861437,-3.3228870969982096,0.8284298217482311,2.5257395843046773,0.7596870479042556,-0.4158056846233695,0.000456022827503379,-0.49998101356410435,-24.87088243315365,-8.020228917655427,4.507857211826595
0.06713807202643915,-0.0012070754538159917,0.5950032124218342,0.8009133532793163,-20.474465832927535,47.209383747130914,2.3019957076421242,-0.040455515991813434,0.16022499152787512,0.7809185110409588,-0.6023766117880909,-2.806741341937387,0.937567139982557,1.7092410468810395,0.10431805361307783,0.20409974643805762,0.9731557182560905,-0.020711958376073158,-38.98439858762642,-29.99628735433717,5.832689827177772
0.06394701160707258,-0.003778659365931991,0.594601276107684,0.8014647989094936,-20.88036520560604,47.188841603691685,2.136194459160844,0.13132265330758658,-0.4708453091580699,-0.5176688741802263,0.702195124076687,-2.3177318481877633,0.3141379793641203,0.9315354069421459,0.2215741118389136,0.48590057958390787,0.8028065701231636,-0.2651549559972452,-39.316279647876634,-31.165333120682913,5.119820952865895
0.03377128525395351,-0.03147674139512986,-0.10232658433785663,0.9936790151659577,12.665015509359364,33.398144464551365,1.4620776178895838,-0.21943538752230687,0.33137192609829264,0.8632854537558255,-0.31109320569636495,-2.5781641422474464,1.2308425295945713,1.1844766421168154,-0.21427706674063296,0.3261853144198767,0.8217117894501248,-0.4153049655428047,-8.299289988280744,-34.508156688026155,2.7341926875487195
0.060605953394697126,0.0025912419455153737,0.5937643996471519,0.8023490771415873,-19.937428680907487,47.71124654825792,2.1314502038202985,-0.220808990277755,0.3558951386816999,0.7980151696361425,-0.4333056993692221,-2.421517903032096,1.0486069586592144,0.9992981855071855,0.058345028423666005,0.46614792371207,0.8754266996463047,0.11371044113689202,-39.387192687716926,-30.21491595298169,4.604208745784455
0.059985876061644745,0.0032340941040991883,0.5933969771617464,0.8026651000284892,-21.272585716805338,47.348261179220344,2.261117503337834,0.07580326643087514,0.31825160602201696,0.6813383504583183,-0.6547883873875243,-3.8971654287670727,2.1452434557710567,2.1119190911668135,0.28676872013287885,0.2534563531325425,0.9165905184820229,-0.11569528788571744,-37.94910219659824,-29.603929006354512,5.358482202779194
0.06465552586659913,0.002889815109489456,0.5916388426269047,0.8036011397693779,-20.9738714601732,47.585591033953165,2.7337063978479614,0.1917814496525964,-0.35901954695088784,0.7194812545995933,-0.5627357859209977,-2.648396900602617,1.3217135712793524,2.3398846218955414,-0.023989307348869216,-0.35382923079488915,0.9348791158613995,-0.01517983182470714,-38.541139029021934,-30.949797071589327,5.745879817662763
0.07092675792960663,0.0031887486685796902,0.5895950112882593,0.8045725259760744,-19.920470394513245,48.0256070590101,2.955400154318286,0.06538465374083509,0.3165062176603035,0.6882988742757686,-0.6494561732005243,-3.9668034494430815,2.146891378953514,2.1103177017194974,0.2830861916581161,0.26699150151624923,0.9144622190162902,-0.11107023094603395,-38.75260470600551,-28.748548856294306,5.643294512492241
0.07814999508913041,0.002369238728284124,0.5883190482972572,0.8048401471012904,-20.448575589113034,47.942595336781096,3.265947254666961,0.06351116361568054,0.3173773265626352,0.6906926407082608,-0.6466696534951878,-3.970169635533036,2.157095838702114,2.102494099950265,0.2867362754727076,0.27358292812957297,0.9116926782526665,-0.10840272221936229,-38.40739356003668,-29.280388438305316,6.060892931672818
0.07942841900947968,0.0025596945188152503,0.5874010068156235,0.8053847722732388,-20.459669104617888,48.01676102222541,3.319517023317648,0.0684112969733852,0.31541826814890034,0.691264025293403,-0.6465177939542956,-3.9925455912408663,2.191629969322586,2.0967802539233316,0.28995688661121966,0.27040910204487767,0.9116206603406914,-0.1084052262486127,-38.3826686766167,-29.3579985246507,6.122299071054606
0.0793268389112803,0.0025455682171267396,0.5860813633742433,0.8063556338342184,-20.344669876879493,48.130226554664205,3.313494015629632,0.06522429266861787,0.3242367743645311,0.6863008158713596,-0.6477711755935648,-3.9621915716277085,2.172115670406328,2.0403897776391253,0.29226172078523427,0.279314427314599,0.9074944976465776,-0.11410641523927201,-38.44261441939106,-29.451720322640732,6.075846649772697
0.05188591115543867,-0.019717854669164064,-0.13311627680180813,0.9895449031151845,16.30813714909607,29.644208119303585,1.0545048343211647,-0.14922642711148285,0.42053283848476175,0.6598076821774483,-0.6045969134449116,-3.214320417007002,1.5962008879779417,1.1462437149235718,0.1592659623676171,-0.41858502924204316,-0.5535503343583037,0.7021416907272809,-11.366478793130268,-31.996295511596088,3.855607406225424
0.07000774640432901,0.026975428499012515,0.5676775758967211,0.8198252323054617,-16.276032957719508,51.6318773644864,1.918278717077694,0.30084947734707246,-0.06852539666345708,-0.6073397106590265,0.7320739975225996,-3.541585298561587,1.5333392172473488,1.6384330144443326,-0.17287605976149592,0.28923084546987704,0.9005815595130072,-0.2746128923689482,-42.322081560495704,-29.163899628553366,5.515103456318547
0.07005810533383043,0.02751632056002052,0.5676026516645374,0.8198548309324389,-15.875061272903054,51.87166953469409,1.856791454567972,-0.12954940371688722,0.3342816182316219,-0.6305586305730998,0.6883811190894359,-2.931097784353449,1.6569402053141846,2.1324776465669837,-0.05265140488902346,-0.28447752617019667,0.9346773477547321,-0.20658804965795294,-42.33516482332979,-29.322977384271244,6.085889581258438
0.06016446082833732,-0.019430971942837025,-0.13239728527701264,0.9891782619092826,17.259261873547757,28.49818593721875,1.2949103980959649,0.00814693095013952,0.006962537852390869,0.9660771475418088,-0.25803119109950573,-3.024843215432328,2.1688897463595866,1.9573345342502362,0.041433071324755315,0.06107553649824304,0.9208826843347171,-0.3827899700025265,-12.584787115415725,-30.398945064782204,4.75844881352717
0.07399932231048885,0.024524529237071692,0.5683264094209539,0.8191017886184688,-15.732543308109598,52.260173611272876,1.8675914232004729,0.0022405432231959316,0.007575901384039728,0.964855901151487,-0.2626607616250213,-3.0370241249741987,2.1599314868065282,1.9361290076605266,0.0019148993937729488,0.08277238882926309,0.9390865786418631,0.33355878435821307,-42.34480759180917,-28.950974006724454,6.32246310662404
0.06309919643497346,-0.020936402708093833,-0.13105554064949923,0.9891433686356962,17.57493281181314,28.345822261800663,1.4012704070064927,0.00020017528925653517,0.008112143205277325,0.9658816019709626,-0.25885687944591584,-3.0288883273458658,2.1593124003344215,1.920419054672629,0.035690608018244016,0.0635771278015338,0.9209546925220873,-0.38278790947643965,-13.006632966546698,-30.29821773143233,4.833814306503589
0.0634363329543503,-0.018815587295895574,-0.13041786525460544,0.989248697627875,17.83029185046621,28.138599225250914,1.3907724477794545,-0.003331335807953679,0.0010574542729714924,0.965499718552411,-0.2603806395786952,-3.018388779277164,2.1351329451297367,1.9148506174977078,0.031250606647501705,0.05696016651708672,0.9211566519889325,-0.3837308451389458,-13.342071733145145,-30.171101469146073,4.7766262692943044
0.06454630561839428,-0.012752299659842524,-0.1279991743388049,0.9895894929984789,18.309275164130668,27.34730253437135,1.329279513267906,-0.008890854738663103,0.0026720793896401283,0.9688552003460572,-0.24745386126741487,-3.0270017071687914,2.14392900823013,1.9038062552427444,0.01918704400882957,0.06088665769337058,0.9270359425611554,-0.36949835379455187,-14.198848443047247,-29.462308087246623,4.598035870643703
0.0710310143250618,0.03166050152805972,0.5695420502480841,0.8182750519514531,-14.804763526567967,53.22466012504242,2.094357444275344,-0.010565913072655522,0.00467008433010732,0.9698476185972363,-0.2434381820802979,-3.027729579245657,2.1408086184598902,1.8904939536732517,-0.019400214676211197,0.0864357803174282,0.9315841488893927,0.3525669597246172,-43.73714140981019,-28.38267017665958,5.457698105152147
0.07110524749046779,0.035947767619925936,0.5696787581159501,0.8179962801467571,-13.966154713506398,53.728179880958464,2.169415727991227,0.060466055543252996,-0.43704375297685655,0.7771178533460673,-0.4488033601943558,-2.9507167743535976,1.7167652427569415,2.080651670902144,-0.19553691193286848,-0.32055575543575554,0.924602978079647,0.06417676101999542,-44.90478739247016,-27.950475604410617,5.372707645162096
0.07054860695867417,0.036679159296456605,0.5698819381680612,0.8178704725562048,-14.255887643301321,53.73714107218325,2.1992346546018524,0.06516018021340599,-0.4701786558300908,0.7820788367821175,-0.40378072709565443,-2.6630535274577354,1.444557309448314,1.9552312405129737,-0.2148535627100799,-0.3516939391441743,0.9053070009877261,0.1028034713550513,-44.98993390487875,-28.591366955778653,5.235192443535817
0.09426782413521677,0.03159320206168422,0.5431381178144836,0.8337364283112749,-9.205258226607612,67.61120687955304,2.392012916099377,0.13301094274063718,-0.43190107341487327,-0.5429325165690212,0.7078091793318004,-3.691516900661423,0.3475000555704655,1.9232578517319365,0.1732565223064334,0.5058779968345657,0.7921841465894914,-0.2941324662277302,-59.09291262652409,-31.43333234574587,8.660290144006456
0.07227699701346735,0.025011252259107827,0.526788915080286,0.8465482336593005,-98.41278104111836,153.76566770691625,6.626532854257821,-0.025632261045437348,-0.03246471196582937,-0.669482561869873,0.7416752180185245,-3.3404251992285006,-1.3986808679671658,1.6819881978572853,0.07566245598726881,0.08091856868077758,0.955750206715739,-0.27252324737433187,-96.93290317960337,-152.61204714361165,21.277964744394986
0.05819160365424421,-0.011215731989151642,-0.16880620170304675,0.983866053325698,98.74883973226406,129.96157069738626,0.0675879136033899,-0.01711478083295465,-0.027372368320971,-0.6669502806740757,0.7444025529498891,-3.3464544508346585,-1.4097107235027984,1.6904717780177831,-0.06301634026237085,-0.06028171199966881,-0.52874517610646,0.844288810065889,-52.43868196539902,-156.5818574002092,20.415753607681786
0.07179812014551212,0.03266391687224985,0.526848358662434,0.8462912651403374,-98.356371684088,154.59119002919374,6.327560247861152,-0.017937248107704563,-0.02489814433260391,-0.659324462554797,0.7512320484483763,-3.365442588730933,-1.4354980533243609,1.6874845307544402,0.06069861230450317,0.08349731050209334,0.9525641660760316,-0.28629597816088703,-97.9055681987521,-152.78636702799918,21.44667976923371
0.06444305936393838,-0.0030238849546153973,-0.17250651692972613,0.9828934071588695,100.63482968336677,129.08649916172078,0.7518982878232485,-0.020953843693568768,-0.028458904186729618,-0.6521673493665018,0.7572508010079798,-3.387644370986517,-1.4747696292488974,1.676175229860211,-0.06645768574254456,-0.07132456379837927,-0.5084829490678537,0.8555356644301713,-53.51887066551607,-156.82281102625166,20.2511908063293
0.06434612791977239,0.03799056611125671,0.5254434871673307,0.8475408158323195,-98.33668757245357,155.10005999444286,5.76046835828121,-0.020854620843068168,-0.028987799342045602,-0.6504353467841207,0.7587217223281654,-3.393544347178469,-1.492198572481669,1.6794744898601157,0.057016990692136824,0.08428768218407394,0.9488629182365935,-0.29883743373276545,-98.00749766126103,-153.53499637988457,19.32681267944861
0.06317085475579154,0.0026275220376391615,-0.17811757994407285,0.9819758993744353,101.5018013362112,128.82052863823378,0.7236103548797566,-0.021199690131058813,-0.031141344711398535,-0.6438514068998945,0.764222582511757,-3.422334716153171,-1.533846372338221,1.6796283947384052,-0.061855623827059045,-0.07703674286920978,-0.49421356470776273,0.8637083851091842,-52.734958408786156,-157.66387510877323,19.06247697790616
0.06834052222979466,0.027799591626365645,0.5225836042361738,0.8493898588459227,-98.32795440490702,155.58391379237537,5.356767804915327,-0.02210656286836914,-0.03699845453381878,-0.6404914524570451,0.7667549240596505,-3.438541176587578,-1.5552048633648459,1.6639787808768571,0.07270690714980323,0.08496057888396914,0.9428065558909022,-0.314024209031001,-97.2720372479338,-154.2578810660355,21.28372486542303
0.05230171852301714,-0.031916487791405795,-0.18444181342986687,0.9809317435506419,103.65003114109356,127.6258536852173,-0.11371400218500582,-0.02737014064773025,-0.03651203059884874,-0.6355841442450703,0.7706818686116431,-3.4601155744554095,-1.5811292740267404,1.6549996117906334,-0.0807074943942738,-0.04950869277019804,-0.47853550065629247,0.8729484316386712,-52.34291997577356,-157.90703623066315,22.26528598430437
0.04830652818876241,-0.04247290912115437,-0.1850388950798602,0.9806238517559925,104.26636141787583,127.32193736849251,-0.4415107574801702,-0.02800794853385028,-0.03786430787308485,-0.6302037146193109,0.7750000819924083,-3.476300229694469,-1.5929708602995627,1.6361225171265754,-0.08466304108514794,-0.03983964873430624,-0.47156896285387934,0.8768510050948555,-52.52679549422065,-157.9142891394489,23.148743016745232
0.04724423724367083,-0.04374643235155362,-0.1854225304452741,0.9805471518020161,105.563597901393,126.4931494189716,-1.071845589991561,-0.026892293494251224,-0.03299712193527204,-0.6259015075120316,0.7787395568409083,-3.5017686783678874,-1.5972977040404308,1.6416151813517679,-0.08442266627609601,-0.03284483300972587,-0.46659471555704557,0.879820096256978,-53.85587193420673,-157.62406583808914,23.748234199292966
0.0850986855273697,0.006687652544585941,0.5320730467735804,0.8423845689007106,-98.85134728181765,156.17164792656502,6.478983287084958,-0.01667332416134911,-0.01808763426302168,-0.6244399813674038,0.7806853062649854,-3.5275661330765375,-1.5936170858823806,1.6692554328488467,0.08592854940040143,0.06472529128478186,0.9399724854829961,-0.3238497299689496,-100.64231409179804,-152.21849805438282,26.462974951588688
0.08448787015714997,0.014794962384908664,0.5375862188919249,0.8388348861020393,-99.0476626222661,156.22208181193662,8.419202680132333,-0.25766123173109357,0.12228176041611681,0.7046229986447282,-0.6497417106152739,-3.8388929356274586,-1.5292455081247112,1.3279624324249335,-0.10592781822885708,0.3102343344800615,0.9262111285509289,-0.18619049487930914,-103.00058817599916,-151.06722675649,23.875690989721484
0.07884062370363006,0.02070619464996647,0.5422424845809234,0.8362586307313349,-99.14704311058199,156.37043618190512,8.425922740138759,-0.0016171498968140933,0.0035265346541109533,-0.6149359054814449,0.7885675497566837,-3.5827099236535873,-1.5972818953630796,1.7104358766426342,0.04887829354469931,0.06098418108676096,0.9421518049575862,-0.3259475701589103,-104.83445203382045,-150.50293738539406,22.136914892370992
0.0497872752945944,-0.01549029209437586,-0.1725983520064513,0.9836112478790736,107.51367779374311,125.63815414021224,-1.3292258470094929,-0.0064269370260549965,-0.0013133015560857384,-0.6158282702522606,0.7878531026007288,-3.603848423712888,-1.5969097578058178,1.7035338553892614,-0.054859352961034835,-0.020857393860066978,-0.4695885254120587,0.8809324817007209,-61.00591724217363,-156.2677050829037,20.093435714082066
0.048083285411150055,-0.010719080958408253,-0.16250252746563615,0.9854775631818095,108.98087746025567,124.95711236772877,-1.1209243985357524,-0.012024239416367625,-0.010438191213016923,-0.6163729519880758,0.7872933671054033,-3.6144709560577977,-1.5944974098726215,1.6762301314971908,-0.0546159889506395,-0.03343874776677646,-0.4788537614017896,0.8755558343647146,-65.94440657376428,-154.95444609502965,18.474343635832636
0.049310512986240285,-0.012095261442806676,-0.16246475999028134,0.9854072151760226,109.70992810085386,124.48865499279543,-0.9869541823690007,-0.019276339498983688,-0.01907767372024471,-0.6172881242546839,0.7862695700299469,-3.6398530937375746,-1.6013583478197737,1.647099906856389,-0.06213321143439602,-0.0428596612561738,-0.47936519225683183,0.8743634975949222,-66.78943970621967,-154.71227423395115,18.89670730924251
0.0756123630027521,0.025843439916284607,0.5658137023873135,0.8206520220929172,-99.40339077624571,157.22827673523352,8.276611375931724,-0.02482648383241794,-0.0267615944650662,-0.6169027397859008,0.7861923889270712,-3.6495621776064846,-1.594930389468108,1.6078092873443195,0.07901895641630413,0.0748781815416689,0.9497190015555439,-0.2935695497496833,-114.08749257101324,-144.88654769390902,20.736732388923194
0.06907074196396522,0.028861980490815783,0.5681690007276554,0.8194999727265599,-98.93601718890875,157.73690996391827,5.287187311336172,-0.02729721806323582,-0.02957832059581292,-0.61831477631879,0.784899243357123,-3.6809850203530066,-1.6023671397381827,1.5987471408806229,0.07554333840879332,0.0740912068285839,0.9514092163253806,-0.28917849191090195,-115.53502225667351,-143.80738143930364,21.147733872924295
0.07053527707443519,0.024114803097669498,0.5785046425255144,0.8122657382507403,-99.13006249977343,158.02226932808776,4.927117524583849,-0.026817247551918756,-0.025030448543606358,-0.6173707641414948,0.7858165507691929,-3.7053722885499534,-1.6171618468437527,1.6050200445077398,0.0768029757902365,0.06731370285554364,0.9549488053241949,-0.278644841200286,-119.27042720280018,-141.02741229138405,22.079175634256075
0.0700870066379104,0.015203909293091266,0.584155439313126,0.8084671145839104,-99.09855803755477,158.3284547520849,4.296880628735149,-0.02248403193744522,-0.02543449366034571,-0.6143805109702103,0.7882792288142958,-3.716594690868078,-1.6191558105786243,1.6023076488550592,0.07894244422474529,0.062473798989626184,0.9557432558262169,-0.2764415740845236,-121.33029505529421,-139.4580740150694,22.773292996857716
0.04263515669107613,-0.030793596429173658,-0.13360485149326534,0.9896381871625342,113.01698576471699,122.82857183753777,-1.4328052194955667,-0.015409449116601637,-0.026831959290975996,-0.620066685514514,0.78393870956445,-3.7405239101697574,-1.6092695856900208,1.585822693205083,-0.06418233234397241,-0.03090905675984968,-0.5072851585552928,0.8588288690621874,-78.98498009907325,-149.83226522422981,20.925338098918473
0.041653065183660014,-0.03156236767281846,-0.13156745004558326,0.9899287071280409,113.26967109952386,122.6880098902999,-1.4927850041633164,-0.07341301282171814,0.22371783679789511,0.8580386019673281,-0.4564324885247124,-3.066267993717336,-0.5869794505901492,1.1353291388991404,-0.0560140921569668,0.23313979384291036,0.7823439401420706,-0.5748445157863961,-79.50579184982831,-148.33874826540523,20.30087512981507
0.07336291873918174,0.002517614357389771,0.5971115630271284,0.7987924167587691,-99.37402784285075,158.60635205679637,5.699930710479924,-0.07454783455081808,0.2381261283667157,0.8502631354105464,-0.4634556806369827,-3.0734105948831614,-0.5617423122573671,1.1028555821063784,0.11449944654218171,0.29827130756601583,0.9382611801708087,0.13262752960405466,-124.65037446148102,-136.33618379080323,22.453360174467203
0.0425362722929009,-0.029006264313208584,-0.12178548482764871,0.9912202569839416,115.59823748630401,121.13923261343757,-1.661208015297568,-0.016287581591947414,-0.011485778896091262,-0.6218139236877432,0.7829113844344641,-3.81484235335028,-1.5721363856053712,1.5792443252870658,-0.06608441051336975,-0.01710883955266235,-0.5200463105882219,0.8514058803765923,-85.58786083530241,-146.86666025538332,20.80784546389343
0.04641840828773716,-0.024226070312992197,-0.10310865622860611,0.9932910116878909,116.03415167108483,121.19753432484254,-1.6866089732705234,-0.06277060671020027,0.22016318679203922,0.8584746518540216,-0.45892188250172106,-3.257394173039393,-0.6252910876781048,1.1687856796822522,-0.04295031919269347,0.24094507473732718,0.7966973972671447,-0.552606549209134,-91.27753976511663,-142.59663005328687,20.34794367664666
0.0459447930777485,-0.023890517168176188,-0.10534601120665218,0.9930863694066735,117.99758249162892,119.40544055789042,-1.746698627053238,0.1343767069039496,0.27837877557936486,0.7240696084833785,-0.6165803759602722,-3.5627901403531475,-0.709948761948566,1.383560766205332,-0.14974863758191204,-0.3091470219096188,-0.6381089912262347,0.6890721150235382,-93.20920064128295,-141.80871565321792,20.414763049072256
0.030041369934066607,0.031649993449945284,0.9937328348670983,0.10291184049517076,-113.07455964576104,146.41150360143922,4.373874755366419,-0.0045593303818150755,-0.0371816321198603,-0.6046506287842408,0.7956094241838737,-3.0550801981570705,-0.9903203228989379,1.2318462546035922,0.04218182636688342,0.04264124017296009,0.8518762332174246,0.5202973202315752,-138.08657909352897,121.47373889521707,-4.205155205953368
0.03175737961139223,0.02882727034877911,0.9947839334261854,0.09254935505762943,-113.0654923674017,147.36772440987772,5.465095673148184,-0.009166278334524203,-0.039929844028994785,-0.6073415598672519,0.7933837763373585,-3.0446781842693547,-0.9530355681499929,1.2360207762522162,0.048257690874719386,0.036735679977229735,0.8444506749757962,0.5321886344342324,-135.7411447216686,125.20894236065442,-4.3098551066067925
0.044514715319521496,0.013383397738338727,0.40469402609100275,0.9132699874797454,159.70434132049706,58.79660228091939,-4.056239917124023,-0.006520362228864643,-0.04262726817997312,-0.6110472991400105,0.7904186226915554,-3.045203599395156,-0.924058260953657,1.2364514321947542,0.050213222843167274,0.07407053641029991,0.876118577842707,-0.4737176642753208,-153.53664543309873,80.67434874209913,-0.3636111905472228
0.03634582632130609,0.02522668232202638,0.9967964274164366,0.06662940565451421,-113.1876249508233,146.90538919153528,6.884688987630037,-0.00838552730796751,-0.04190392876631576,-0.6155957625234937,0.7869025358002306,-3.0426638846981837,-0.8782213675754811,1.2454080985760556,0.05539959334763073,0.036658647163544035,0.8240869223073621,0.5625546845658967,-129.16701950019618,131.54364447580807,-3.982481456192649
0.035060340782750554,0.025741570909749916,0.9974249126974247,0.05702357023047988,-113.2505970437511,146.84111136227546,6.8855521744862695,-0.006992796367188362,-0.03803782874721606,-0.6176248158523556,0.7855213626799136,-3.0404351006269956,-0.847601634827027,1.252479033242779,0.04998064590694709,0.037068953871143645,0.817564134980849,0.5724654687285858,-126.66660020690666,133.8828708839785,-4.573459431584931
0.03167464769300206,0.027016143752876903,0.9981392944552193,0.04455102170192278,-113.40868560990168,147.52195324793752,6.674187719984033,-0.007847124500566292,-0.033895040405416674,-0.6216892854060937,0.7824908825566266,-3.038328099836181,-0.808206145841557,1.2586341427986134,0.04217104505352921,0.034509210626409326,0.8078701758588651,0.5868360046033316,-123.48595259740253,137.590439343955,-5.733300574753407
0.044576955626713786,0.02086236608183913,0.44004613022255895,0.8966253732661551,161.80074365518314,55.55529705855156,-4.562853208740993,-0.0033997879397067044,-0.0354273167335399,-0.6245528098320969,0.7801712212084339,-3.039016033696247,-0.7772877534425565,1.253275616491464,0.04038599831611744,0.07438584807737392,0.9017929087385035,-0.4237986154941631,-145.4038984466039,96.05017009297944,-3.377126298962284
0.02536630140628588,0.02972290756002032,0.9987666819553829,0.03063028786967481,-113.50343195450716,147.9354988283137,5.831437305075912,-0.0050988385873533505,-0.03507397589828163,-0.6279696758117413,0.7774303211996836,-3.0446069204823645,-0.7530499177613765,1.253112371329438,0.03624234464992996,0.0350185335228048,0.7949682495634983,0.604554114161946,-119.65477768348666,141.27602345144228,-7.363218764449149
0.04201235534049209,0.02260307226542473,0.4514634199844665,0.8910133801121268,162.2432892078317,54.71730345254787,-4.398689183639389,-0.006111126505846122,-0.03536889682209451,-0.6298644184284926,0.7758753183779945,-3.0602216517100858,-0.7365662410801183,1.2494075056726774,0.039772337213102076,0.07275446388961194,0.9101491487655401,-0.40589835695418264,-142.48284521494068,100.56116011789221,-4.286637131744907
0.04069258101257781,0.021730493239877302,0.45284738989769535,0.890393812297082,162.82039517282763,53.55043337287225,-3.999802570061085,-0.012577536615730238,-0.04182447457347224,-0.6348297715578818,0.7714166708356132,-3.0717372103462512,-0.701897797123692,1.2423205116514486,0.04773483623414548,0.07414067539405751,0.9131538966230979,-0.39796294644585334,-141.55225107048813,102.1476951241451,-4.450109675212524
0.038535293013747335,0.02189596608748315,0.46408602610281496,0.8846805967339498,162.6115137297399,53.30695550245832,-3.7845682683352857,-0.018168571816765008,-0.04176357268825576,-0.6370859366620957,0.7694460450881738,-3.0978391979762416,-0.6870720996174225,1.237990940291292,0.051156490183184106,0.06991369986679195,0.9194951709040432,-0.38343672068180723,-138.61336339773308,105.65911894909271,-4.759919735641191
0.017544305750383443,0.030347013018387933,0.9993770524833488,-0.004094277261339135,-113.35734502711466,148.77044610843348,4.3471451946929776,-0.017759744784753825,-0.04328328603535717,-0.6385030700371331,0.7681959243372211,-3.1378981539075204,-0.6799847522879416,1.2316453350116028,0.037284412694642624,0.016588649630169743,0.7648827499950059,0.6428756240778928,-109.19404394762829,150.00096457275333,-8.356762918362302
0.03755727798874737,0.023760872493828654,0.472640728951687,0.8801338609236812,163.24508864694275,52.57162883152023,-3.572496474414581,-0.015869671211247164,-0.04180001018413398,-0.6388759360701349,0.7680094081420893,-3.177756217006298,-0.6810784487726563,1.22382838844806,0.04738791546158925,0.07153196613273582,0.924096053402421,-0.37240307111443144,-136.31102819258712,109.2769945147357,-5.767228137231355
0.03866061356795483,0.024127574366609242,0.48024712491227656,0.8759485807553005,163.81260872222143,51.66009637146999,-3.3194792858192432,-0.016250874319481655,-0.044214977206692464,-0.6421186486400018,0.7651565760961622,-3.2167299242816285,-0.6740120973690061,1.2133211601888632,0.049557703237943486,0.07421168399479713,0.9286098807615863,-0.360167113102222,-133.94035637190424,112.59223242816141,-6.41679745744802
0.017084146955271814,0.029644451750599807,0.9991063572331703,-0.02481582840611456,-113.18559633466555,149.20791937548972,5.3780161401341395,-0.015922460405900105,-0.045457935217514976,-0.645085300685117,0.7625909822574451,-3.271633280811647,-0.6770075273360912,1.1992322727432343,0.038927199353747,0.016591015920181227,0.7455965747767067,0.6650527490526239,-102.58265835210004,154.7545633418191,-9.584161506306527
0.017544835384398258,0.024306674367828237,0.9991936657744105,-0.02670922329096156,-112.87697666307838,149.084670065488,6.914456705228326,-0.012369621998460421,-0.04481370243265699,-0.6426551451160035,0.7647438061088307,-3.326707743177068,-0.6954998212095218,1.1869187063530928,0.042243679460902,0.016307070266243777,0.7464767625759924,0.6638689584089634,-101.6679517300316,155.05736522900486,-9.43432469751751
0.01851681002388146,0.02489022627307983,0.9990153505599084,-0.03171645831863139,-112.92159718626351,149.4537911802306,6.922870382884308,-0.011055077536624842,-0.045430730082843304,-0.6440100951629006,0.7635868197874233,-3.384963009806753,-0.7024792580855415,1.176826729462148,0.043145003921995946,0.01844576729146792,0.7418431662960091,0.6689297264477874,-100.08574508205898,156.43147021240952,-9.499239699672566
0.020411475919324136,0.022986390768517204,0.9985129677183666,-0.04502055961993107,-112.6607336424861,149.70126548213204,7.801572259174518,-0.014103843799086784,-0.04177529203097355,-0.6450364762411749,0.7628786606559304,-3.447104717446274,-0.7101186816067191,1.1735016970217271,0.04182262679103961,0.014738355551099777,0.7321758334225106,0.6796706538581747,-95.58187147094836,159.27221551813062,-9.570776272709587
0.04625504428257851,0.02147568867411946,0.5049923600746635,0.86161591323548,164.62377731041528,49.720681907927656,-3.529655736083656,-0.006437459362796048,-0.0427299560993299,-0.6450883591401645,0.7628851282274101,-3.5341502458304306,-0.7286871341094708,1.1509573860836384,0.04855848742476589,0.07978801647666478,0.9392313299091128,-0.330333853310401,-126.19323906932209,121.97216055751628,-6.495693810136166
0.026717416443033756,0.0300384542765459,0.9973984811162558,-0.059834277719976174,-112.35150039155383,150.70063597572346,7.605053480877718,-0.004751865923027493,-0.041036536380458045,-0.645371930216966,0.7627506107111107,-3.632635994349206,-0.750635190918404,1.129215151193757,0.04163820508217288,0.03295962459595442,0.7211972857638801,0.6906912465283174,-90.31989816293705,162.87708207320676,-10.61073169183962
0.05299560943158056,0.020066523871254755,0.5160963149279713,0.8546539613893263,165.5405487851551,48.429502044595665,-4.030471111474405,-0.0024332637926554076,-0.04234764785996593,-0.6469268831744079,0.7613713704719198,-3.7366195562911813,-0.7764473770887076,1.1085238285862429,0.05130282958363537,0.0844991477343684,0.9436441697661223,-0.31585375504382346,-122.37276683182488,126.82573503347732,-6.521757456674696
0.054219396107189795,0.01826610608575293,0.5198813409536647,0.8523203610042734,165.68867611571255,47.61021579409294,-4.391010185986414,-0.004199088994578789,-0.04288916586762743,-0.6497310462471831,0.7589416674852788,-3.8039069464219373,-0.7914188908179469,1.0901370567827644,0.05515754878507193,0.08346321528898216,0.9460898880230951,-0.3080672983068711,-120.61131350918521,128.52774654032365,-5.833211053818894
0.03330456954918842,0.032447940189913115,0.9960270154975851,-0.07594814825621858,-112.24949579309543,151.335436728329,6.89931059306867,-0.0022986434063221603,-0.043800749802569074,-0.648770178538192,0.7597193336981398,-3.921469271212068,-0.8297595802108891,1.0777442597225932,0.047703021829004065,0.04064224226209118,0.7060439079810001,0.7053897007011146,-84.56031450490806,166.36590201818706,-9.748783966318106
0.05445738775538164,0.013230918965269779,0.5262008451276641,0.848511641811193,166.2587404928107,45.5615502927476,-4.259120098563726,0.0005023821906252338,-0.0392370362403009,-0.6491061893751688,0.7596850383639652,-3.9984653950192257,-0.8584246961387494,1.0728463017131638,0.053002475807237506,0.07895739460429033,0.9483776741995285,-0.3025495901096193,-117.24638361100514,131.91865252080692,-4.638399252872137
0.05478416220684039,0.01064330777439867,0.5265303692194899,0.8483225718207088,166.7816049214182,44.52497370471042,-3.661117044627531,0.005502715955165235,-0.04209328673576228,-0.6493577692458113,0.75929728226104,-4.075545727553558,-0.880747162929306,1.064997333338301,0.05218146653637992,0.0822619883516548,0.9482933186667688,-0.3020758871451198,-116.51170864604664,132.96858890498012,-4.534058392456257
0.054914288718361966,0.009665431965585588,0.5327802679206988,0.8444147005078865,167.0463980465997,43.802633007589975,-3.214033945870569,0.007364517412484894,-0.03869903825922663,-0.6503061537366109,0.7586501530569856,-4.158799757783157,-0.9077664968847285,1.0621942738231755,0.049774620862233526,0.07964548768341156,0.9511255964476159,-0.2941754292796384,-114.07471192759606,135.24681495071795,-4.876971518959099
0.05687924070986232,0.010849009966318981,0.5384321929017513,0.8406770037333194,167.07793696107802,43.64278969314432,-3.186852955849813,0.006506657776266576,-0.03815959761222277,-0.6508001744221985,0.7582615917258976,-4.234183124204623,-0.9288122985122725,1.054976351055163,0.051145164277359746,0.0808266975399408,0.9531441125554837,-0.28699741782226595,-112.1648853347069,136.8920557669806,-5.662762031715075
0.035416424333109334,0.04248731999155344,0.992642584505182,-0.10770888521503393,-111.64430578329734,152.28236082310423,5.1552310476455965,0.006568108361425587,-0.033227450775487916,-0.6517056216608222,0.7577153681714502,-4.338619072132923,-0.9623382324678982,1.046360300864471,0.032836769958960364,0.058215270524660995,0.6804901965656828,0.7297025566588083,-72.56569111242828,172.0889711016425,-11.61626043763292
0.05325569704049903,0.017656036053273108,0.5454879777007603,0.8362385791791425,167.19214033980037,43.2487796295502,-3.3630531592665784,-0.08161988439475858,0.4857059771719673,0.6571888053127163,-0.5705530408143097,-5.315079583656492,-1.2595855817128565,0.4621112798666144,0.21547492573240293,0.4957614949008332,0.8334887632193934,-0.11440095341085463,-110.31827151774002,139.7027659707131,-8.2087472829805
0.026515347144077335,0.042450225215429134,0.9917583436801144,-0.1179419454047819,-111.1489896371769,152.84248313083413,4.584727919807921,0.41970355155171574,-0.25629591166386834,-0.5012744240579509,0.7119587672503462,-3.6418003443100924,-1.2223024642938058,0.4249125727029449,0.30128288387696617,0.4295307360848828,0.6223574816652221,0.5808641283953417,-68.9304763564262,174.29134074741708,-13.497256891344911
0.04228793738051745,0.02602237248719693,0.5578394178667317,0.8284622805875623,167.3165412163531,42.45413706550448,-3.785374049595344,-0.37363195311260866,0.0005717114421307098,0.6600630101384318,-0.6517021247520042,-3.479656506207038,-1.2820325812009101,0.7144389559078225,-0.29883832367057067,0.25377181126685744,0.9006354742502669,-0.1874867105533041,-104.7697399828556,141.57690818726994,-9.150008797368638
-0.027532101648760698,0.03369847761964553,0.8273739740997381,-0.5599631264354167,-77.1087427209136,137.56875833854428,4.6151992709277785,0.029249487074585953,0.029690777513784284,0.7879281369745528,-0.6143550896674587,-3.0234103060297404,0.40002922141625286,1.329240213385423,-0.03527972311011054,-0.04181649128362398,0.06889382174997177,0.996122664895586,99.86765230180787,119.0615824589471,-12.864130738463759
0.02945753076322261,0.06282143972258371,0.8971012534289303,0.4363428258706195,134.88827594344815,42.06143661953047,-1.9594970394883187,0.030364301490465973,0.02957450744379102,0.7897990293786329,-0.6118993797161613,-3.0013328872135117,0.40802864060569916,1.3313787634680774,0.008189305500226295,0.0473707004289741,0.8945951780376673,0.4442841652006595,52.37272376997754,133.36064563642748,-15.212379288953613
0.027246081895857217,0.0635532788202342,0.8985847114026178,0.43331760661897406,134.7073880932557,41.98940817750258,-1.954807336911799,0.027349264096819436,0.03110714122435055,0.79359420234331,-0.6070359178214221,-2.9764803280864127,0.41380866530627197,1.3315509717391454,0.005907155899911143,0.049105096966904446,0.8902421231020113,0.4527943873502281,53.23439635187437,132.82371425175043,-14.837055860841653
0.025757320546749556,0.061247476087841424,0.9016179922478674,0.4273994655659335,134.2675441051892,41.720529221137895,-1.8129312111774762,0.03212550494718211,0.02777695678667996,0.7945041178951794,-0.6057719036495192,-2.954034564589737,0.41136137676285706,1.3406315374890379,0.0057163167922623615,0.040473220639046535,0.8869976290232761,0.4599613551598878,54.9208584845924,131.64905790594344,-14.084701431829268
-0.03490207718624339,0.026432463620801906,0.8181712822643062,-0.5733052614035574,-76.7081309795002,136.97042522489795,5.085151265012129,0.032615648250864125,0.030097674850897416,0.7955316973647196,-0.6042844263637395,-2.9418719460157066,0.4108093119464159,1.3426427746188847,-0.03619231386155502,-0.05573332468837408,0.04023823956450755,0.9969778317561911,103.36639340663163,115.35439207380648,-10.61833241505686
0.024982126908919856,0.05949678787070606,0.9042886041290346,0.4220167603431611,133.83374382052403,41.33034930722738,-1.7580030716398944,0.03381112394679041,0.03244110440467143,0.7988335816880126,-0.5997243461874476,-2.927010964679117,0.4124975645112994,1.3441704427596972,0.011059339583225945,0.03875390982778618,0.8806462575551732,0.4720571941355309,56.50857141395338,130.42867791383443,-13.510716323502814
0.02363949578430021,0.058411010598983105,0.9065144820824833,0.4174455914901924,133.57171526681216,41.67463796313268,-1.7830188354590035,0.03538600425920992,0.029796082418818974,0.7996435749332882,-0.5986903851265433,-2.909149144522378,0.4050732669227695,1.3487163736356829,0.00922706120490597,0.03423359927512219,0.8778917574252213,0.4775447458270771,57.39482258979583,129.91547942297285,-12.95429011117998
0.022707857196431015,0.05752714630088467,0.9072915151453798,0.4159291853251277,133.3620134988439,41.38087405231431,-1.771174457320818,0.03605397053421853,0.032343533067386805,0.8020386542029804,-0.5953049674256956,-2.894737880230692,0.3997411550236245,1.34775279405391,0.011720016903226962,0.03319993298665689,0.8750460596186652,0.4827574952285224,57.91436148328914,129.39731387042934,-12.543729677581268
-0.03985015249977023,0.0206362659454472,0.8146621111760325,-0.578196985886111,-75.00729797619044,137.1073355626466,5.713907786993879,0.036786418005254944,0.03465833207240396,0.805526453896345,-0.5904004501535218,-2.889159901178734,0.3944396134864236,1.3487187587772775,-0.033185572139489174,-0.06992453542155755,0.017364183590563794,0.9968489164743508,105.52807419786828,112.66081565395645,-9.047806681116697
0.022188134211381324,0.05779605621570616,0.9084230051862077,0.41344279681062035,133.00982722694135,41.601106753033264,-1.6721586726739783,0.04066854027443018,0.029015822551068892,0.8033555048996428,-0.5934004420465762,-2.87772659987935,0.37461080344272746,1.352457561541114,0.009908424479903205,0.027173310323754495,0.8729068338965861,0.4870288427465183,58.20176343987661,128.95510258850874,-12.54335702907396
-0.04749734206555575,0.018430407570504494,0.8155711719539981,-0.5764095645034654,-74.26042448208125,137.1304925409521,5.682244952541346,0.038934899959944196,0.030571579319196043,0.8047320578636421,-0.5915705935470313,-2.8739727289152373,0.36481598419911204,1.3477770976571706,-0.04043872060516102,-0.07669567938947529,0.020782322092901893,0.9960173581455453,105.44273602085832,112.41787030510115,-7.982183035958886
-0.05134057913492638,0.01688120371665517,0.8172414698967503,-0.5737556533718567,-73.4964283616863,137.3625939810952,5.393731544645412,0.03968972043351402,0.03496540025046853,0.8060241782967548,-0.5895143517152703,-2.8734835213062335,0.353284470422909,1.3416730484819392,-0.03806969296304583,-0.08392771777830331,0.021779800423487636,0.9955061410959443,105.23238705109188,112.48232920894061,-7.031410942021147
-0.05033158043598486,0.016150662450594048,0.8201750928428443,-0.5696654326826007,-72.4884209294762,137.5352347557079,5.055108630820772,0.041516011269688936,0.041027296529276336,0.8047119051356366,-0.5907892445540357,-2.8784284225990584,0.3346705851457686,1.334976524753403,-0.032732656516019254,-0.08838301533962445,0.02886954763837387,0.9951299236863675,104.59109791782731,112.70274723989371,-6.49447837310411
-0.04378139502784217,0.01759351715142172,0.822661496654525,-0.5665701364577872,-72.10302282454279,137.5736405962008,4.739821791661662,0.04598782541701397,0.04504356286272535,0.8022762207519027,-0.5934720406001366,-2.884915690595736,0.3174687016237511,1.3335760399304937,-0.02909761798008323,-0.08803626246012256,0.0364620068888654,0.9950243550655299,103.8233713197276,113.2025357306049,-6.920914711837232
-0.03736348509932129,0.02132537755081886,0.8248871665620079,-0.5636580175025013,-72.3055771583671,137.51126441951027,3.970084214845688,0.04972477810619295,0.04413772522091402,0.8004855189338427,-0.59565278613621,-2.894442983389595,0.3061145409186278,1.3377705807097904,-0.030945446666513096,-0.08310232222038787,0.04285579727430818,0.9951380627893661,102.79380285725226,114.12926953775897,-7.617854333991897
-0.03371057921498178,0.024485478827640496,0.8293995144738411,-0.5571000839760557,-71.5704386114254,137.5647376721032,3.39684901844139,0.04196380871572551,0.04077245832366548,0.7978024626313476,-0.6000732255480762,-2.914061322582556,0.2905039849488499,1.3322230405750715,-0.029324775533960103,-0.06972040538557038,0.0556465901260438,0.9955815283642514,101.2593279054183,115.07241491860134,-8.18925480102471
0.01588805871331564,0.06176080809013958,0.8980140255767386,0.43532055090684124,131.36147371995077,41.17499372035627,-1.4037590200189491,0.03985370646364011,0.03539424123271577,0.7947931640469148,-0.6045351570859749,-2.934391869724831,0.27050018935168507,1.3300359086569602,0.009651484499045756,0.02958295349263691,0.8907698993810999,0.45338800608993013,51.19850290137347,130.1657577389241,-12.313389181294898
-0.043076403716640344,0.02822395183925617,0.8372071279448782,-0.5444557437512296,-71.33921344702333,137.34473228203836,3.43782261386783,0.04043729457422309,0.03356337556040381,0.7922144780095856,-0.6079757773632999,-2.944976145400866,0.2467541829404784,1.3333913006802827,-0.04246565334497896,-0.06909443548106012,0.0802630213614879,0.9934689097669152,97.81316043644229,117.58584283030157,-9.176662650752844
-0.046928222909640535,0.029244298028212597,0.842590283323473,-0.5357089950488509,-70.35055756082033,137.49163585429267,4.017277204714418,0.037532242004768346,0.04051910743268842,0.7885381606837298,-0.6125006954187676,-2.9636420326630564,0.22111637209055615,1.334741408611966,-0.0377691675791569,-0.07242329444561495,0.09665924264772868,0.9919603556658848,96.01591817718676,118.62940681917104,-9.969713934380895
0.02148179616581298,0.06814041454372906,0.8873380224747457,0.4555509304237088,130.49797138027694,40.76963379431095,-1.6935071049548716,0.036909680600801034,0.04178824470310958,0.783351085720353,-0.6190739007447527,-2.9828898672739372,0.19347363953629437,1.3466644682122753,0.01381548938999327,0.04529705134044967,0.9078014811828812,0.4167178663735725,44.960351978383066,131.3077732230539,-14.479059937408937
0.02521343534249865,0.06185196437472283,0.8849496446320976,0.4608717214656827,130.26045591261476,40.7060434985583,-1.3137500712157224,0.03665388281129535,0.0428482614380899,0.7798412821809726,-0.62343250955731,-3.001317487345153,0.1755919306858138,1.355753722592746,0.02229545186912317,0.04553371455940573,0.9122999347581201,0.40637227108244484,43.26197831821612,131.6425796440408,-14.393625712782143
-0.025971237516992547,0.031587214039005135,0.8553064709934857,-0.5165061310456632,-69.50357081267123,137.3549002422301,5.136629239568061,0.031943040180265524,0.039055959913376063,0.7781329644361874,-0.6260697755338758,-3.015131386527914,0.1639576134738745,1.3643890296596481,-0.023932820193624298,-0.04792700775455171,0.13559440666613018,0.98931510598299,90.56019915100931,122.04918036292746,-12.61526913541676
-0.024314064337027045,0.02931111297582254,0.8601630457186773,-0.5085953398444603,-68.68373125834637,137.5504498119647,6.2773115105027975,0.027087145314472722,0.03227046517757576,0.7714702426556431,-0.6348689379177236,-3.038668145589769,0.14838306323768935,1.3734464095264212,-0.024067429904804802,-0.03986083156733354,0.15530320957117438,0.9867688614976812,88.86793808961109,123.05661217460259,-13.122878138522546
0.035293790018889236,0.05146112429381681,0.8760927281737398,0.47808747391414935,129.51847595929792,41.081305072254736,-1.0785586771829898,0.02553151966510488,0.023224364421613544,0.7682692598643109,-0.6391956779800271,-3.0486854710725977,0.1366135771829886,1.3783905427142988,0.015576634694724641,0.04874416116998673,0.9277887999584842,0.3695799208222998,37.218801408358345,132.8847050664994,-14.593581874109073
-0.02351062625107779,0.031113228411655224,0.8657015275815306,-0.4990391593994309,-67.3250149824105,137.84941021629493,6.657067982289554,0.021961670574993233,0.018903113928933447,0.7641391413430442,-0.6444002870707463,-3.0629771693753036,0.12592254547580334,1.3813459443440064,-0.03352036896672622,-0.026361662285908107,0.1776506806505523,0.9831692037946742,87.06738006581355,123.88233409016946,-14.058464779865169
-0.02295943813308077,0.03525836600028593,0.8693532556200791,-0.49239682043081084,-66.73079618984934,137.95671945123473,6.099126516665393,0.02069754864588578,0.020378835292533252,0.7600182969720287,-0.6492522643933621,-3.0789629100569633,0.11737335411707228,1.387050233232566,-0.03417847081529282,-0.022585974105625465,0.19139662522439957,0.9806574517940191,85.53718238366827,124.65306671587082,-14.779995380652144
0.03638552412047841,0.05563190378822617,0.8729025087004574,0.4833450064082834,128.6194717513382,40.634529809308106,-1.5292690527394106,0.019458495264924696,0.02164509594641396,0.7591245476837845,-0.6502943778685042,-3.089750636887733,0.10809978259606004,1.3923049783737707,0.009728983042528385,0.057274938510439265,0.9348575981759183,0.3502373472951406,35.48717078894522,132.33280183805138,-15.064416839947224
0.03619471237679921,0.05492847950090412,0.8734445149889258,0.4824598264844853,128.33591750333633,40.63970482574314,-1.756632793454814,0.017317815935120818,0.0241997203639709,0.7570853479495416,-0.6526379108706944,-3.0894060067793316,0.09494565360434336,1.394211882614917,0.011528757942203482,0.059800136070151805,0.9353816085089413,0.3483565385198433,35.59762070586347,132.08065742699782,-14.626356756606409
0.03799270974429377,0.05211574672182586,0.8744836188018351,0.48074827446092755,128.01863067397187,40.687964206178776,-1.9081180293825213,0.019568454678175393,0.024301166311758875,0.7551151748691531,-0.6548492968460183,-3.090866291186045,0.08017573760429421,1.3946839901516763,0.016184580739849463,0.05738728246814382,0.9357718576829651,0.34752811328836325,35.87683177698583,131.75781346110665,-14.22437040925098
0.038134012863590715,0.050435445719446685,0.8756512911781265,0.47878688279450626,127.9710598898416,41.14523756549988,-1.8699803355536595,0.020717552735392844,0.027708768566189538,0.7564098237643091,-0.6531823525372135,-3.0915952915818696,0.07658081851495145,1.3866374310809866,0.020941109091052783,0.05691372816094827,0.9341073244787208,0.3518036438868479,36.05882100134715,131.82937007370444,-13.97992573111265
-0.021787721162942635,0.03602981522982196,0.8682791948337778,-0.4942857346108999,-64.22301932909966,137.94264772701496,3.880426310776521,0.020939440740057064,0.028765162448828326,0.7558280353320379,-0.6538027885049877,-3.086670757887995,0.07107239289481987,1.375357667350964,-0.026851092068242734,-0.025310867012639467,0.19546951461910184,0.9800153303496757,87.36007810496008,122.31457433626393,-12.64363195742303
0.03651203731668556,0.0522043810715727,0.8779420139022888,0.47450963525845563,127.3812644988589,40.38727838858972,-1.8162333620682745,0.021178824438593622,0.029307913703697498,0.7573733610620774,-0.6519801343164283,-3.077987261337091,0.07142357907561138,1.364219320054855,0.020047120479415183,0.057002571466738004,0.9318172452409035,0.35786232168016424,37.66528240773191,130.54207601700995,-13.971137692766858
0.03404160036550861,0.054592476991180666,0.8785205152193044,0.47335244294218043,127.34103398306267,40.77542211829609,-1.7588799200121414,0.02268771053460435,0.02846413358012997,0.7576794494746807,-0.6516110133614802,-3.0692746157280233,0.06888884954912465,1.3612663890877745,0.01656389230288557,0.05490762829669222,0.931372675212085,0.35952152883366334,37.68638893622067,130.59961580691834,-14.038596532945917
-0.031041657116142464,0.03625448594632053,0.8672164945852656,-0.4956385571073902,-63.03411194121236,137.85537235399732,2.722595399131883,0.02602780325581706,0.02864725496571424,0.758350370669808,-0.6506970136289014,-3.0614422910344365,0.06531043611018521,1.360871307466058,-0.035749327258932914,-0.03672019086186874,0.19026038258903458,0.980395124427226,88.39438760151828,121.02259952077758,-11.164193056034504
-0.02947993345468164,0.03644790741420462,0.8664040343709971,-0.4971383437176146,-62.73303339065728,137.7661402051438,2.5061061650710705,0.02631819910485191,0.03754138342931315,0.760806681145633,-0.6473570814089068,-3.054512087201858,0.06932782819741529,1.3524118493624018,-0.027371635009446883,-0.04029917442566841,0.18471257442685063,0.9815844512756529,88.85519419965492,120.44324259841899,-11.020382499400021
0.02970071402829306,0.05369626934471835,0.8814734048123051,0.46822987394363375,126.39108192870764,40.44623428929572,-1.6567290156347703,0.02713054683434705,0.03849679456690574,0.7611410912120425,-0.6468741527569979,-3.0487997037335584,0.06968515160538247,1.352385284130924,0.024979420285793693,0.05145165639865266,0.9269047859711695,0.37091275707335947,39.00297859072549,129.24315996955767,-12.999104134228055
-0.023229917401259122,0.035343430549197835,0.8656488895047454,-0.4988619177224754,-61.65673831557626,137.61403773986893,2.2147561628270687,0.025751790199023808,0.03731639892651478,0.7623930554566496,-0.64552394275052,-3.041769752503456,0.07246046460500895,1.3509615655301401,-0.022484742029770816,-0.03580303598662641,0.18024523596050276,0.982712691433024,89.64434839966225,119.19524265014978,-10.513376702829925
-0.025795088623536303,0.034457277555961466,0.8664277493330761,-0.49744373009613446,-61.416174270750275,137.6822447157502,2.2415254919491474,0.026375553441777992,0.031483674927569365,0.7636838047309028,-0.6442826668360926,-3.0305660287401874,0.07133251356400515,1.3510007858884654,-0.028775817393450573,-0.03601293284680496,0.18005561447234628,0.9825756951492827,89.46140598331148,119.32889442447522,-10.18367497914901
0.017632376244994707,0.062377802011360235,0.8844645271204995,0.4620829031566714,125.44365878778655,41.11737647755672,-1.6368687106609583,0.026878688154707148,0.03185260289944369,0.7645956573776359,-0.6431612772321366,-3.021484007522097,0.06434296270055827,1.3456966216467265,0.0042393447083037975,0.044545922131230445,0.9232749124407138,0.38152473685924343,39.79972022482954,128.3036997501847,-12.315968114288726
-0.04664399599426262,0.028336471452770847,0.8670444267361754,-0.49523261614016345,-60.299565443919846,137.6971593770025,2.7283367618003105,0.029852889766165375,0.035994622590537345,0.7638377604656527,-0.6437119447423593,-3.0120674282847744,0.050390677272414364,1.3400277481942062,-0.03524495205464952,-0.061097413099639696,0.18237434028088864,0.9806959261026367,89.70702829581742,118.821920950638,-8.026078757363086
0.01139290635134001,0.06782482123559144,0.8832196182184558,0.4638891045317564,124.85818451522616,40.35431629792947,-1.5991444234749057,0.03190875623011032,0.04591869808435238,0.7647613236567782,-0.6418827169201692,-3.003443923889011,0.03952962367964713,1.3328437615812174,0.010801528962958138,0.0453671789111052,0.9233289120510273,0.38116776650233225,39.57553463025785,127.55151049775453,-12.118738997124012
-0.03946384308390547,0.029048784484141353,0.8715903056998587,-0.4877797784031946,-58.108084716290705,138.04761543058578,3.0169919473132225,0.03549169277463055,0.05204066543722349,0.7637001540537153,-0.6424906097237327,-2.995967037689107,0.031092991488659086,1.3322150066616794,-0.01949370033014192,-0.06779357139795034,0.19055581021677426,0.9791386574521396,89.02352055837922,118.69195207638805,-8.705041885587095
0.028537479047284146,0.052159216056614666,0.8822863294885471,0.4669431028161913,124.40749312424573,40.232008546386396,-1.2926499738654416,0.03471174064551843,0.0507321851400668,0.7624427275534348,-0.6441292010560855,-2.9893985838154653,0.03639551158734827,1.336711941732171,0.03958212991695997,0.04841881722622469,0.924686529949178,0.3755578443598244,38.400496479914146,127.35086076857691,-12.638393877413181
-0.009822641935180147,0.041176893315453274,0.8745932565081052,-0.48300581242139196,-57.15005483182995,138.02782313810638,2.7482439849767637,0.0297972186083509,0.04287319271555342,0.7626732818840933,-0.6446731576618709,-2.983614945529953,0.05189155944290698,1.3440173303187513,-0.014632534503451325,-0.027714276461333225,0.19709925312673926,0.9798824889909563,87.76871985412085,118.7351304609171,-13.113099063595952
-0.007187904469609469,0.042874989346302794,0.8757356570990253,-0.48082962492262094,-56.30080522165076,138.2115667382505,2.5274833180408507,0.023107154981704937,0.02868575660405815,0.7615055061268939,-0.647110926267767,-2.974622645115414,0.06394810883462346,1.3658512393884847,-0.02329037673543918,-0.011757475901658347,0.20174061484532926,0.9790914382394382,87.73122727167049,118.54205998359836,-13.446465948424885
0.0370805187824759,0.047431166042918874,0.8808800762179148,0.4694950595447754,123.7063123818573,40.18383428219613,-1.1016481639164772,0.015436346026333205,0.02103845466995099,0.7612491467236051,-0.6479342862197054,-2.968463130742862,0.07016768269946541,1.3908736427256476,0.013698448541662907,0.05523967286161154,0.9281071639767501,0.36793752625238896,37.21289066395245,126.87598190966212,-13.397897113787188
0.028634353486919825,0.05371127056532077,0.8810810262510974,0.46903240655093115,123.36456423933782,40.45391390461805,-1.165446311560777,0.016907323155503674,0.021392146809730003,0.7593700351749381,-0.6500874311636856,-2.960597829238748,0.07119144829471588,1.4151346278431634,0.004606401015657613,0.05179798038336933,0.9292444195783529,0.3657875872420729,37.036314636650296,126.7161590656837,-12.914978606129601
-0.019316250411062368,0.035798667404834394,0.8798596472547202,-0.4734895342189674,-53.61024459984833,138.378748911576,2.8940735350917883,0.023701570453750334,0.027167144434321753,0.7614940253433705,-0.647168472028467,-2.9556957564625157,0.0779221816590244,1.423911052732228,-0.027080511043386248,-0.02525885437810454,0.21023122414547707,0.976950085005078,87.52082483307699,117.95062598849769,-11.086857980934228
-0.016993006791068258,0.03721444154028382,0.8800783945089261,-0.47306272584049014,-52.86361029585669,138.47974270039845,3.231157621068242,0.025590016073029125,0.03468630753057983,0.7609808139519095,-0.6473408777022857,-2.938306761141707,0.08125145547919416,1.4129403508703968,-0.020898756859875488,-0.027770942340236412,0.21126080500441036,0.9768115933956434,87.85385869342495,117.43076881628353,-11.903708406935785
-0.01471355049607939,0.035042640969597076,0.882309564515877,-0.4691325581426624,-51.3926073037037,138.781753590074,4.479297751986305,0.02769913915416846,0.033636304541586316,0.7603201131048656,-0.6480853973938218,-2.9210359375753887,0.08487422877213821,1.4083099698799322,-0.019496196763557128,-0.028695485479481996,0.21658658552935853,0.9756468205214361,87.8258335476473,117.15037849021387,-12.576180759023208
0.03431171508786296,0.05391969155264031,0.8837289128325445,0.46361469098207664,122.05177961855583,40.49923967503378,-1.2887649856898404,0.01897279205908745,0.03352642060884656,0.7645525007839056,-0.643409267750875,-2.902560368472036,0.09202528722297025,1.4025276800692845,0.019276372825254184,0.059702073066378085,0.9229298021902405,0.3798218847714837,37.71379644175947,125.07188821481735,-13.720985705071918
0.031029068639986588,0.05523340246442182,0.8842494912821935,0.46269785532107227,121.8049419337598,40.39961707927728,-1.2761141358375354,0.01911525715553224,0.02352467540118304,0.7612844833437097,-0.6477091415220632,-2.8903288266396943,0.08603124677869271,1.4187125397998048,0.007695749898442718,0.05337928862154604,0.9253070285459813,0.3753642629542198,37.9474364143317,124.75512598646382,-13.323229832781042
0.0228125893447134,0.0527637617843603,0.8854576612985412,0.46115106121256033,121.52233715251288,40.46037760361537,-1.2320831091455393,0.020005688067148246,0.02567630165461187,0.7624982064520255,-0.6461710184894905,-2.8749296431729734,0.08531352086640008,1.4269693362597307,0.006469482661360692,0.045615436138840386,0.924253768342596,0.37898858753855486,38.26721713061237,124.57305570915177,-11.360907982801825
0.015635942743904525,0.051636607543526974,0.8872399994509225,0.4581422938675626,121.2696235785071,40.390723763611504,-1.0881640593681245,0.023818991496622203,0.027385992314275145,0.7617916572671949,-0.6468045562510727,-2.8712644195078814,0.07909645954763922,1.4332504431215267,0.005987497379554118,0.03672364310063261,0.9236815775508034,0.38135005861518684,39.08089358760151,124.16310377444644,-9.92735198436205
0.01570481274349946,0.05263489925612273,0.8873725147643177,0.45776953402104004,121.05010989250158,40.27261251913046,-0.9575094062685441,0.032657512816639145,0.03227755838069474,0.7618278660311492,-0.6461500975934594,-2.8496552520774285,0.07422098348441472,1.4239565189351355,0.013640765882930889,0.03177071285518314,0.9233294361409131,0.3824490863716424,39.138537063876306,123.8393094921131,-10.233973124063228
-0.033510658526242944,0.021210591829533738,0.8832479873536004,-0.46722600462216624,-47.96670680595912,138.62922419613557,5.0108529774743715,0.039009664639465653,0.035316763618921866,0.7630722441733728,-0.6441674645962913,-2.8363198609891103,0.07147666908731803,1.4198692735029472,-0.024804559212302263,-0.06286399838593151,0.21444332682011127,0.9743956645693472,89.37231246334538,114.87606626696157,-7.998471948876485
0.022267827137379664,0.054842085795071445,0.8859531023389112,0.4599821626501233,120.69188988489674,39.71612124775129,-0.6855792473925,0.039530801097609244,0.03688757037799278,0.7663599189266108,-0.640132093851721,-2.8106891883556617,0.07839192107045943,1.4202557821452615,0.023089695181599628,0.034116537937877264,0.9209854528755187,0.38741285911444634,38.691350404144785,123.23222791979515,-12.052741220119506
0.026707767653039196,0.05414604042505007,0.8845641324690785,0.46249453726774625,120.45221558315356,39.738420097271955,-0.49660974257080426,0.03541867273841766,0.03652184260717535,0.7647123395456724,-0.6423602652566623,-2.795316771021879,0.08231925914726906,1.4304371161010987,0.024436718144225482,0.04076608954873738,0.9228264943897608,0.3822724604278326,37.77885479241275,123.17696781649822,-12.90220154778677
0.026412930980815777,0.05043903305278276,0.8837172482852127,0.4645450312993508,120.07990024754042,39.195755556287395,-0.42208987213534854,0.029415232834440336,0.035373239161532954,0.7628920367501714,-0.6448869810220174,-2.7886381230440156,0.08644292353439552,1.443060368542501,0.023478460495331956,0.043115404338908356,0.9248448183905192,0.3771629431660392,37.45117218607995,122.79680901737652,-12.167507484651498
0.030421920590491727,0.04322597018250234,0.8844997063621074,0.4635367209776512,119.8286886566859,39.13845914149965,-0.1897772783765852,0.02819450564595568,0.03535752364707291,0.7606856611616777,-0.6475432342909221,-2.7707806336985255,0.09233057008193915,1.4384999374309158,0.03116104112511628,0.042583681923908136,0.9255006287403854,0.37505227069163743,37.5895604084581,122.49990917668141,-11.776184161043405
-0.02000870613434761,0.027054711563807336,0.8910629278262718,-0.4526307025762841,-43.367871218434175,138.91855500487952,4.487543220335084,0.03076319793602926,0.03314412465162476,0.7605064159220428,-0.647753876094335,-2.757689417279554,0.09867558553190245,1.4353720315840814,-0.017926865822314474,-0.040105948756917885,0.2344563724880424,0.9711335385804799,88.22504160444475,114.2469211810881,-9.666673234713425
-0.022161543969422586,0.025908113104670217,0.8938161343800629,-0.44713572163955784,-41.523333530521086,139.29608883998307,4.079793668073862,0.029551182759570607,0.02881743239832378,0.763126817778023,-0.6449292543957564,-2.7413328796254963,0.10368010357273683,1.4488970288060181,-0.021519707336133086,-0.03950179583077915,0.23663116692344865,0.9705576753407072,88.22507786308621,114.12845645627783,-8.747737102609468
0.021757889370995872,0.047252214849803804,0.885319956347509,0.4620631962564776,119.09895713384901,38.991404077061816,-0.12917341228204648,0.031621880391338446,0.030607860414629734,0.7630416004052155,-0.6448493867659347,-2.7320920088464704,0.1066623115986186,1.4572828670947042,0.01968421274795487,0.03322002054238253,0.924299713147649,0.3797091021806439,37.79168782206916,121.69702329479588,-10.907216585737498
0.02306574745641639,0.04779481639666088,0.8857668628893363,0.4610864251168864,118.8589531694943,38.90631975425936,-0.1969801432177576,0.03670586649659818,0.03399720615350284,0.7638129749863034,-0.6434956165981729,-2.7237125737887524,0.11186732612544197,1.4644613593789424,0.025374581886231113,0.031536482065287794,0.923141066870056,0.3823246677250364,37.97682413484063,121.3420884743752,-11.134313163212301
0.024987466603617253,0.04700596147434497,0.8863341163475512,0.4599759779564702,118.63767916473145,38.77397337468574,-0.257651845941659,0.03763662575265639,0.034484561441848506,0.7629090838461448,-0.6444874158656273,-2.7034438172851822,0.11879324150934606,1.4677223272364264,0.028119619807447684,0.031861360339911673,0.9230585001251677,0.38230504318652475,38.235560279720886,120.9652875878018,-11.238733140301665
-0.020529350756398987,0.024837879808096548,0.8963451542639771,-0.4421843392880919,-37.911943672168036,139.30551583257486,5.31486673090064,0.034552242822689934,0.03472572172896579,0.765982338555717,-0.6409924522075431,-2.6864242259780813,0.13261514107410755,1.4608400264012238,-0.01633676440713965,-0.04613013235768432,0.2374161851513813,0.9701745595744784,89.10066386102885,112.22281926007064,-9.586321808947494
0.020865683156654893,0.05259104891967902,0.8866610928030328,0.45894543395622267,118.05688853631105,37.980667014226356,-0.5998532220197039,0.03233134421161494,0.03125199629688639,0.7653916450096395,-0.6419919210226617,-2.6685774209599082,0.1380648928818547,1.4584341789908286,0.01569110255623678,0.035409464092074794,0.921550503982416,0.3863219224468589,38.858552462916286,119.91145093539185,-11.05414166706924
-0.03258865536577917,0.01887343582278397,0.8990243864963513,-0.4362762031632633,-35.9209387883609,139.32651598671157,6.3507006011989375,0.031170845457817058,0.029814007989585323,0.7645495314985692,-0.6431201421245958,-2.6507008963964513,0.14289440580817261,1.4589346719741134,-0.022183675050458197,-0.053808246884408564,0.24618582386729854,0.9674735641118375,89.02485168572959,111.85357247613838,-8.140806245665754
0.021108329886506703,0.05269167626023501,0.887261954204694,0.45776003569900736,117.59216915984501,37.72072922680559,-0.9410598155990955,0.035600498888855185,0.03480707191105945,0.7659256130736906,-0.6409984613566042,-2.6345030140891783,0.1529822659275919,1.4596807309534516,0.020351978821772237,0.034289012184192114,0.9204848142547318,0.38873868771695763,39.10795306577819,119.27922150436083,-10.704540776024986
-0.010794225223096358,0.023382088948676893,0.9007494858748182,-0.43357482204860565,-32.85798538931908,139.69532336845492,6.541810660501781,0.03969312032664533,0.03987667206914166,0.7666067930756425,-0.6396470370709956,-2.6197573925100524,0.16968610151789804,1.4626408027483122,-0.0061204081232862735,-0.04636172118872424,0.245138881743616,0.9683594684156875,90.18515418447863,110.25688594275056,-10.844764658807373
0.005846364901104064,0.031012478830488622,0.8988498004016356,-0.4371190712977087,-30.843353822979452,139.8458773635251,5.442404645832092,0.03543955642524768,0.0313566049890777,0.7707522546097233,-0.6353752931755914,-2.6110075417931085,0.20025462666809357,1.4863823528055493,-0.0074947300226865365,-0.021350746513210492,0.23511219205396758,0.9717048069206995,92.09374994566492,108.00709876101239,-12.91600854221541
0.04626843993127908,0.035395146633451335,0.895000857521846,0.44224414082753283,116.93078608051735,37.43038973904095,-0.9071885408017992,0.02618334931079025,0.014072178419447334,0.7728173726066455,-0.6339319479334998,-2.5993694720777785,0.22025774090686512,1.5222711444197103,0.026151102601732455,0.040984386803764095,0.9094192577223016,0.4130290710771471,42.81006877245412,117.04582928151042,-12.063421720620397
0.006947268562768547,0.043975397952675764,0.8976803554700161,-0.438392380451173,-28.034211822247926,140.09874358300453,1.7141256024592124,0.017028506976216523,0.006823491537029212,0.7767193156197495,-0.6295796809432409,-2.5847143370211048,0.23886218916782917,1.543441609328803,-0.031122535277059552,0.01480457180245747,0.22535491281145556,0.9736669737253161,94.32082250285549,105.59391383070137,-12.727933181526339
0.002969109521750784,0.04457311666705801,0.8954503744735572,-0.44291426767987374,-27.36845775978486,140.03566958139714,0.9601083876000018,0.01664778581980586,0.007307422865818342,0.7789964072792362,-0.62676474872507,-2.5700685506123886,0.2522372960589756,1.5542850793492913,-0.03369147188477612,0.01210595602424245,0.21692845285813747,0.9755308180121997,95.79960493827403,104.10741347969665,-11.781478982642025
0.03457567239642336,0.04160768801424634,0.9042040343985616,0.42366069838233655,116.16807622975587,36.420219224424955,-0.7119909898283749,0.015567144579820568,0.013672607578370325,0.7838956759097693,-0.6205467694715724,-2.5622088044795617,0.2665779057837189,1.553400155399543,0.007797749366553878,0.044639908007871223,0.8933816552985318,0.44700748505357335,48.083586876855215,113.91073334710279,-11.018705156677676
0.026213092722968553,0.03847460491423232,0.9081909671514165,0.41595882696628234,115.93289714499161,36.123048740428885,-0.2775823531245969,0.01959029822535062,0.01593633238459569,0.7869165593556071,-0.6165424414730123,-2.5449621325718637,0.26846699313215916,1.5440644994156818,0.008507171055252356,0.03318586981693361,0.8875991535870829,0.45934090677472267,50.18308034412889,112.7840108369179,-9.34333533786402
0.01269392234971573,0.042469150557232875,0.9124219658719674,0.4068432029426823,115.66252250390062,35.99513580906728,-0.2048550980414099,0.024999853001735926,0.02271985585396654,0.7925500112083527,-0.608870507771157,-2.5195158490252627,0.2631642363178867,1.5097648506983625,0.004971145007461283,0.02235178546860696,0.8787637291493196,0.4767074508912793,52.43425980872366,111.5387755183529,-7.513844387167787
-0.021488359767202064,0.02738565140662515,0.882868651531795,-0.4683281121542674,-25.750853595000535,139.40745876844306,-0.25911109754368766,0.03599660138900137,0.025302131582943446,0.7969446549020072,-0.6024477270676033,-2.501021910187882,0.2581476308510264,1.4886031099762678,-0.029290223590648718,-0.04425658046064994,0.1601801183766726,0.9856600669423384,102.18150201079192,97.21966148798798,-3.6630636589126384
0.005163308025012651,0.04824373142830026,0.9154123583498883,0.39958240302647036,115.28687428829991,35.46922940525815,-0.2610676485240244,0.04481392335871386,0.033698055597324576,0.8041154148578972,-0.5918230756823114,-2.490629736528841,0.2604210045322847,1.4672421071142907,0.013016708455169008,0.005145579855047373,0.8650605246576479,0.5014722095869154,54.335694206434624,110.06465796454715,-6.898630311959125
-0.025882959687132195,0.02553394195361959,0.8813895954872698,-0.4709888227685771,-23.57941458974892,139.4247575311059,0.409162861845509,0.05108831452352428,0.03943525491633757,0.8053257706418673,-0.5893091276477156,-2.4855309179255047,0.2569496559706329,1.4612200691325632,-0.02512040761150563,-0.06939910255907722,0.14243668414536906,0.9870483882237481,103.99813963117373,94.80132186789174,-3.2914779132895817
-0.020589226171390602,0.022735192784876904,0.8816989164887445,-0.4708144171935175,-21.292753397108754,139.46446724600912,2.3502369014425426,0.04867284649201163,0.0424737017005686,0.8084413961128354,-0.5850208951219997,-2.4830700610259435,0.25760269619833004,1.462932284419764,-0.015892059606185067,-0.0662566470437362,0.13716751180539835,0.9882016863318496,105.26290198389965,92.89407478023216,-4.853346384614767
-0.017148428488015247,0.02213478159008574,0.8815056382774804,-0.47134254266866527,-21.11397348349533,139.39267588704604,2.788056769752174,0.047771269242929335,0.038333450321952456,0.8100911755545399,-0.5830958237802751,-2.481963158714697,0.257456966287817,1.4736918632477578,-0.016655847192752843,-0.06116392101662754,0.13388658688155805,0.9889671073263107,105.39449310497726,92.5734505501422,-5.444775878104789
0.015956881507802372,0.045660192600305835,0.9205206785696025,0.38768828337984024,114.46194391561357,34.655397063472265,-0.8576501301006725,0.041940745689472536,0.03332140600250212,0.812640223704971,-0.5802986511872675,-2.4820679127462566,0.25774827907674663,1.4781569905244845,0.019087426651346707,0.013774746948166926,0.8506113182962448,0.5252678475565282,57.11504488839964,107.43778715217552,-7.71684382055809
0.014275776407858452,0.04642983429418044,0.9202536336458067,0.388295921247001,114.1715168754942,33.8406451899275,-0.9419791989025015,0.04031066068072374,0.027717836641378103,0.812987442761365,-0.5802225349637341,-2.48654263233883,0.2563406464893155,1.4812784800413594,0.011696159936409387,0.012212354054911986,0.8511075278301182,0.5247190051085284,57.36293613442708,106.76256210188122,-7.357270489636706
-0.018853687865988674,0.017878064549871203,0.8837024611001201,-0.46732737294897825,-18.995076744464313,139.15426070741478,3.7296817837367513,0.03924873153850491,0.02743110118738418,0.8132191045699514,-0.5799842754098704,-2.495655849207676,0.24990595303515728,1.476330242602216,-0.019574701111940738,-0.05246668796116526,0.1337128525840297,0.9894366835652525,105.57914275035914,91.64933774189917,-5.017146634082369
-0.021722995761381727,0.017728284045333845,0.8847254480178675,-0.4652684182593339,-17.92991238943182,139.04888775480129,3.835908881961309,0.041197473942521226,0.028932990131292902,0.8148435273470627,-0.5774908450905648,-2.5063924143024097,0.23879790022366257,1.472611705241235,-0.02056073956656189,-0.05737298090030523,0.13315875929333218,0.9892190565666179,105.70553770897703,91.18901966358138,-4.755331519003023
0.01203220971536993,0.04938922085317076,0.9181714750656643,0.3929084793798986,113.67451270176736,32.987083805990096,-0.7834896787864674,0.04060283002002403,0.03261601775262864,0.8134637357665422,-0.5792791694624162,-2.5212072221615207,0.22051112975475048,1.4678543513009077,0.012693961681285098,0.013932662708099114,0.8531073083242862,0.5213949220412372,56.56802452936992,106.41419701582781,-7.499295823617515
-0.021916535372042616,0.019112954479347334,0.8910138010288922,-0.45304389061591194,-15.050659614477581,139.03666611350963,3.4340979594601215,0.038969763453021236,0.035764214652555415,0.8118983779023715,-0.5813977145175233,-2.5436376954958027,0.19809820316536023,1.4646730535908337,-0.014048604726903915,-0.057607127476320914,0.1517364426025654,0.9866408199316874,104.88769577230475,91.72495357239936,-4.642880448025333
-0.021808072906136095,0.01959118165711517,0.8945117489344329,-0.44608219486509504,-13.838076512908856,138.98252229436687,2.7847599178258307,0.04071941436073669,0.03438972124665115,0.8120642182009914,-0.5811290578557476,-2.556863770229027,0.17881647357868236,1.4650445675095087,-0.0159847985115603,-0.05808918762622487,0.15912709606453962,0.9854180330172251,104.1387379957021,92.37766242281201,-4.1190888670783385
-0.019564276941263097,0.02034131472870085,0.8962326802096418,-0.4426855011259295,-13.01229555349687,138.91088263758525,2.346685234838766,0.039679842971147905,0.035132849257372464,0.8095844516953259,-0.5846060284824491,-2.5799335902464606,0.1505317123836391,1.4595055572313356,-0.01398388989110446,-0.05506245419846192,0.16704621803790176,0.9843109965861346,103.89619084727232,92.48170825700561,-4.095292186278461
-0.016342425132195734,0.022119832392107245,0.8983255447964479,-0.4384687602576822,-12.116671367371964,138.88863754906322,1.9244763365784152,0.03893882514489495,0.036707767214749984,0.8097480160722653,-0.5843324894180311,-2.6044224442793786,0.13051948452769072,1.4578983844177649,-0.01155883376170488,-0.05138286009591579,0.17133280739362125,0.9838044847229825,103.56558147077082,92.72989864610429,-4.455573484552756
0.015756261733637995,0.04042771324701798,0.9110441616773495,0.41001936014219337,112.93411278231983,31.029617578716625,-0.1932482630894814,0.03845707065150388,0.03451147441698192,0.8068664476661834,-0.5884696657271514,-2.62483765155015,0.10857775734299312,1.462478170474536,0.02386193748055628,0.015617964799853567,0.8679636774781274,0.49580817025723767,53.49939005739091,106.75257710143832,-7.377377903023101
-0.009446875094053642,0.028943450102462274,0.9078685876418952,-0.4181478934781738,-9.948891076023074,138.62576017916155,1.3380171844140705,0.03666857677491174,0.03383350085870502,0.803308084841821,-0.5934701597592856,-2.6542029781728065,0.08935345868049469,1.4672547951451291,-0.013473461437516477,-0.03784933330378795,0.2042722682364985,0.9780893283513866,100.51750846458764,95.4010545822859,-6.358808102683101
0.016304581846956656,0.04344950156756829,0.9032549311421061,0.42658742455889986,112.45042374351632,30.27886999930479,-0.2129294006059208,0.03262213731523185,0.03215827510690526,0.8013598896724314,-0.5964259960157029,-2.6736467904838563,0.07200546172183485,1.4595780260817086,0.017869102793430163,0.023232459520588312,0.8814678618205706,0.4713335937183488,49.82905002897345,107.80891109019284,-7.944055976553332
0.007102466974178643,0.04760497852393154,0.9001230726505891,0.4329685612890141,112.25940298288324,30.038987925237052,-0.257829909105614,0.03059493875418307,0.03379188578241429,0.7983420488859312,-0.6004765034191675,-2.7057677727135165,0.045761249417211824,1.4452595596087758,0.009923311118587302,0.02134748297718818,0.8873762292843776,0.46044461183515006,48.403489431354714,108.30040478900463,-6.899940611016831
-0.03228872724232907,0.015426211433739902,0.9180956607737462,-0.3947402028705596,-7.431550672403546,138.29909203981617,2.9616568544713644,0.03412667597092096,0.03642425660192582,0.7931073370777793,-0.6070332737104011,-2.741649952406241,0.012570275635907374,1.432262163492314,-0.011865192336187089,-0.061953874419210124,0.24594580160807136,0.9672288236640993,97.2238796116652,98.43749006371179,-2.252576687352008
-0.033685958552051594,0.015130249368290976,0.9183316095024582,-0.3940855068879182,-7.093369065500383,138.2335114248696,2.950454211660748,0.03903842178116965,0.043728895613216245,0.7906605789723482,-0.6094420679378763,-2.766880552983583,-0.02391235125310398,1.4010152258685689,-0.0077193811114475794,-0.07049628972869718,0.25014575092893115,0.965607470757111,97.3165353092061,98.29334712226657,-2.0357701598322997
-0.039356557035826224,0.012842487408614142,0.9213662008745988,-0.38648474202916966,-6.603497871886475,138.17162642361254,3.555333570523576,0.04773050026052272,0.04822288980607733,0.78604199877961,-0.6144382217914073,-2.8050376624162414,-0.06464313720023146,1.3830929869637658,-0.008293076697185662,-0.0856596724482819,0.26484023622335046,0.9604443214846489,96.07398321384731,99.47773046277568,-1.544034522355486
-0.03715015706111299,0.017682751714645173,0.9290503059958285,-0.3676584217057868,-6.251885116322683,137.89724446008418,3.5412515487964775,0.049692864724751346,0.05455646625366036,0.7820966833584588,-0.6187721624839463,-2.8427763327064914,-0.09442041905809734,1.3737954187555061,-0.004401403037725224,-0.08433873556160995,0.29023152255144946,0.9532225703646738,92.09317153921191,102.79397232733375,-3.2041338780283732
0.011914168912719392,0.05207558640713059,0.8784743150019043,0.4747937065309603,111.42122852172926,27.867480806452704,-0.4359224400754198,0.05082178585956012,0.057234052959181506,0.7749741565960251,-0.6273407892622559,-2.874806781019938,-0.11531414375852853,1.3786101878137977,0.04152552002288275,0.02443104710674995,0.9210203005222249,0.38652342897946995,39.302905265894225,110.60387251843923,-8.483987823866888
-0.018554498651162182,0.023222066196222118,0.9366469403228055,-0.3490114258950686,-4.507953077867796,137.7309169299769,4.381738736258917,0.04399169016680875,0.05529687222763716,0.7703262867617853,-0.6337226515139787,-2.914686972039986,-0.12524657271496303,1.392842404284117,0.006793069562186292,-0.06008059090324864,0.3267692904889381,0.9431680696440035,89.10070909048322,104.99481872421556,-7.276365472568315
-0.002989986163529821,0.028307574718620436,0.9438447434796204,-0.32916081389220847,-1.6782830509419,137.6538554159876,4.561562779418686,0.03622994785290925,0.04431306343531379,0.765400806093341,-0.6410033925957157,-2.953236013549612,-0.12982579426374694,1.4162565317400095,0.0063159410855475814,-0.03292485625291536,0.35422580776906626,0.9345587942121572,86.59347791362651,106.73976660808374,-10.200640743150148
0.0429345611149374,0.035274521952430124,0.8641344067055818,0.5001840248453439,110.96930261507781,27.16214512023862,-0.29675307601088097,0.022660682529395237,0.03242235802325476,0.7586396578737896,-0.6503085065325943,-2.991537417644757,-0.13556582576352716,1.4338004774868707,0.040511845559350966,0.05214645252269926,0.9408206979820435,0.33240931411026037,32.90541029615819,111.91924418711659,-11.249429020303692
0.04284931109761272,0.034295267603333325,0.8600824732156395,0.5071941545658275,110.68256833741654,26.654219849108813,-0.1598270719344912,0.015159993487680748,0.020368885547685574,0.7531706748284531,-0.657334935689144,-3.033436071856584,-0.14103490995882448,1.4506357341644944,0.02754414084915583,0.052108457071791445,0.9470131442019338,0.31574061144434123,31.3986719084922,111.98946612956249,-11.15310742624833
0.04159174820984838,0.03458243311210665,0.8592364939361615,0.5087109486625857,110.65933590241644,26.711672904583565,-0.15898965135826248,0.009208876004407639,0.019871969013556628,0.7518098727518732,-0.6590160974385009,-3.06874142083382,-0.14383602026186115,1.4524159537807224,0.02316959398457074,0.05625595291620242,0.948196549998867,0.31180400934934466,30.975924187749605,112.15013263329459,-10.987740000980004
0.03573518962545987,0.0364970413993943,0.8573414423635913,0.5122075881880707,110.47844656918902,26.579947031233587,-0.11609024051607886,0.010512878686810785,0.018843422541977344,0.7461628354178867,-0.6654137268269724,-3.1026162593572724,-0.1627553304120105,1.455191279785266,0.018085973110900364,0.051588520187549385,0.9523873463422664,0.2999497702760022,30.17385593483003,112.25403728962549,-10.337718253332712
0.02951438788859749,0.03916227539669999,0.8555776866342432,0.5153465234450615,110.25458792451688,26.408912543723545,0.019547794036022026,0.0152813558923947,0.02324243229459325,0.7432624199004709,-0.6684214573656484,-3.141243064153537,-0.1774310257125652,1.4454870751891784,0.0183811026726249,0.04701736011475344,0.9548366547983378,0.292811313930828,29.474632109146285,112.25662879269522,-9.85782972901485
0.0293460019423303,0.04150439780032094,0.8534565081875483,0.5186792706148481,110.0035193214447,26.518087965039967,0.012839164597234998,0.019972179851576486,0.0311546843215105,0.7417046677495911,-0.6697049227199035,-3.1778628613151536,-0.1829073567476245,1.4273662962383031,0.02581748015501852,0.04867566820491175,0.9561855288114145,0.28752977504057914,28.393917475843296,112.31397923177053,-10.213952735383193
0.0028717919092648395,0.045665099708691266,0.9569666545117383,-0.2865680959779655,2.8256218280016583,136.51837406026183,-0.1882351346057476,0.023498339348507383,0.034173398853343036,0.7393746699509104,-0.6720157024159891,-3.2084260385965164,-0.1836803613756261,1.4173638673994902,-0.005864799960058764,0.0005308612162919656,0.4321903422572149,0.9017631786491334,80.03517368782431,110.506227143515,-10.449119588445003
0.03539632630260641,0.03939002891139312,0.8517162722701574,0.5213203595265258,109.53939099331748,25.941933711640786,-0.2932155166402919,0.02079842528685087,0.03584286868088897,0.7387187664220174,-0.672738655353061,-3.236368184967373,-0.17974400149105302,1.4058207576176875,0.03608492044298393,0.05361838551907851,0.9576421373473755,0.2806144757985618,27.956804837181853,111.85312912488051,-10.530678863065525
-0.0007060919962814953,0.045608399938069956,0.9591643385330471,-0.2791471779825908,5.22606021455681,136.02883972756467,-0.6623658173493858,0.015400913019338306,0.03073194237695109,0.7373384699189456,-0.6746483086568132,-3.2666730664522845,-0.18246507447150284,1.3996217564030826,-0.00892732982271487,0.006898259549154086,0.4419967561983161,0.896945697524435,80.1682619087221,110.05054640873807,-9.582530192104644
0.020556624248164925,0.052012856900579434,0.8526014601754491,0.5195602352213377,109.14511353369608,25.774159783424693,-0.6069862513644066,0.017021120371353553,0.029401771985706728,0.737040156249284,-0.6749945372678474,-3.296033128945314,-0.18538399804773198,1.3875795238673696,0.009451535925834715,0.05102321130979047,0.9587190009526901,0.27958035980475265,28.54835067488475,111.40082866585084,-9.784411841756448
0.01771728719212956,0.057643477404811905,0.8525405195394659,0.5191704823953404,108.93891902971119,25.621476132897214,-0.8797531607031812,0.019413051966862518,0.03888639680600459,0.7367055054409102,-0.674815515389081,-3.32564788833586,-0.18717884559017423,1.3665839789629646,0.012720545621380443,0.05558939190838096,0.958213397088491,0.28031249145638293,28.709111021401775,111.13682777312195,-9.942743310000848
0.027118953290897658,0.05108096170484041,0.8522686855447278,0.5198974758195856,108.6811610565426,25.107256970280787,-0.9776711033079141,0.02779315901614758,0.04587910881972971,0.7389547692185257,-0.6716163314981299,-3.3557981921850786,-0.1827210695425713,1.3604215722036177,0.03401793264054319,0.054511681746526486,0.9567537951800894,0.28371364475563104,28.808705490884428,110.7311155976969,-10.29603956597226
0.0003521833977658899,0.04083603643256548,0.9614756123166897,-0.2718399179950934,8.188433271922122,135.07864099255724,0.9099801969462362,0.029939518910574787,0.046080850396425344,0.7409083294639042,-0.6693541870827078,-3.3757251778546378,-0.1671934981540696,1.3638697292832163,0.006146833382250035,-0.013718024287017088,0.4433656497332784,0.896214780555208,80.5592562847119,108.79649379257413,-9.944882540506981
0.03427250874174026,0.04203892940662356,0.8519544680286091,0.5207991051883462,108.34739445091093,24.79549452363449,-0.9108536637655213,0.02131670623317719,0.04270352986919675,0.7406675923488639,-0.6701742491443672,-3.403483967731853,-0.14588609030302496,1.364418392000153,0.03931486478821868,0.05763704150867003,0.9561295396613299,0.28451470302925524,28.696121865946235,110.41270976128355,-10.053570023660713
0.0006674791833121196,0.03765706899650385,0.9616950109699278,-0.2715220166058046,9.048221174813762,134.68085744978862,1.112983160530149,0.013369515305472653,0.03832420520835908,0.7392403790672699,-0.672217355705819,-3.4241641888079837,-0.12665016162945236,1.3590351917609202,0.005837144323539457,0.0025439012576050765,0.44622591494001324,0.8948976975881019,81.0341533123038,108.05151844708699,-9.328472806422283
0.025948812648322276,0.04656355169479767,0.8538996994841882,0.5177004906280476,107.91610281575261,24.79816826913884,-0.6291127473096441,0.014266163637185037,0.033541618827190284,0.7389470968180964,-0.6727768013878268,-3.4384848328478634,-0.1098891015235505,1.3537255242201618,0.019076535982041825,0.05568431682354796,0.956831101161037,0.2846218306556583,29.42565342534649,109.84227482327312,-9.643274450156186
0.02084746718644501,0.05078953565741306,0.8553109441807853,0.5151980152758627,107.72251522678161,25.28468243414477,-0.3451021357456483,0.019754339796676033,0.03201797351161604,0.7409238352317937,-0.6705344777241635,-3.451139285140087,-0.10053424476057214,1.3483997926868443,0.013910487784110295,0.049102013491722746,0.9555737867233566,0.29030023893867524,29.605385750159858,109.70473179099115,-9.759692075247058
0.014336971889540338,0.0606274870961125,0.8559421120475232,0.513304841073094,107.28738936623705,25.44385547474667,-0.3213893713637481,0.022975900138598085,0.03981451652187841,0.7425133649260648,-0.6682520596250511,-3.468599633214732,-0.09748317199210448,1.3391113761637747,0.010436553674267714,0.05193077994726162,0.9539429355586003,0.29527469945681667,29.79542520526082,109.22178505594296,-10.239172226196596
0.013465249355158991,0.06230904212524309,0.8560711758999447,0.5129117001224713,106.99345382434201,25.611950970501766,-0.5610415183691302,-0.11573520545434639,0.029292666078914596,-0.6623755233103105,0.7395985181514508,-3.008327132985258,-0.17682858543688842,1.4194529894179402,0.002972227983134783,-0.059099397774586566,0.9804949117534305,0.18742506521041918,29.312364735602618,108.67477355975582,-9.997709167943741
-0.021578149610777628,0.03833748019927722,0.9620788401977685,-0.26920053178822195,10.5966322775339,133.65905352003062,1.151392361617475,0.027103992662405867,0.05187322531410496,0.7430222263103108,-0.6667027173231993,-3.4896842329800926,-0.08693400675960371,1.323501978697338,-0.0002620876598985079,-0.030513820204778067,0.4435570255844376,0.8957265225174789,81.52756601656984,106.7094927196394,-7.2652086688597715
0.018319774858388913,0.05395456028851557,0.8569600539225749,0.5122233470413354,106.57461861993792,25.46654721338291,-0.9465601551350045,0.029536825230995524,0.050204515236695176,0.7447845811775683,-0.6647578583554138,-3.494522228084927,-0.06941246384270373,1.3173729773773428,0.030146405278504585,0.04991504927954634,0.9518408921389102,0.30099601020014843,29.714167159629223,108.65244269592607,-9.172860137677013
-0.007837076782454825,0.034372109709043995,0.9622193858469572,-0.26998331763640454,11.409928927932697,133.12067426675793,1.1137115692168642,-0.12431837700831272,0.0028131660102992187,-0.6946200198205851,0.7085478496893965,-3.1584746138932664,-0.07132642357031921,1.402798252077867,-0.06569927016802375,-0.09995155048823967,0.4984936972188423,0.8586019609152281,81.71764981221061,105.91923129182973,-7.468142505127382
-0.0036077628631372757,0.03769644702587272,0.963129861259777,-0.26635846575333755,11.987472185738852,132.83962820293803,1.1178267396292512,0.030788164000572854,0.04135364422038428,0.7469577926374583,-0.6628695354934812,-3.528179084587059,-0.021034741133582252,1.3346284682055405,0.0010791105400309593,-0.018374913604979476,0.4407807106589014,0.8974260767224707,81.52022213528542,105.69065846317147,-8.7564999803032
-0.0018912229403791237,0.04144429952957596,0.9639825138579728,-0.2627099280353826,12.415632717947801,132.67155516430904,1.1279846820828503,0.027848741667758595,0.033852683873522575,0.7485610789100788,-0.6616152617065756,-3.5235432756948732,-0.0006693330471155556,1.3554573819074855,-0.006957597149351532,-0.00973465095008846,0.44234931057968546,0.896763021005251,80.96174305949977,105.85109278059932,-9.837202152179993
0.04167645330055491,0.03978421495630592,0.852825827576989,0.5190071264426154,105.57933990635559,24.974376169734796,-0.10360482169480889,0.023218162414034134,0.03551857267501131,0.7475817613979964,-0.6628128378013772,-3.5250571361579186,0.02342770995652073,1.373509442624546,0.04022328268047141,0.05615938854597452,0.952707596919673,0.295933177220958,27.820380817017163,107.81646300713389,-11.407798448002952
-0.0008777256222266972,0.04543364997777491,0.9676723461715745,-0.2480831382868046,14.686294541225834,132.1358098202566,1.769221131716396,-0.1071262245925618,0.05215881036168936,0.7093675572362816,-0.6946949684910838,-3.5312344907195468,-0.0883474196716535,1.242556706816468,0.04420993951141494,0.12166326168333572,0.49143362596803436,0.8612412689095196,79.4589710396682,106.61094051002279,-11.651728718995061
-0.004535264194923429,0.042058164303192556,0.968829789643638,-0.24408887908545124,15.764105975142229,131.67434272330894,2.278447397938862,0.016318467756536746,0.03413940716783323,0.7425530678026294,-0.6687175412573019,-3.4953557548872007,0.0677074508518214,1.4040469566373575,-0.005171111488978897,0.0006144905692805155,0.46746568487496065,0.8839958797820796,79.24849960090164,106.28413181143151,-10.740415545774601
0.02966764430539004,0.045916523418343035,0.8543712609804494,0.5167796940372353,104.64197695345369,25.679967790215642,0.08710045652581933,0.018669067033299014,0.03544473153427709,0.7428452261691587,-0.6682635010983771,-3.4659079599122853,0.07997567221801866,1.3992763312994754,0.025647688354743493,0.05508960781669861,0.9546381157633231,0.2915019710473882,27.503320178830492,107.13112381918165,-10.530236027239521
-0.006289475938470569,0.03380901383439776,0.9694749889268698,-0.24276663469515505,16.92259206777885,130.98866852424686,3.0247017686734594,0.021988808084927015,0.035150788506862596,0.7428476169800976,-0.6681753754317353,-3.4467629808113287,0.08302326044880758,1.3965478389990371,-0.0005777569470599506,-0.01193280980851292,0.46840519858759216,0.8834329879414184,79.63448727703918,105.48521789414322,-9.223161832787884
-0.0029587930101088494,0.031765677105520355,0.9695566745372927,-0.24277982239497933,17.71564967124573,130.5916961645451,3.103466855575846,0.024030676596471047,0.037303564679038906,0.7460514610669732,-0.6644081487191341,-3.4169166508866877,0.09476689351761598,1.391924440313703,0.0046690807198286445,-0.013457692824930192,0.46392883823206327,0.8857579371621287,80.08398465086903,104.79740870613516,-9.111630857577861
-0.0021166499008866426,0.03147543019814189,0.9693689175440315,-0.24357487306073172,18.23416913034066,130.32044643694616,3.014900600553773,0.0273984702359033,0.033174852498652534,0.7457001542714616,-0.6648909932537388,-3.3762435181808965,0.1089050007499531,1.4025228658969224,0.0006065173370473596,-0.015290442031206298,0.46382344018281263,0.885795490424393,80.53473908362518,104.20075905548528,-9.000712915206481
0.028036023123852342,0.04523365022074607,0.8609484921146062,0.5059007730975431,103.49551357732572,25.55793402444806,-0.44161456983094793,0.027377510172218275,0.03123834781382298,0.7476380001713782,-0.6628061996257844,-3.344699588739189,0.13899390074876394,1.4190482741415935,0.02550896615592456,0.04317481826776958,0.9492352260932188,0.31054422109734525,29.781356774788545,105.29989199822013,-9.456176099104583
0.032566611218487425,0.04491788329936438,0.8655510797118813,0.49773801141086776,103.13984482140725,25.746671808748715,-0.6264129200029491,0.028143200951218233,0.027802514143641866,0.7499215749267965,-0.6603427987847109,-3.3044576454089714,0.1667329081474401,1.4368616147810753,0.025892674424642045,0.04356259528058749,0.9451835952332267,0.32258307613008935,31.385470690934522,104.43428960434676,-9.869715697798267
0.007118168107283593,0.039766919830801536,0.965504482911502,-0.25723339061591516,19.790249218116287,129.36373051290175,2.17094870450633,0.027663862144646927,0.026761289911597607,0.7554699929512514,-0.6540517057876581,-3.258989617303929,0.20485665505259543,1.4607697820720746,-0.006664988330473415,-0.002206296097425992,0.438067361426225,0.8989147329091621,84.05499348793197,100.14373598230159,-10.944253034021482
0.04730329447073377,0.03712803164588234,0.8727014191826407,0.4845370373407199,102.63833263213823,25.54329102953443,-0.7634565942818199,0.02225276438552683,0.025586009649779418,0.7588574604633985,-0.6503733737526816,-3.211598648823743,0.23884874570334602,1.485530414170384,0.03570115486833622,0.05302089136903118,0.9348922107209244,0.34912858226281485,34.289758416026764,102.74854333317124,-10.794906425081157
0.01779281721226507,0.04232991414792654,0.9618227618219514,-0.2697935671306376,21.632059634156803,128.52410460381412,1.6215838288782614,0.01858621042812788,0.016451132877351227,0.7636261989537655,-0.6451813243425426,-3.1594682082436694,0.2776769114053819,1.5278353851230067,-0.010036004021677808,0.018582481377639876,0.41502268777647877,0.9095659067049039,87.52647147033356,96.20652700493025,-12.04972244485125
0.044465995961949514,0.03262449326882209,0.883260068157033,0.46562868215059317,102.08238956893896,25.44651980568665,-0.664324134322384,0.011806423637798092,0.010784275885911816,0.7674573152907872,-0.6409005983467002,-3.1016696221879814,0.3099742992889555,1.5494604892343058,0.018483107134677098,0.04962813676112793,0.9233376895237759,0.380319515535506,38.516016178432785,100.61575635907177,-9.665357743601879
0.026705162209865328,0.036714392408234015,0.8909468480711036,0.451832492870538,101.57541220862007,25.172881081278774,-0.2951176397123092,0.013958965779953666,0.007992848498633338,0.7738293544875976,-0.6331898544516801,-3.0416802764118627,0.33990183806361474,1.559855579183791,0.0019270806783232783,0.035087151317890176,0.9140787959804393,0.40401130295006005,41.73673643755652,98.81661954991617,-7.627211549942221
-0.01820396130764462,0.026345814129569805,0.9532174937803735,-0.3005843033520274,23.0149815454713,127.43773572305892,1.6017807430636921,0.023303190015668003,0.01177591985150793,0.7803295244424266,-0.6248232728781802,-2.9914089194561226,0.3583089122077052,1.5489042267177218,-0.027712235623292593,-0.023496275707802352,0.3618659776411612,0.9315218576342847,94.23480121174406,89.05842103935963,-3.7303809556081435
0.0010751411322526988,0.05234987292437492,0.902313609205753,0.4278884031128152,100.76875801404132,25.862371819534474,-0.37397882923198145,0.037433773484721045,0.022497003112139334,0.7893512190984017,-0.6123865203950313,-2.9391882121773185,0.37203326079345445,1.5237459419240535,-0.004347204442296305,0.008756223964014608,0.892254389913369,0.4514272189797051,45.964934158402954,96.26710870946933,-5.344664455272215
-0.028579914156744837,0.023451642219160688,0.9472934830847914,-0.3182267523152344,23.35199634267292,126.89143405067149,1.6159205872185254,0.048131130723122036,0.03521503145375309,0.7952743461347738,-0.6033092160699463,-2.8938760206606653,0.3797551884686243,1.5003698468033129,-0.017850658649394627,-0.0653809522205209,0.3205685129312614,0.9447976045638349,97.33630428050563,84.95337784387387,-1.6221955948621705
0.011829687006315311,0.04889999895354658,0.9105359248935594,0.41035737849575216,100.16658105888925,26.12348623364187,-0.4775551870972272,0.05696563648298488,0.03886529320583795,0.7984965196829094,-0.5980365484637153,-2.8576163693229057,0.3882433220267695,1.4991279543875864,0.026792621156694698,0.0027693518297707198,0.8745285556409939,0.4842254552483519,49.00000079200913,94.00989034221195,-6.429284557187185
-0.0020151881234078154,0.033115990380677654,0.9460032501216046,-0.32245483553095433,25.68854319830257,126.02031799147171,0.6802290634602457,0.056751351517910324,0.04057250871150124,0.8067272537251898,-0.5867915249343322,-2.812396246086738,0.41088712004554695,1.504547615286799,-0.007816089899357772,-0.048963289293730075,0.2969347242620461,0.9536096028080078,99.23767993126879,81.88139402801298,-6.167038837201632
0.02515453654865053,0.042622681211947976,0.9127018519669741,0.40561790610546666,99.93033051569697,26.124094006357154,-0.4729714061496457,0.050109944232596605,0.03268672727075846,0.8087076109738454,-0.5851602953911934,-2.788752265807629,0.4276669033998074,1.5313695808421106,0.03040887651047085,0.012806648855714375,0.8634167738186356,0.5034111288629567,49.73076716846247,93.1790883284551,-7.748678031604397
0.016621063279182995,0.03891219000185217,0.9440170539046818,-0.3271717953336661,27.752737670394026,125.14650622777609,-0.18561062468747735,0.0402459544523103,0.021028831607025893,0.8120500927086444,-0.5818184410306602,-2.7647955234994157,0.4482670235886407,1.5643083872553067,-0.015243971885491318,-0.008735942243548728,0.284783180562448,0.9584309284987665,100.9331017974548,78.84389296693288,-8.954463288045886
0.033399109377365496,0.0361682042492328,0.9190335004707554,0.3910930650198934,99.29973325340798,25.88317327709956,-0.4873668905715771,0.031002812343871897,0.015797503311579423,0.8160516619772636,-0.5769306279788216,-2.7474314853887076,0.4583605191279389,1.581395032533139,0.016397265629637912,0.02580761434329666,0.8499644137655944,0.5259520815187331,52.332786232286296,90.88282488542279,-8.118887664632489
0.004271644016825809,0.03386837143377555,0.9435015066446362,-0.32960520844355407,29.321246027605866,124.47642361100696,0.23868171549965211,0.026945355148773647,0.013767778289601055,0.8201588838047538,-0.571335104324087,-2.7347563849138696,0.4588938800497984,1.5880582592828731,-0.021228315372430855,-0.00710729829763714,0.26958067612428593,0.9627175619036612,102.22953935055438,76.92200793249246,-6.471612481001229
-0.0021123734220377757,0.030485582753349227,0.943712523982984,-0.329352150745035,30.009498644194764,124.14525129298832,0.3608418740614354,0.03064184127387155,0.008975164044579435,0.8225286879960346,-0.5678266297182987,-2.72955547049959,0.4419506186878388,1.5928976534236994,-0.027896709878515287,-0.016300040978976884,0.265916602761077,0.9634544320402731,102.56930002361308,76.36179787950853,-4.927955028190076
0.00954900298900116,0.04089439939500384,0.925043786075567,0.37753206285429375,98.5159407040073,25.817520407643087,-0.3754804565608336,0.038608247320729996,0.015883881206350287,0.8223536339832126,-0.5674430422793537,-2.724098568094258,0.4123751088477088,1.5789167764251943,0.00105799421765194,0.0013402548764656376,0.8368017099024971,0.5475034088198525,54.57167101196885,88.87391234747022,-4.706065769780106
0.008602006244976427,0.03737511907291677,0.9262944511150932,0.3748435617644178,98.10505382860963,25.45205949068736,-0.20607101941916106,0.04707776104994516,0.023000062860117278,0.826499675648355,-0.5604935036877045,-2.710230138279434,0.3948298621459508,1.5560354928126958,0.012882471062386604,-0.006928376536872191,0.8305517948097138,0.5567492754160112,55.031795762127814,88.02356691429556,-4.247867726561723
0.011205092605090084,0.03717742385466946,0.9263405825333374,0.3746804107596748,97.91686518067462,25.279206321172524,-0.1871478399667481,0.051316020695199034,0.025624632664195096,0.8273526247045749,-0.5587465244771422,-2.7114018592694067,0.3740706770129435,1.5444940506571525,0.018466212205605775,-0.007891745467207816,0.8292030733099854,0.5585865936213769,55.028241053785855,87.74608155552531,-4.672296087704735
-0.010870689983781224,0.026890961583929413,0.9440541480170129,-0.32851251101935214,32.69507869634231,122.67264459412357,0.41717946190421173,0.05275947121941094,0.028805397873729703,0.8266884496963012,-0.5594398040796796,-2.7115232166125747,0.3526905393153406,1.5359015530320983,-0.018450235039765853,-0.05321353080807311,0.25829585663071364,0.9644227078482346,103.6954123907334,73.86533308026068,-2.8677824478030542
0.023957307940045674,0.03503744920798953,0.9245367040402263,0.3787219394644287,97.44221074667914,25.031560989294803,-0.4413236724078722,0.04948478840446897,0.029298768462255327,0.8283200263410263,-0.5572959463746004,-2.7129212285345297,0.3354238221452397,1.5332427968831384,0.030157851615209855,0.004716129603226062,0.8299754254512273,0.5569641418031998,54.00888255780273,87.68387221876628,-6.279149804975528
-0.0017601390427897812,0.029359903307768123,0.9465410200331292,-0.32123977864354186,33.519480074856574,122.14105182575281,0.24220072057904218,0.04359928691123404,0.02912255539871312,0.8266023783930138,-0.5603387252215338,-2.7238747560055607,0.31506649617763516,1.5353981123721439,-0.01169537195435138,-0.03562728108246357,0.26617735406884147,0.963194441064955,102.88197369636183,74.50858819727691,-4.538017584970781
0.014268880651377932,0.040191878179044356,0.9232906647583741,0.3817268137600992,96.95375378351288,24.91166157970133,-0.8132584040182507,0.03864056666540134,0.026595137022067825,0.8260602855952212,-0.5616262189899043,-2.7434508713569974,0.29081182268579575,1.5326960098354259,0.014118045257775273,0.008835370635609427,0.8350471599830523,0.5499262292599522,53.208386641492964,87.72687247433106,-4.907728369242855
0.0047668734074453566,0.04560844008287544,0.9217077221863447,0.38516492827512766,96.65694839568995,24.997324860669778,-0.91208436218675,0.04237529482193705,0.028952585895060466,0.8238186287214957,-0.564525419383554,-2.7662536884990003,0.26234307364527676,1.519930964332746,0.008125238029754909,0.0017680470813736025,0.839428139242636,0.5434070790522731,52.28228143903792,88.0556408071239,-3.9337392900830555
-0.0006239639376057469,0.050176086646206625,0.9199536426255613,0.3888023487812773,96.25703978255024,24.89745797239584,-0.8998289116378446,0.04903121344511007,0.031894631894184684,0.8217975628798501,-0.5667692989296201,-2.789214842668222,0.22599754560555124,1.504189998854457,0.006816804418136591,-0.004780242208954071,0.8433983992633507,0.5372241809356373,51.35707862809551,88.16892704840298,-3.648506505038182
0.00102598988652408,0.05164702299756583,0.9175774703543157,0.39418665408460574,96.13494200381609,25.128991375167743,-0.868663201747494,0.05576907008876681,0.039565010292882216,0.818940587530635,-0.569790079658234,-2.8195646923916167,0.18965835278536225,1.4895635635647786,0.016576140700122498,-0.005308257121524761,0.8484817031635754,0.5289384211441441,50.06740210662074,88.85397252020867,-4.213404115403465
0.014111164036992726,0.047690912058993146,0.91285018443547,0.4052542322205051,95.81257499516926,24.86835354934783,-0.7654807564200461,0.055013449876124144,0.04545582299446293,0.8145314379459173,-0.5757133184896625,-2.849811278995287,0.15417567144390376,1.483657869279489,0.03306702769463659,0.007152406759144865,0.8576145284948742,0.5131790479662128,47.86864473325001,89.57046541235387,-5.986673138477016
-0.0035758077973192027,0.03462859325222681,0.9602856367517099,-0.2768385269003063,36.92229155317068,120.22102912901721,-0.37969619086883455,0.051524616604874354,0.042039248799772694,0.8107334478822789,-0.5816263335931272,-2.8717102313366256,0.1291375836863825,1.488809876606465,-0.004048654939222535,-0.04387455822822858,0.33601970995004116,0.9408237805553976,97.59755971153737,80.37612024319199,-4.848911309758488
0.008989061745996443,0.03729991929528935,0.9644235235473496,-0.2615629561272129,37.86148461766925,119.77129129521393,-0.1880349166054387,0.040978705423217,0.03634096408562393,0.8072302864794197,-0.5876898370922526,-2.904071248532463,0.10757020969601068,1.49702081640796,-0.0004972750014765762,-0.01984925108681183,0.35684219466954104,0.9339536434172153,95.53498845340737,82.47625907263502,-7.4032947075822735
0.036839212609709446,0.03160591690229368,0.9048107024071664,0.4230384512553347,95.19867967384602,24.671016184484643,-0.22923272988063026,0.03026202827228285,0.026321331976389545,0.8001330202788922,-0.5984801976567095,-2.943672856600407,0.0786072733958752,1.5115697372831036,0.03337642594046145,0.0321453143018689,0.8799851237216025,0.4727355232987581,43.93433098194846,90.79820938618589,-8.07453174625386
0.04181014748413238,0.027566983814560853,0.8993590367359507,0.4343331624595404,94.81318937451206,24.400190412996153,-0.027119836516700246,0.024111853110571776,0.021681947045198442,0.7957392782860692,-0.6047706281762278,-2.9731670209193024,0.06112657478888868,1.518325631872209,0.033321849776401194,0.03767365434349224,0.8892800524947643,0.45458919733182784,41.55899592868155,91.42141647740664,-8.48082507630046
0.03975509474850401,0.029333469335173067,0.8975518940101729,0.4381320321285028,94.6111883935478,24.279021207686583,-0.008066482106961814,0.019719601130251535,0.016976844533709314,0.7914784194957346,-0.6106429689708022,-3.0106045150486316,0.04203287524105283,1.5311245592024338,0.024936749022720337,0.03911631041459451,0.8947593299353485,0.4441326539462881,40.78586445075959,91.57601847683212,-8.376232095208373
0.037300494132457986,0.032034138068826566,0.8967657565815849,0.4397654658546069,94.44227131118687,24.149600586101542,-0.06781148892699829,0.021159746797182202,0.01626277370580255,0.788532531084161,-0.6144137325360493,-3.0460328912196686,0.02595536351316377,1.5395274488011448,0.021547200326878714,0.037271337297570324,0.8978257963407557,0.4382412634602225,40.487260106766136,91.54778328923099,-8.263679411864217
0.029747387092568457,0.039623863460489885,0.8948302678775116,0.44364832254375786,94.18642080515883,24.53621642315693,-0.3276545379490141,0.020921011260747264,0.01971614421099353,0.7841553847458992,-0.6198983122410399,-3.0847367331577162,0.0008868853198467919,1.5281662064242008,0.014293263312869241,0.0379156200499005,0.9028354613754742,0.42807270184284724,39.30359556969624,91.98263224445093,-7.8439336869555305
0.005983060961195318,0.030742221136836504,0.9752387033925012,-0.21892599257836298,40.84050750700658,117.92556357499421,1.0814307029947017,0.022061830131202012,0.024625189228006654,0.7812462408936536,-0.6233467628826527,-3.1184047717882275,-0.028738903713315195,1.4997506614349927,-0.0011021934636367022,-0.003069336691349323,0.4374076757140778,0.899257410071361,90.07679951277093,87.6614945919613,-6.88556381137023
-0.016088075195167383,0.027435529013393464,0.9769149633305252,-0.21124776923127156,41.42967748170031,117.4304733377833,1.0244104906392337,0.030813053979043173,0.030254029505026692,0.7767212035959382,-0.6283624919484538,-3.14782706303375,-0.0626275692413866,1.4723717312497164,-0.008372474928635588,-0.031749321491584756,0.4511082007438979,0.8918650533965305,89.16502478871897,88.49721120908987,-3.134534111799285
-0.020560029872249724,0.028883763744424112,0.9777721439530197,-0.20665102920896317,42.053178671353635,117.05360509754178,0.6197950713117777,0.037656847050399934,0.038765423855775694,0.7762989349900993,-0.628043921486979,-3.17554007547315,-0.0896000085290308,1.4475985969075542,-0.005213111425179532,-0.04265118785633877,0.4555455674655082,0.8891748622212844,88.78261305504884,88.77252311877685,-2.4371128252983416
0.0068723905739178325,0.05585273601158373,0.8884899744493427,0.4554325498148178,93.11481883055686,24.336111234888904,-0.4620857527268072,0.044734666477560324,0.04884809499509593,0.7722070198149421,-0.6319090059328298,-3.213844488204128,-0.12276098011501291,1.4241017968303702,0.02498751656501342,0.02310146491736357,0.9152958788845292,0.401341999336703,36.472679394012346,92.24312986423104,-6.477203173701193
0.018496417424078107,0.049775119451212754,0.887110754613553,0.4584919073168731,92.93467623884301,24.284440529131416,-0.4302826454549482,0.04345693727063547,0.051091465798817584,0.7698555829546957,-0.6346838095611623,-3.2437409973642377,-0.13344209908840451,1.4210830252972797,0.03866816590665935,0.030704939839612037,0.9172254529936559,0.39529665821436394,35.74451998065666,92.28658218796895,-7.447451132435684
0.03999268615198916,0.03525295688036692,0.8844920147750114,0.46349939577606825,92.59615581987958,24.116884251118563,-0.35021949168527167,0.03744929977110388,0.04306054337501936,0.7676680065044919,-0.63830178704146,-3.2754902690655956,-0.12924210487965268,1.4389519596193432,0.053909270490883995,0.040038060257944666,0.9199845825795414,0.38615943870617564,34.4922171953185,92.28313457716068,-8.749761546566706
0.025140567353361266,0.043496087927989216,0.982378332738171,-0.18002459158315898,44.49585987861337,115.41513117585703,-0.5885388951958568,0.02858535373548745,0.02997796397539688,0.7668279741885512,-0.6405146815097915,-3.3016468119487907,-0.11830090136060614,1.4604710286465448,0.00705252113791067,0.01365997037508226,0.4916695400851658,0.8706461568900381,85.3842826040756,90.75349308288261,-10.492940125910076
0.023409837900155064,0.04328949183505668,0.9829604753614853,-0.17710647436859447,45.06673335922437,115.06756818151302,-0.6519629195629761,0.018071826377216965,0.019808237625175744,0.7631845631550321,-0.6456240123906785,-3.3326439178509593,-0.11762326798667136,1.4715917165346388,-0.001653841223781848,0.024542704148613127,0.4997765713999151,0.8658050006566291,85.3117786052412,90.7409744960797,-10.129832825431459
0.03636850689851549,0.03163701035980318,0.8836389049336959,0.46568091754874935,91.91362559122882,23.96088096333665,-0.0897196796803712,0.01462650246641954,0.015289376987078093,0.7637999294513098,-0.6451061681205049,-3.3723791989538676,-0.11902185456046797,1.4732646114652628,0.019618773271768877,0.04238291800899124,0.9256346469321608,0.3755253551960615,33.88827121117527,91.92808180642356,-7.906971493421761
0.02754215609249832,0.038015631601581924,0.8847439818271616,0.46370715760308084,91.66786650823792,23.920302232323365,0.01905434535040129,0.01684815806035553,0.0212048212313276,0.7604140704631493,-0.6488735905923322,-3.3979285432782604,-0.13315745936172585,1.4548731823681649,0.015537206004160236,0.040537303331469904,0.9267529183327241,0.3731545934729679,34.27118716461482,91.57775290392847,-7.558888214816171
0.021170129202165607,0.04318452997846953,0.8855051601532108,0.4621336747545442,91.34534462216699,23.71293780658266,0.165879731059146,0.02297099546106498,0.028764847016553175,0.762640819217136,-0.6457738751354514,-3.420899590784049,-0.14396002935398056,1.4342765982813663,0.01682392206108116,0.03698491538865452,0.9246611391415113,0.37861702212354287,34.63109895726295,91.08716691393718,-7.430777604031738
0.01996546927969772,0.04456793190630959,0.8859050771752249,0.4612887097222246,91.14289279448,23.663297405794765,0.21963086764594664,0.026844752890432717,0.03739264838717392,0.7635790837392565,-0.6440715270563993,-3.451055024781659,-0.1556347219710633,1.4149053382429067,0.024337568157064112,0.03741705434612594,0.9232664995384263,0.3815581445210156,34.744909618347,90.84878611222473,-7.488290215297704
0.02037087395871689,0.0444137305286269,0.8865394198393077,0.4600655443582711,90.96814470496527,23.872672818006777,0.3785825539438097,0.03020465948382849,0.04083968884971743,0.7637201804753915,-0.6435458680581824,-3.46874955064574,-0.1587866607181698,1.4018289332647456,0.029292046636788045,0.036151232689770614,0.9223996825290457,0.38342390385727665,34.729848643339366,90.72775794110176,-7.693934407534069
0.027593623994466437,0.04429061564292513,0.9818337650411164,-0.18242639914773437,46.42483238456862,113.25857143668657,-0.5352447727956502,0.030102802104229123,0.045689422878483286,0.7657360540562202,-0.640823371500224,-3.4882003542415334,-0.14279343246592202,1.3932420414856672,0.02313559020111488,0.011620989973610857,0.4895640874096762,0.8715828712043452,86.99652816404407,87.55482048434968,-10.984395755845322
0.05999078646960206,0.018628799346841633,0.8916551574244235,0.44833598295483734,90.23510905546087,23.990042283697676,0.41214609038269234,0.024450350595013312,0.03905238467772124,0.7678925750816249,-0.6389194665537083,-3.5253906742524492,-0.1196140141505519,1.4099683760185557,0.06980759676338884,0.05367609010687239,0.9120824073892816,0.40043908265294437,36.15293297699919,89.24144994396651,-10.11096111844854
0.06294622391376443,0.01801795081345644,0.8939860927044226,0.44328545249597523,89.91750355228255,24.09473689461811,0.14784449872258376,-0.34867891162731357,0.21515698023893176,0.7878119429222536,-0.4598726269630753,-3.068788024802882,0.0865805191710558,0.7407689504886559,0.05253554747616954,0.46496580649121294,0.740519507586343,0.4823667421469219,36.67981039677365,88.09780068080337,-10.796415038074247
0.05698538958668804,0.021477454439356752,0.8961404214701532,0.4395722117374515,89.7583324775727,23.99884982047456,0.15018574998418144,-0.0008321138583810111,0.005730358185072499,0.7721778568178822,-0.6353800658045069,-3.539630538434315,-0.05598109512816775,1.4818656760794036,0.024392397316599,0.06091379950119347,0.9084732699587769,0.4127600244135627,37.73796418080151,88.12988549964433,-9.689556545484471
0.04206978072487031,0.04337108119405481,0.9787489065375695,-0.19595831397859073,46.86086716501245,112.4789802900666,-0.48091542412924326,-6.0909594317941536e-05,-0.005107168370722956,0.774258442171557,-0.6328489376204467,-3.5505291020803145,-0.04387640519497003,1.5005719064567673,-0.011943309439886357,0.06108063284561279,0.4678900425263669,0.8815925486047832,89.3100450519936,84.07224299291298,-12.735864927557216
0.0027950600814230313,0.039232409580833384,0.9773887851649531,-0.2077598813808868,46.98409366888336,111.98008881156494,-0.46737008019760395,-0.0009008843003832272,0.0036367744689457145,0.7776016687808956,-0.6287460592227243,-3.5590416417577657,-0.04483385146913717,1.4777928053747869,-0.025008093953358873,0.026965604681066808,0.4529294076684508,0.8907875184745858,91.69285932010372,81.61817751034447,-6.234431243788305
0.01155993555570358,0.04779551609258012,0.905878021296004,0.4206744193128796,88.95502771338239,23.77447008474951,-0.036279549624353535,0.010013007756779815,0.01653463786210233,0.7793037583939472,-0.6263481440696542,-3.5663820625836244,-0.060733623264444384,1.4457177264495686,-0.010816099891420362,0.036830469552045886,0.8955156109482126,0.4433715361226565,41.529095490061614,85.84678862090205,-6.0156155060430345
-0.020940653630913054,0.03588232199915518,0.9748875205813206,-0.21878818571454994,47.31091543312027,111.42889410856503,-0.42576588750309696,0.026090784718329336,0.03344775558946949,0.7853085582796133,-0.6176495664141635,-3.570416021823324,-0.07250556829597185,1.4072708896587174,-0.014213236129208285,-0.02703572807333031,0.4319592355005303,0.901375766366102,93.65213831493061,79.05566828823493,-2.076137012590884
-0.019970368532818746,0.035020844263896116,0.9745440790649429,-0.22054152173042038,47.701261490055,111.10314609170513,-0.3064411305808079,0.038727688241697096,0.052541130153812676,0.7897409679319718,-0.6099580308312093,-3.584774166507139,-0.0850439664050873,1.3653914950647217,0.002824101888837668,-0.04373951303919079,0.4226658546550104,0.9052250851342807,94.16723092867524,78.25441519131732,-2.1552745493895844
-0.01772861133061331,0.03444497439567443,0.9742512403866911,-0.22211204533784987,47.9642221368249,110.91583026165193,-0.2503223962513701,-0.18893784727296972,0.11227679861260839,0.7273972627475379,-0.6500689444270885,-3.7726597420454517,-0.2931408232532102,1.0746143801255759,0.11477118226983755,0.16863076746986072,0.4672493340553062,0.8602728054563753,94.83960763944253,77.74392346062042,-2.688278541862155
-0.0019726995192658717,0.03254396251850994,0.9738096586572739,-0.22501499431372193,48.403546127718755,110.35437789358804,-0.026671901106986695,0.041437249465096214,0.05301634678677407,0.795897378103671,-0.6016806336071107,-3.601081090316634,-0.09055785004779679,1.339751522030333,0.015215238576664677,-0.034270461115008886,0.4082866860406107,0.9120833372077334,95.16877624007162,76.33075529026232,-4.577337900925012
0.015960261355570524,0.03473314855663978,0.9136493274436343,0.4047020940279392,87.7431656852335,23.35019438730319,1.0307466816073791,-0.29083563953983893,0.26755021107832677,-0.43990880606627625,0.8064190955518967,-3.4345181852411706,-0.40860116611204367,1.5612290684344554,-0.12915403645473086,-0.33896938338107924,0.9291880880532976,0.07091183975584264,43.6686916045138,83.28524674641879,-5.894477214642916
0.0141108250909166,0.04000952799258343,0.9134490046869778,0.40473576333384936,87.40169987501046,23.371571823232898,0.7277634762450029,0.025671144061099233,0.03882637496683538,0.7994901634721159,-0.5988730946376354,-3.631128296449818,-0.09510793096167589,1.349153180130506,0.022319313071136285,0.027507237220474146,0.8711015119921921,0.48982380094218164,43.790088811359055,82.96374796272373,-6.123041288083839
0.0017715740522770862,0.029368089300644298,0.9744286169320914,-0.22276276026306174,49.193403075318884,109.54119296157461,0.6056163761445745,0.026449338372722384,0.03200471628700491,0.7994399720931519,-0.5993094873725379,-3.6488484078004513,-0.10392827061001672,1.3684927479896638,0.0028780804499872305,-0.013885609496036762,0.40661892785295567,0.9134877963134262,95.19926322878408,75.67109931188756,-5.0914773702281195
0.011775723101571827,0.04524490418933963,0.913227057852817,0.40475989400608914,87.08738192939373,23.09237612494212,0.3464069086538517,0.0267567513256859,0.030503728328695263,0.8005582161130648,-0.5978797048156193,-3.669731719779479,-0.11405983298987712,1.3788285592282565,0.009506175971621894,0.024389858395026744,0.8708851856700907,0.4907889167516303,43.79807983452085,82.60052543060137,-5.944715608053196
-0.008191804984635983,0.03050418806721264,0.9751652266142663,-0.21921489375450842,49.67472064278331,108.7766708953277,0.8405751926120644,0.02716013459267471,0.03864267624259921,0.8015075401746579,-0.596116375974429,-3.6959130650603162,-0.12526564032469936,1.3785955624635111,0.00239648227309744,-0.023338416392007736,0.40675462172416393,0.9132361430096052,94.84712193958218,75.47512074664469,-3.9843942535718866
0.014731681599764884,0.04854270986711397,0.9108623050313017,0.409580815162361,86.49151460717012,22.79848299678406,0.0411704790120937,0.02615370296128571,0.042331443249743896,0.800606590315602,-0.5971206915499012,-3.700773845479397,-0.14128234449548494,1.3724144707622958,0.01920314942531605,0.0342958627295688,0.8724537876440372,0.4871133556754082,42.72609156817141,82.43624641533427,-6.434307815375138
0.003530508796190363,0.03665816686230787,0.978383828695673,-0.20349151839015567,50.767647973395924,107.76193538421455,0.5464694289691039,0.06033612389239535,0.05028486430696104,0.7693369720569561,-0.633996536269329,-3.77889511499076,-0.19280270710060443,1.4044207243644042,0.010955855854493365,-0.043307129528596854,0.4657726904791479,0.883776138260309,93.00457784800147,77.05058363897649,-6.606283364424715
0.013885851537311878,0.03899826169727551,0.9794258821121694,-0.19751268354329382,51.32319175541079,107.34033707829832,0.019840901249722265,0.025293643425877962,0.04288385032034512,0.7983916479222004,-0.6000766480309161,-3.722072815156735,-0.16371195983187622,1.3608017662890277,0.014202426361713948,0.0012449406683495028,0.4304290527796307,0.9025118125162696,92.26307634485941,77.52787371044974,-8.115012544491094
0.019711997101926483,0.03972548927394176,0.9804428825968662,-0.1917422140201456,51.43208359547441,107.1379354127177,-0.33123462770335976,0.02504475828595692,0.03771584508572368,0.7943328488302646,-0.6057933644247548,-3.7324517201046894,-0.17329588046769506,1.3637789615942644,0.012562230449835794,0.007936649966585035,0.44189011401864664,0.8969461115842025,91.33605201693818,78.37373510926413,-8.773974942594506
0.020669542491360056,0.03910983720490074,0.9820644018146908,-0.18328311797696376,52.191132735597535,106.53478800183012,-0.7383057199815113,0.09050690536714993,0.1271748653808333,0.9091096472406166,-0.38620551910902345,-3.4222199190937372,0.21306610583938557,1.266063900724424,0.08073308136459112,-0.07829730027185532,0.21356530542314392,0.9704336982313817,90.04257080013404,78.8817253604013,-8.436817283130702
0.039425185699153494,0.02779890574228282,0.9005965324250711,0.4319707876188581,85.59949558280952,22.140686151921045,-0.09769736993713707,0.01131699035674658,0.028295329874788173,0.7868005299546629,-0.6164545612610907,-3.7865067151527625,-0.19758571934653524,1.3770373759026664,0.03280292698955745,0.05018723290372606,0.8942507362062888,0.44353222028269307,38.389257976071164,83.44322384910251,-7.384030423271569
0.014401473699181155,0.0361517488876245,0.9837093506931458,-0.17550373775657166,52.67710935307264,106.0312092615606,-0.2450462692524198,0.011122891679640918,0.02769852757956108,0.7871025689811922,-0.6160995201700896,-3.800379232741733,-0.20560566053455617,1.3813872546985553,0.005712798129203246,0.01780562441613937,0.4679266284653421,0.8835694619268731,89.61341064956494,79.96217927284668,-7.35522708348986
0.00655310008740335,0.03868843133784144,0.9854484448355576,-0.16538326617600219,52.868412990343245,105.58778620746779,-0.020170032697663487,0.01488758272873137,0.032146188399434776,0.7846263649940882,-0.6189559352716857,-3.8050941278801567,-0.2178736445037301,1.3832580341926402,0.002916371254064622,0.009100782423933107,0.4805504128968713,0.8769150307770002,88.0385612560313,81.30332129127925,-6.904734252988327
0.001121762157650969,0.03862649056850938,0.9867024295954114,-0.15787669652781133,52.96404809180433,105.33918698683914,0.028439729915703538,-0.08840885652536673,0.12344847921754748,0.8302895314010865,-0.536249607097773,-4.00991708486716,-0.1399986376627185,1.2268368669464436,0.10429498634834024,0.0893884232082314,0.39448201811857386,0.908579222192563,87.00432178894138,82.24176993454503,-6.314010748996218
0.02406110066096626,0.043020944153037824,0.8893280373820415,0.45460521744187055,84.74930144541504,21.417240882489978,-0.022356868710421196,-0.1868416850198943,0.07290597369030132,0.7077852077089982,-0.6773588439575629,-3.942691351160629,-0.47456917637725243,1.1464717239589328,-0.034253466915388504,0.24547769318868057,0.9143647558843879,0.3201632323480072,34.187639695507244,84.40871936995205,-7.297977838775092
-0.0031719490581950762,0.0381571593877126,0.9880054144380606,-0.14959702860588164,53.15426476470509,104.96923753380429,-0.1640094887281407,0.02273671543274214,0.03894607456081932,0.7750760765585593,-0.6302565514092052,-3.844757983793962,-0.29485056835498075,1.3835236590991264,0.0035037444026905992,-0.006699917128046664,0.5077389107199332,0.861477819462912,85.59675846016044,83.52883107735374,-5.285926320951873
0.021189789068321727,0.04580541315676443,0.8829042534096462,0.46683287831507075,84.22689477881852,21.330629207698166,-0.10023095839441298,0.02581736175094032,0.04042080405042757,0.7679140038993906,-0.6387548082381413,-3.859337637869737,-0.32577353628452754,1.3693448090369233,0.02610055455451896,0.04160586545940623,0.9227729084279398,0.38220135070766226,31.71126126357897,84.71596617053586,-6.924215405248937
0.025216551941280273,0.046476505198035416,0.8806501336716952,0.4708071813776795,84.04983608703989,21.246865505704136,-0.16585711212843357,0.02595706273609761,0.043247905249780914,0.7650120863556507,-0.6420376603559909,-3.8666231513801486,-0.3454546840733035,1.3569677900863275,0.030941932885422685,0.046632967273033524,0.9256995660238249,0.3740966140129156,30.874951468266115,84.7847131376392,-7.492721927437142
0.024426783592042513,0.048751214282049725,0.991142340226393,-0.1210929921998882,53.95472002750955,103.80025219252838,-0.6032812326235586,0.026594407196519534,0.038318414923096504,0.760520413061993,-0.6476365785683067,-3.870286028083137,-0.36179834533580163,1.3590210905519517,0.0135019920253557,0.01915120266078653,0.5501668556666591,0.8347259182353536,80.93341144924122,86.77211351447598,-10.84886885385661
0.04638017886135648,0.043024263628452145,0.8736000328105331,0.4825150509791931,83.59751363493119,21.07530693493254,-0.35189768500031704,0.09945013921177383,0.09242329495189705,0.8587829685786892,-0.4940237010915239,-3.614017194201823,-0.04243175613049621,1.3282342433091527,0.1146915852727117,0.018801499637193565,0.8459469894030542,0.5204479176622131,28.405808785301286,84.58341246948179,-9.66380890497014
0.0540622402400044,0.03805535132183943,0.8712298841754091,0.4864026658394324,83.46175913296449,20.83015989580258,-0.3441643189131167,-0.009693900106121037,0.04627907395964092,-0.6720121079784293,0.739029094383001,-3.465510743489344,-0.49610076602603326,1.3834007765384104,-0.021224661808367074,0.03349861143631413,0.9736035682873522,0.22477421689574248,27.223556034334443,84.69524929140375,-9.98683470682993
0.029208456618396925,0.049173955060334194,0.992749628265329,-0.10572116053442851,54.51458880406312,102.90467438724016,-0.46936156225287107,-0.4574258965562152,0.24253779271560605,0.6133932642251199,-0.5963938896967647,-3.5217487225323123,-0.547201758724248,0.5357540719210198,0.2763956724465031,0.4757113287241078,0.49764356946075183,0.6705632272580648,78.12704711545398,88.38185704284761,-12.503170147455268
0.04497471726051729,0.03391461138972281,0.8691505267922818,0.49132925388004295,82.85185936808188,20.387858547925134,-0.2363023047348225,0.33708074550932177,0.025600862579556852,-0.27678399173762325,0.8995064139625963,-3.1255183053782485,-1.0832474386462523,0.9167305584294082,-0.15680060926247055,0.32335014706380455,0.9075179747602475,-0.21741521753500323,25.76713444645273,84.34332498395095,-8.758176850520016
-0.0025212442192386834,0.03389177798059855,0.9939054484123541,-0.10486634507380378,55.71749829188968,101.61081146914802,0.7138523987360585,0.0006833794368932244,0.018187653833533816,0.7458071672117489,-0.6659132162498077,-3.8752235736649996,-0.3762761033380156,1.4244119824501564,-0.008950516039322691,0.018102133541834,0.5837137185063757,0.8117083810404591,79.55987059518036,87.14576014970547,-5.385805844389786
0.021447579991998426,0.040080751907519065,0.8722345740248778,0.4869706177118439,82.45068857788988,20.24070243409915,-0.07004750398308701,0.008426418869122645,0.026084476535510714,0.7444245372939844,-0.6671436905371644,-3.85789825742323,-0.39363017045791826,1.4126573040490382,0.011326723157211517,0.048058285337029265,0.9441969578020909,0.325659655822242,27.72782690832798,84.0874178849606,-6.133516566688761
0.014652199406919758,0.04596211666765704,0.8737137911650875,0.48404236179481086,82.18252614164506,20.218597946661248,-0.04674237589611252,0.009319824929701298,-0.07771371194983707,0.8307106762371642,-0.5511746476606582,-3.483272068838094,-0.32986183556625764,1.4793386412236784,-0.09349365199543504,-0.008254696310646929,0.8852350843805583,0.455576165319391,28.049545858661595,83.32020291462838,-5.844986665497496
-0.002562406252834804,0.04318038498009707,0.9931040250361782,-0.10896459922427926,55.79068589545943,100.72738994365653,0.8699578204263361,-0.041351551538232674,0.21264042432378907,0.8878703362742699,-0.4059068428753014,-3.758635602802433,-0.0013102305116507451,1.136956160419007,0.17630123535703815,0.03314824289882305,0.305120579331885,0.9352649359793608,79.95823788915622,85.10929563377383,-7.453321955905083
0.019636576647261525,0.04935583519605249,0.9930041805434542,-0.10545664423306625,56.138456097815606,100.29140422081946,0.6303917721610475,0.0377130252248287,0.04828686951283974,0.7529359075171521,-0.6552355493502806,-3.7465549545286745,-0.39132597774483935,1.4031541426481526,0.019676776729739224,0.004583418518223657,0.5721627146596742,0.8198912395467383,79.43664217573053,85.36708232245162,-11.229648536541752
0.02886359781850549,0.05178913654383272,0.9928590875252143,-0.1035162324257153,56.05469908824773,100.20502983292931,0.1805519803139859,0.030232874119221487,0.04610174150608426,0.7544884738530674,-0.6539936892474321,-3.6846237268566333,-0.3617859294765894,1.4192225627267863,0.022445244009985457,0.020857757938984114,0.571456845651865,0.8200598993443781,78.81503206548405,85.53380417103483,-12.496579226190416
0.03819975819471892,0.050646551510680975,0.9927726167383636,-0.10187363127131278,56.057106427665985,100.00246310640784,0.17920792524350304,-0.04672292137412608,0.04018671676014505,-0.6674001513719673,0.7421448877159919,-3.338793895228756,-0.4707422090845117,1.4872022350509497,-0.050107866508577806,0.020790333536600217,0.6726921229524995,0.7379310750084013,78.03683210965845,85.74953370615228,-13.48032322005853
0.04306591775359197,0.03665175535941208,0.8712456496562512,0.48757870494123445,80.56549812541348,19.543079278502546,-0.24514269985094717,0.0049202046151919365,0.020113836169160952,0.7513077296769088,-0.6596271071664911,-3.5944805521765786,-0.31137443854352237,1.4660817463945781,0.020793778892119738,0.06205261957856167,0.9403330106840534,0.333902560907651,26.96879039016494,81.77891955254339,-8.057437199889089
0.02868888149215146,0.04074884360439142,0.8735931706496115,0.48409859741378414,80.43183411109757,19.65360801678139,-0.26016754390393393,-0.004996448333503355,0.011149896484934923,0.7510238095027392,-0.6601620656114824,-3.5552983643773413,-0.30367447433462935,1.4708202746538401,-0.004342340698269797,0.058209386225080546,0.9397591672941392,0.33681674382249094,27.575601077941638,81.54911573659372,-6.667519214898874
-0.003561007344337839,0.03243946522075235,0.9930314771851704,-0.11324083027920423,55.653409801200155,99.22972285664895,-0.3549981714334933,0.0030836004390686327,0.013012619950888628,0.750620692305564,-0.6605980165070598,-3.52624262456048,-0.31219105878555653,1.468988064356777,-0.014129376492549337,0.014220808396863155,0.5711400821205781,0.8206077844645217,80.07118775301774,83.60241674477415,-3.6594561377414516
-0.022727577166523037,0.03314850865403586,0.9921075228866715,-0.11877414130114956,55.66423870169842,98.83422611418945,-0.41778345093596414,0.023067387437002523,0.022215297274646027,0.7537905322212574,-0.6563339163394072,-3.4738412279538746,-0.3234431769154069,1.4547668192886154,-0.020603757296827598,-0.02089927344987656,0.5628925421156491,0.8260088931634469,80.8569649475104,82.42716968977446,-0.9875413585201258
-0.02157099414122063,0.04010010531458431,0.9918034907815619,-0.11938387428387047,55.57699922838731,98.53062513748091,-0.23135333657211277,0.04469453522472609,0.038444557583495895,0.7528539442557631,-0.6555420300269047,-3.4297261876302345,-0.33443395381300445,1.444322088234765,-0.011536576101771251,-0.03887035986271054,0.5629117959954628,0.8255218425124521,80.79750842772313,81.99953190886464,-2.596312803713656
0.02343113481975843,0.056562842254201384,0.8779130128443813,0.4748898489920435,79.08197374951253,19.435604245679315,-0.3096710688042412,0.05562061993186092,0.05058029101133083,0.759449654309582,-0.6462075544038934,-3.366231113602283,-0.3155894316663269,1.4446514706341849,0.043003508804651674,0.029536103941859685,0.9299298593950363,0.3640175454561938,28.626730867081555,79.45823560082434,-7.602161499871233
0.036158640398139374,0.05052954770976618,0.8767020081302807,0.4770040948179982,78.88968685866345,19.227464801896076,-0.2869989317238817,0.054313552045324745,0.05210431706372084,0.7610676581401337,-0.6442912368957348,-3.300697339544933,-0.28741884097105364,1.461300860583986,0.05642803673598469,0.0373120890133159,0.9287442285290844,0.3644966977319552,28.20681024772838,79.1920112814005,-8.493979942448238
0.05373318554367871,0.039758264544442624,0.8749245123473145,0.4796239390038372,78.64150726880919,19.11894831641939,-0.2653080255384772,0.04071044478785416,0.04242888207977736,0.7603730400759336,-0.6468193639466263,-3.2374442020348013,-0.2523586644231573,1.4950369697981902,0.061172325267227025,0.05130502252624584,0.9299499668117379,0.35891336073184793,27.493282434698987,78.97961488821039,-9.425969217503235
0.05824957786840541,0.03515798701520209,0.874512737773624,0.48020659522633796,78.5054009648939,18.98751220258805,-0.22436547337658652,0.024287138913024663,0.031198522239596183,0.7611793390937847,-0.6473351534021876,-3.1771055126855714,-0.21799925709336987,1.5218175848438398,0.04989181548841074,0.0608396998994149,0.9306627622056827,0.35731801061114804,27.366190659885483,78.77562776836871,-9.45646702668597
0.059733414129161604,0.03300510593907225,0.8739723386829809,0.4811599873591169,78.35576438271055,18.854460526115645,-0.2220838852855369,0.010608727431409642,0.017026752469182855,0.7593775700196665,-0.6503408727380323,-3.1230472323261753,-0.20424035244099628,1.548588301009692,0.03376914936258828,0.06574564195076808,0.9330951115956847,0.3519526499858259,27.19458199541632,78.60211758264285,-9.34494103711919
0.03186856499893794,0.035974665482698474,0.8770589135866579,0.4779726771547802,77.63457874064531,18.42279570517644,-0.2060126041191186,0.005322957973643442,0.009985576405660623,0.7579878057236699,-0.6521705610930882,-3.070722201411315,-0.20261570868387102,1.5652760472501712,0.004817549432645258,0.04772188637821081,0.9341627301796697,0.35360911515575344,28.045319041067785,77.71261416840696,-6.131777308985778
-0.01287569396632407,0.03001751982100971,0.9931510621866688,-0.11217902070428551,57.086180631271986,95.48246668349049,1.4818825598702823,0.01642569015164285,0.009400242140057028,0.7603811267052557,-0.6492013357204345,-3.00524386068775,-0.21072937424780644,1.567440709795369,-0.023690430633055634,-0.007670722301319395,0.5600702791086423,0.8280707735302363,79.95395595985012,79.77445704939231,-3.402251939476354
0.011975844921124319,0.04722654281151021,0.8796983563649696,0.47302963395676245,77.18974605404361,18.544879903144874,-0.19747787979195408,0.031726080563168974,0.017840303002518425,0.7606996746421228,-0.6480826987354669,-2.947012264854209,-0.2240296110730068,1.5507915503412322,0.0025375836489786464,0.020246337725930062,0.9312354339130098,0.36384641416779223,28.568575201642737,77.05382002681434,-4.875835768159145
0.01161914109756098,0.055483766209243016,0.8803821519115699,0.47086496349053863,76.73657997832211,18.43501214407229,-0.18723635641515912,0.04436992003304086,0.032318398027197076,0.7621268466958165,-0.6450965050988174,-2.884412038606301,-0.23343408478919472,1.5262081913552168,0.014554581108382652,0.020802758665616514,0.9288765774372258,0.36951821780416316,28.737124995231042,76.37123302034,-5.706273787626509
0.020992415738351086,0.05410718670422875,0.8789912431636141,0.47329285360134693,76.50060272740323,18.173767686985684,-0.2196131454407606,0.052235932386121224,0.04244609743910486,0.7642336609163708,-0.6414176858352943,-2.822225694496026,-0.23835257836013557,1.517664856800486,0.034147014801124254,0.024922924649390686,0.9274421524751802,0.3715694861251354,28.32899494378828,76.07484270951316,-6.649945005062395
-0.0026123495702761765,0.05027632263301516,0.9927586312029985,-0.10906771834127824,57.61299488444763,93.94078824971854,-0.888232406408207,0.05065112037438561,0.0468203797541788,0.7644993820331955,-0.6409235608989235,-2.746887482965057,-0.23302812942192228,1.5246996242223743,0.0008464000137636438,-0.025164788824709416,0.5555690570206866,0.8310890685670036,79.35557863452176,78.64400397780894,-5.971441176384213
0.036002510256261465,0.04515601489846365,0.876667558891118,0.47761778103586716,76.00616165718128,17.975226512076233,-0.2329900647990577,0.04488963778671462,0.04295041291749587,0.76429553745393,-0.6418664299350779,-2.679970483554601,-0.21805970295413885,1.5458485737603231,0.04768958488772975,0.03766127973321507,0.928225329390814,0.36702189223451975,27.32349477363368,75.65845826426458,-7.408889788837881
0.033231640960319254,0.04652807501456841,0.8752178144268258,0.48033797849478194,75.81650267638133,17.512118064420292,-0.2350260981586212,0.0338521068990079,0.03621175720400998,0.7632642610841188,-0.6441819706033461,-2.620481843242953,-0.2022602516772039,1.5627435071116307,0.0338476347568475,0.04310298617268085,0.9307960458863377,0.3614072372915678,27.144238968637648,75.37452014557554,-7.159868633498573
0.026651402489762905,0.04344208697941604,0.8750950740562089,0.481259908143988,75.43415065640065,17.633477268572733,-0.22458588504920307,0.02890494043925613,0.02894563176857306,0.7619097290262138,-0.6463901450632759,-2.567710258571658,-0.19362598497304848,1.5783116373111918,0.023369223959504554,0.03702230084545202,0.9328136873226298,0.3576896047625631,26.710584307721724,75.20529551349117,-6.004545674399913
-0.0007156200571077314,0.03537385807510164,0.9938221148526178,-0.10519402113564459,57.46670132458087,92.74167005190003,-0.4692303093657415,0.03326547170502692,0.02582980920533716,0.7624598268298445,-0.6456634121732946,-2.5060837163608762,-0.18699211848380465,1.5786080214191334,-0.00526228851307531,-0.013483128575250018,0.562663575034836,0.8265592627830419,78.09275955124575,78.24716288865498,-3.945534909359324
-0.003523437302021121,0.034537132531970285,0.993816391745802,-0.10546919627740876,57.2532169859885,92.67216612164958,-0.4620256617630929,0.037989982897565694,0.02767377985755743,0.7596997453825216,-0.6485732186681546,-2.4650823514740896,-0.19610374452516077,1.570147188709719,-0.0050271747813208775,-0.02095069425666612,0.5658473463045585,0.824228473546001,77.87975848114176,78.21719322479493,-3.4255588075193466
0.009833655111355524,0.04916329437159284,0.8755655702516815,0.48049058461486077,74.47619965447831,17.246434317079093,-0.030158279855405423,0.0447768314101339,0.0297859862559416,0.7615415091956478,-0.6458810727708656,-2.4184439023554485,-0.20191135577330357,1.5698518912979826,0.016505912262956862,0.014349211885855733,0.9333332261849422,0.35834444864938253,26.62826981859958,74.08518402381735,-4.702314496568389
0.012269357044370134,0.05213277468720385,0.8746340565119122,0.4818162552993082,74.1460469127613,17.271114478166965,0.07750625507507114,0.048009607133743214,0.034713425365208786,0.7625413331334868,-0.6442210575456864,-2.3764561339185217,-0.20543902544156395,1.5725042196221635,0.021644135830768792,0.017675578298234053,0.9329394491143823,0.3589471961195896,26.175474397511067,73.81855990022682,-5.387315484495165
0.00017346234166775527,0.043874012288229895,0.9942442975717418,-0.09774107479776327,57.579946048745114,91.61429687671,0.020208253926256248,0.047544034992316596,0.039847785883201765,0.7640488152437498,-0.6421690794654303,-2.3344990395057073,-0.20289677961750258,1.580450065125704,0.0015609338483205614,-0.02285808331496918,0.5658730284207525,0.8241740029985253,76.62751565309014,78.1997555823193,-5.966088112568503
0.016821318351067458,0.04769220876934878,0.9948021471974128,-0.08838090519478733,58.062438108618494,91.03272918368447,0.40897637241626583,0.040011665449713726,0.04528456421448449,0.7593078220145459,-0.6479197529782303,-2.307179708157879,-0.19302592671003915,1.5971473601932549,0.016198711767746152,-0.00013269875356236783,0.5785901474740287,0.8154575558384923,75.33716139851263,78.7823702909241,-9.256951164378677
0.051071541252251,0.034066397338022955,0.8392307432896564,0.5402989337061644,68.8644064694612,16.057551288972036,0.22408458902201223,0.023630029700335477,0.026473149960135545,0.7369815885515518,-0.6749806902153428,-2.7825433097016217,0.05500493232423917,1.5341665208796025,0.04435035770720057,0.055105313296164325,0.964107878221681,0.2559149260372737,14.93856769783694,71.4948244609814,-7.51082469861454
0.03133465232440783,0.04931195366966341,0.9982557911114691,-0.008476219759086627,60.37571738857946,84.35479083463457,-0.24813266822160074,0.013509557816258821,0.018315152578563934,0.7335439326630278,-0.6792608820526119,-2.857918232074997,0.0827171073529604,1.5462297407835839,0.0032806163002901873,0.042839787656455214,0.6719507133591233,0.739348516578214,64.37982709491978,82.7603176576491,-10.462433033964436
0.020988106187228846,0.052757113247187154,0.9983705278295838,-0.005698733348323687,60.47411678780304,84.05529825223033,-0.8848017339692191,0.008665787108429183,0.01475714195909129,0.7314212157926938,-0.6817111822343301,-2.9320387116208058,0.10249186600310847,1.5395252739355856,-0.009596133634245222,0.04258049672115002,0.6765796358099067,0.7350746981943997,64.21860527391433,82.87291624111528,-9.074255184201519
0.02121599940798009,0.054087474009006736,0.8401589085965042,0.5392192826952468,68.2996543906485,16.358694995253018,0.14453718710541263,0.011477043899873585,0.019896350013179548,0.7299782314955222,-0.6830843244154732,-3.009721316059923,0.11012121021828969,1.5069384371738201,-0.002085622909476937,0.053519478275557454,0.9677163622139786,0.24628511511160267,14.987348113733729,71.3066087743604,-6.453393875510491
-0.007100525726567797,0.05284454851147249,0.998563406020395,-0.005306635843252866,60.74446501729062,83.43891913088652,-0.8465364915266704,0.01966543027553257,0.03158669902013486,0.731182666509522,-0.6811662495258517,-3.0764967201849207,0.111583868329937,1.465560694628474,-0.012038691888624437,0.010999343437092652,0.6775710629998122,0.7352765050828621,64.72507961997205,82.47295616261552,-5.5480917837243195
-0.0075952221295616145,0.0487962378333539,0.998773058487107,-0.003690178101866413,60.87600667073741,83.15172807070707,-0.22633966515652304,0.030609162067635927,0.04075967451543153,0.7316252906127794,-0.6797986189061284,-3.137912369495432,0.11475962800895288,1.433172787996241,-0.00026707168046102397,-0.0031072583852364936,0.6780679088679995,0.7349926425355721,64.6538504013632,82.37670664348394,-5.4435072771916175
0.003791192668422488,0.045051058704300685,0.9989767542108223,-0.00121388392487388,61.01152939335941,82.87790407929566,0.3954372253649652,0.03767425021402013,0.043691808491096114,0.7312588941083176,-0.679655873607423,-3.2003678013918386,0.12552804182762023,1.4149253955145684,0.013234087863874497,-0.004297176961431237,0.6796043759741959,0.7334468524339697,64.3901260832431,82.33031223989487,-6.913333985160193
0.03510585018348413,0.04345326088787176,0.8394832488394348,0.5405064923931006,67.65950990094368,16.41552322169332,0.2337265426884758,-0.07591397651680248,0.006038619776160345,-0.6587773517704408,0.7484737831313334,-2.9509016955672953,0.02388686073166997,1.4399216498362994,0.03361246138588391,-0.01134185925109025,0.9879153395154884,0.15088023932347291,14.268232803741922,70.74894375201953,-6.853857722990931
0.024941126347443488,0.04204112410706464,0.9988024466359989,0.0020387972625233457,61.25240992064698,82.33976563353787,0.6991227142931784,0.02459544104213022,0.03463721203919791,0.7313995896618146,-0.6806246895790836,-3.3496739135397986,0.18239801996698335,1.4131781029515798,0.020872562704420936,0.022360788185266083,0.6814709095811967,0.731205669201532,64.04973173001432,82.05393385147964,-9.410418100116354
0.0427240736076034,0.03582230889551826,0.8395918046433233,0.5403489773244081,67.25659864371241,16.29180545179338,0.3143429313171282,0.017446378135331415,0.027123297947638413,0.7321448670819563,-0.6803850705328176,-3.4127115925066085,0.2138043720626037,1.423901561491107,0.03504133350525806,0.05566138556170299,0.966325611170749,0.2487744526654679,14.542826279024457,70.67103684908854,-6.92787145012602
0.039242522724532915,0.036339631602739925,0.8408497624615867,0.5386196548154225,67.09091031148924,16.272865813180942,0.35485450472379654,0.016050156498466972,0.020216048868348074,0.734200503880948,-0.6784418353444084,-3.4714105482348425,0.24262201942508888,1.428146705048326,0.025586782948997185,0.05085919730220828,0.9657124060762183,0.2532947045213876,14.866120548606233,70.51161007424113,-6.653803567709081
0.016122289386067853,0.04344057571832145,0.9989248277052631,-0.001475384771207631,61.3715925885482,81.69145314808532,-0.18489213419357142,0.012865259151245341,0.023953243327093723,0.7340452952853186,-0.6785559901073557,-3.5312681938590758,0.26035744549777773,1.4181122559868462,0.0029610340627110273,0.028424586508983562,0.6769161193999651,0.735505161406475,65.04663979855808,80.98023307509676,-7.557169454173517
0.029169161734739893,0.04169121970934053,0.8460779230956913,0.5306252446434502,66.71455687536198,16.477826203535642,0.38746901714969617,0.5921196632676234,-0.2896184558806506,0.6524569141115485,-0.37391901477884115,-2.164397334297127,0.5623227879301826,1.1473389929660935,0.05285903919857385,-0.6200374778752058,0.6957088516562796,0.35881560965523523,15.648829689579568,68.65379513925924,-6.321513006533431
0.023387659936879943,0.042083494991791155,0.8846094621774715,0.4638405935642517,64.17223253598881,16.395153902701622,0.3642858921019947,0.6404644516176871,-0.2243635429101729,0.6738584528797987,-0.29220039751734483,-4.449021213651269,0.5979531556617783,1.716882459849235,-0.07707486307276448,0.6425730466998791,-0.6032464620438059,-0.4661041205232803,26.027041484623194,65.25178679210936,-5.00549369040276
0.020802553424972732,0.03279830412892898,0.9924020341594135,-0.11674642441430812,62.16657185071267,76.93170308602276,-0.03994130205423119,0.3117313133106291,0.061061723896160144,0.9346109626870057,-0.15999188292450295,-3.5934068384931592,0.5192017570504696,1.6397646561859687,-0.0031211521075031183,-0.29180177045692474,0.058617800598050857,0.9546758290753847,81.5946402733559,58.93877055668522,-5.882395140519578
0.03516909812581002,0.028358038039164393,0.9076424630304986,0.41730578179497646,62.36297608125665,15.496485071513234,0.5151465395835366,0.12850378185800496,-0.11928710649912605,0.9548443641253498,-0.23985329801633523,-3.2662493292027674,0.08462852004049981,1.8406889592085063,-0.07328676062439507,-0.12603190422424457,0.6240024471291085,0.7677017362307303,30.95657389059562,59.71157180502611,-4.764067440286253
0.044312513409169675,0.06176700501637953,0.03292119717636678,0.9965628093718647,95.61252335979316,43.91477196875678,-0.7763643243757308,0.030523106638620397,0.05158680796548112,0.7587466629625405,-0.6486221108228342,-3.4084233876981176,-0.3333583973349483,1.1998279781876264,0.013993059425223843,0.12409005391014045,0.7770915022079828,-0.6168749062854163,-101.43387557758616,-37.84055574200622,-6.797903951054248
0.04670490770500701,0.06639355470410925,0.02975093729690308,0.9962557047364773,95.74338364541143,44.089807748776934,-0.9971728078032704,0.03440946873343584,0.056993207298165253,0.7547406998378117,-0.6526363756271032,-3.4047258964544445,-0.375256415684997,1.1619181886550773,0.016347634605808705,0.13433703758954463,0.7709539761572007,-0.6223473964128576,-101.28972139594607,-38.72039696144744,-7.298933448531882
0.06626096476665554,0.00156719667661686,-0.4712213878993038,0.8795211379091594,7.190962020253039,-33.95730428758861,4.375259589146022,0.035511967456172217,0.062287623883839585,0.7526990175917415,-0.65444888340857,-3.3971475013792585,-0.4062106771503703,1.1223824261503996,-0.04406705245720271,-0.12241749362734089,-0.3495528014922706,0.9278388281973542,-33.477263963129516,9.203464026522491,-6.552419628768094
0.06807078025842717,-0.0024282592610536946,-0.47176768279275416,0.8790880080539861,7.244172753472867,-33.868683319770525,4.372641977555151,0.037794028062869155,0.06606841846847006,0.7506854069178102,-0.6562606154299524,-3.38631048132791,-0.42606210061467975,1.1083770768018164,-0.048550363096150496,-0.1254161258897763,-0.3457268866987932,0.9286477143802118,-33.45275661979319,9.034308496206863,-6.4316294737688136
0.05480826037849566,0.05797983440865172,0.02767016022502666,0.9964279982163035,95.61158256366218,44.831196538251675,-0.8986523250960445,0.031968064112738934,0.06869970972168722,0.7514937114948602,-0.6553743924999813,-3.3818675696938874,-0.45233628665082537,1.1157635000507748,0.026103255504041124,0.14675631454517055,0.7650318805500863,-0.6265041308205463,-101.18780108761842,-39.88604167479937,-4.9489368650866705
0.061669898681394865,-0.010275358341666105,-0.4789122073136339,0.8756336781403281,7.371764384843885,-33.66278198907639,4.35754701477881,0.027574946502246525,0.06813480633833925,0.7493143880837263,-0.6581224949060364,-3.380360120443819,-0.486615241256913,1.1381791819060778,-0.0398007827608325,-0.11231480750512914,-0.3364568079428923,0.9341295938442324,-33.552480859703884,8.321857542376058,-5.622122900050329
0.05635184779964453,-0.008155720264479223,-0.4873577137560042,0.87134402638628,7.2200209897291785,-33.8767157475902,4.33386432981348,0.02590831350956423,0.06552079149600849,0.7485402883925443,-0.6593354395344097,-3.391149378052937,-0.5200560804972185,1.1611699508215103,-0.03390264659970016,-0.10652203971154157,-0.32700037776290297,0.9383892681356428,-33.80079465839556,7.959988553893617,-5.429045314391127
0.049095208330706304,0.04928603662025677,0.009375966359622349,0.9975332768224099,95.68180586487028,45.492460791917324,0.24156981742648753,0.027204848009220534,0.060160610102619486,0.744954052841804,-0.6638403847247065,-3.413347958324423,-0.5545942813979586,1.1739146083439456,0.023577354294215713,0.12904887472416787,0.7477278239776974,-0.650917504409344,-99.77130475430708,-44.350718734125536,-4.444159579310153
0.05931093542483639,-0.002212379834615102,-0.4947342195412273,0.8670152076690645,7.3673144571504,-33.79905831038036,4.31506161523761,0.02970731788719392,0.05616628757794518,0.7393732488331244,-0.6702909982340592,-3.4342469253497634,-0.5907773958287652,1.173471442953686,-0.039360672515935176,-0.1057642329465524,-0.30603495807854236,0.945308028592895,-33.83909117285796,7.124760381855914,-5.786789827393483
0.05553021170648027,0.06047048446007115,-0.0036720984495821423,0.9966173948863096,96.02293239120786,45.530036439078,0.6337089093737731,0.034547981332226474,0.05693704730249493,0.7321607097498135,-0.6778682060172102,-3.4573625250884588,-0.6378821164895769,1.1625579238772195,0.027590092878808026,0.13851937337733136,0.7261223072782615,-0.6729023442127275,-98.78617453598497,-47.21987463833123,-6.297667929729961
0.05693879030603653,0.06296283352447068,-0.009601887239765225,0.996344046760199,96.0556322720214,45.565523714117035,0.562070842502127,0.0306390616817224,0.06651874778688754,0.7297236463122873,-0.679808726117007,-3.4872158149790886,-0.6892354860464838,1.1352988995794075,0.022650359232282386,0.15092201650052797,0.7186699891589631,-0.6783973414189642,-98.25443172801154,-48.50030325544784,-6.511311256368505
0.07097767034242605,0.004142192660329751,-0.5135468035026766,0.8551109244799239,7.352479930155226,-34.11644555734574,4.264591248308406,0.030794994167860357,0.07223111327205582,0.7279871791015403,-0.6810792917667243,-3.509443896110629,-0.73153851762658,1.1152733907938197,-0.03456503689591191,-0.1320722805203105,-0.2677444591649086,0.9537688795138155,-34.1820473423425,5.524232112962556,-6.597128865947749
0.05948410776996238,0.06242299417457497,-0.028767107354476996,0.9958601630025917,96.20732504910359,45.899730753931294,0.12372420173133492,0.03157993000709914,0.07528364818607047,0.7198152532926694,-0.6893483019952634,-3.535281967498142,-0.7698693646296683,1.1025797544543345,-0.02535574677894316,-0.16172920253179834,-0.6944979120125157,0.7006235803653532,-96.59785587194045,-52.605214280966294,-5.398431187407203
0.06101408844143158,0.061462086637924775,-0.031700366251268715,0.9957383088428952,96.39051748269833,45.794641227234706,-0.010116022620124454,0.03145891002454517,0.07496030834327821,0.719273490610577,-0.6899542991082992,-3.5478766531625596,-0.7855025576153915,1.0938353813725015,-0.026837455667161322,-0.1619299569074155,-0.6916962605283409,0.703288506375858,-96.53060407141932,-53.06859214279859,-4.917126372439161
0.0725004457360963,-0.005655534104841103,-0.5301951993868698,0.8447512952633892,7.16516391819826,-34.205004935980696,4.243063108300522,0.033110801986791234,0.07284186469962788,0.7118451678788833,-0.6977637096513096,-3.5695867215935686,-0.8145914907694117,1.0968727853966704,-0.0439640304799183,-0.12675131332490905,-0.22591283150032695,0.9648650999792024,-34.4244092217028,4.255570784965159,-6.074805504663146
0.06125188865756955,0.0542734205059633,-0.04907357889646664,0.9954367814265033,96.30382092792911,46.36011390505837,-0.2701807099672706,0.025058121491205006,0.07505426749146282,0.7068476613059441,-0.7029262629785356,-3.5987438909297405,-0.8524035827925429,1.1027842792991942,-0.02595311512726907,-0.15738743706951597,-0.6658898278336836,0.728797892186515,-94.69072119969869,-56.89537774093494,-2.8306550807076203
0.06482576912430947,-0.00947960589806509,-0.5484742204040781,0.8335968967562185,7.339844360506746,-34.07094104709745,4.268020848466957,-0.02234231353343121,-0.07388632021922018,-0.703475364929064,0.7065154235035189,-3.6290742440014325,-0.8785624099875594,1.113344994039685,-0.030568816292387734,-0.11275143406056332,-0.19390785117664278,0.9740392224339971,-34.58537819135405,2.552887310392758,-5.4164136132267195
0.06153302164871107,-0.009314569149771013,-0.5559038225288557,0.8289136662802344,7.167682365315741,-34.0655860113618,4.292484936962232,-0.020727761443828062,-0.06931981805336694,-0.698596258574099,0.7118485725467507,-3.6659873067785513,-0.9009437261594158,1.1197332484881464,-0.028955689682697173,-0.1053389622969815,-0.17889811537161182,0.9777835830968323,-34.570192813824356,2.0874988397302214,-5.279428676981777
0.0637157302223396,-0.010557952258691675,-0.5633956247221108,0.8236590346802004,7.100360141131063,-34.355937615094035,4.308644260107435,-0.02428677862088717,-0.0637154406529038,-0.6877260516523609,0.7227609375756832,-3.71118886912451,-0.9246867522152633,1.1177668432393892,-0.03741924387750596,-0.10235095525658203,-0.15493533140138416,0.9818956794024731,-34.844309301134494,1.5442340759608295,-5.311240475904302
0.06968978759424664,-0.013346415798940543,-0.5681674907246476,0.8198481012809922,7.156428642390111,-34.515845988548335,4.3135099397126595,-0.026884679647963743,-0.06171029230555219,-0.6808123138313354,0.729358380468349,-3.7469064734851516,-0.9404614648861275,1.1113119156312994,-0.04689480646815546,-0.10357941228100244,-0.13910557067728896,0.9837285309903246,-35.01846485684699,1.0200422099145205,-5.395356124117379
0.06345829691836759,0.04910519721904589,-0.08839780755750586,0.9928482017797711,96.62479451711647,47.22998633963084,-0.07698538824734058,-0.024379880827026575,-0.06520796104906679,-0.6795140668825784,0.7303520905257836,-3.7714802475498344,-0.9579670358178642,1.104005716757826,-0.031420507594836396,-0.14588162374396696,-0.6071519885434017,0.7804471579576029,-90.31330818297597,-65.15656698223972,-1.0068372572600643
0.061895500710973675,0.04771491003598593,-0.09288429783198007,0.9926050279785286,96.90339925867306,47.004409835204456,0.15547618129836493,-0.019305931503227337,-0.06910190636346927,-0.671660860993341,0.7373763593684101,-3.8101822581302427,-1.0030521804654284,1.107457162237738,-0.026336724047042934,-0.1471407495400237,-0.594847346030929,0.789818087733644,-90.04953618886927,-65.86866628191093,-1.117145168549511
0.07053590090320962,-0.011578275847516244,-0.5828694809626723,0.8094157141880037,6.8825174423751605,-34.5615344358323,4.204255915770467,-0.016902512347538146,-0.07150432209616796,-0.66911543114105,0.7395173945262111,-3.8414096458682616,-1.0274766027014302,1.1048414407041194,-0.03191320068865439,-0.10636300389188609,-0.10531110093288436,0.9882196269277413,-34.93408355791372,-0.08211091526404779,-5.361443910391559
0.05764115375887572,0.05323168281728772,-0.1113962221912067,0.990673895396115,97.17101002316213,47.34416181483084,0.18220594085304498,-0.01902256469606392,-0.06765548490925273,-0.6610803731679896,0.7470164774662935,-3.8708413139199696,-1.046502484477086,1.0964206746306706,-0.019177063735305016,-0.14701394424801614,-0.5688131178739085,0.8089936819022113,-87.68613560665648,-69.69604783995644,-2.3559370522846503
0.06340606365739565,0.053111782670219806,-0.11423009907955303,0.9900051990254097,97.38517614768841,47.33705961064038,0.16998540837534293,-0.02187874692305552,-0.06719334380123167,-0.6570407164991753,0.7505357232298385,-3.9104533977207514,-1.051016272904945,1.0788601850350328,-0.026676482986155884,-0.15054362684614522,-0.5616415090955353,0.8131320907038337,-87.57102206669879,-70.22611052567687,-1.6266532209833144
0.08048917851268227,-0.012604373936141654,-0.5979670754308785,0.7973694241696715,7.021809178234477,-34.964466284892524,4.1289133263157005,-0.023480039622981435,-0.07148884722637061,-0.6563416598362526,0.7507021100442843,-3.9132832161266,-1.0406156569164815,1.0711351464812267,-0.04467046062742573,-0.11440958248602168,-0.06840159631371619,0.9900687950867066,-35.297397410703994,-1.6197569054700485,-5.587845568510801
0.08012926927614265,-0.013162793521123942,-0.6005236130120855,0.7954730864629567,7.031312003618709,-34.75529614323477,4.114478372302191,-0.02243720348020776,-0.07599007474791059,-0.6563319573250668,0.7503002347284996,-3.9359701757290333,-1.0483050072863997,1.0820722152750624,-0.040974528845422534,-0.1166374828745489,-0.06513703459627919,0.9901888467855958,-35.099704651834124,-1.9267940983880616,-5.471399711038095
0.07487183721936244,-0.010701939255139466,-0.6095559987535628,0.7891268344639683,6.955427151164059,-34.970388418199946,4.116905166196782,-0.02394808207338424,-0.07203166962364405,-0.6459170406322468,0.7596243180395932,-3.942849365426811,-1.0709491926313142,1.1081618705488916,-0.038777771099561376,-0.11167136273277804,-0.04102747537801416,0.9921403819410138,-35.24001280272007,-2.5337133547637687,-5.358986971361359
0.050952518597987745,0.04662308812479358,-0.1420287065418052,0.9874502392628659,98.04137017034714,47.543786036899974,-0.24795079406602838,-0.022208141128016542,-0.07010433459598019,-0.6442226520381876,0.7612945260143259,-3.974396391290418,-1.0754561440434638,1.107330404798624,-0.020726830322128995,-0.14069740396378433,-0.5254755547750932,0.8388385305626211,-84.19457018627938,-75.38621157573627,-1.0380654804786067
0.04994835853395302,0.03629587346013565,-0.14771223911455802,0.987101243776591,97.9216904421454,47.89327300083653,-0.5697438796295735,-0.023789039573960433,-0.06709419439720031,-0.6378245125770655,0.7668848295736251,-4.001315748850021,-1.0667766094107929,1.090176678604374,-0.028725797489232,-0.12943573721016438,-0.5138312934495295,0.8475839901528651,-83.25029221944334,-76.52508109080102,1.2007474883761908
0.054201641511245,0.03148650639637925,-0.15039261644283008,0.9866371384110356,98.04216056791086,47.94611378335833,-0.7394578194256596,-0.022908533195529095,-0.061072063298654805,-0.6326215510063675,0.7717093853216846,-4.0267447910991745,-1.0442907822758571,1.0842882776581746,-0.03532649518800405,-0.12228879903299752,-0.5055196267857841,0.8533741238771894,-83.02092673126974,-76.94759910340417,2.8354801040798905
0.06557346751182941,-0.03427303204845463,-0.6256691210260021,0.7765717163451361,7.206080622676367,-35.465494069181204,4.191708534221657,-0.018279164859852898,-0.05322955333480764,-0.6348961490289664,0.77054485056484,-4.024293810244126,-1.0038471478084796,1.1004420889465703,-0.053178108369007035,-0.06799670824800617,-0.006819343998996276,0.9962439625940792,-35.96550089423049,-4.125642330131639,-3.5698974023867773
0.05897285087207097,0.02746167372547656,-0.15680339565403958,0.985485035121071,98.70779719393522,47.90144991506452,-0.759362973519746,-0.016571605514083442,-0.04845201991214821,-0.6303166401555402,0.7746474790510518,-4.037066635821402,-0.9821384105073573,1.1375370755231173,-0.037107248338350406,-0.10879191010489811,-0.49729799139003683,0.8599314392298484,-82.72583585781516,-78.02217773202963,4.322770448760516
0.055104208850382176,0.030746204142623558,-0.1581974358311546,0.9853891456649202,98.46910687989771,48.43824007998296,-0.6338155298955641,-0.008239385144426552,-0.05521602040793679,-0.6275262745290129,0.776591320063835,-4.055533856757943,-0.9621206644814226,1.1609914090888696,-0.022883367193596914,-0.1141692909322884,-0.4927135187148184,0.8623659971204591,-82.10493662545151,-78.76199621320173,3.200978921197427
0.052897413409445385,0.0340584492231454,-0.15723019123993076,0.985555961198429,98.97423731261392,48.19015169152806,-0.27847377496181025,-0.007666900648543621,-0.05059425763687096,-0.6339873761118624,0.771648525340012,-4.067862032506838,-0.9356435043257709,1.1770156216973304,-0.018826799028479186,-0.11088638492058193,-0.5010884100264517,0.8580560393207128,-82.78231960442302,-78.59170760525417,1.8887818984460565
0.05296965687894256,0.03564195006680581,-0.15648680547817162,0.9856144005425242,98.8756775088516,48.433680728650415,0.003390368873372296,-0.015026891006669867,-0.049192401861746955,-0.6258546631482383,0.7782417624114958,-4.088884782945948,-0.9243970739580313,1.17144674051062,-0.02602927682120692,-0.11172561064093696,-0.49299668440736844,0.8624350026746459,-82.7223933586182,-78.70518951897479,1.3356900094780848
0.06280157257006261,-0.02547894743066915,-0.6256676411178905,0.7771401344535791,7.547996409720142,-36.29398287644881,4.365915439831699,-0.02221637446090651,-0.047458098057031425,-0.6255718652834782,0.778404780946502,-4.065738925001838,-0.8896448191292681,1.1493790002450182,-0.052396196981494364,-0.07023562170997198,0.004412172659062933,0.9961436285583103,-36.923342675202555,-4.266979875211037,-4.141467952699136
0.06340648064842064,-0.03127666866844844,-0.6221914587416145,0.7796660675428727,7.292336130189668,-36.648245966110835,4.43879578080794,-0.023382042392793255,-0.05174258143412191,-0.6254798252703695,0.778171557909837,-4.062053578543899,-0.8503410956734823,1.120926751454897,-0.05494043790349857,-0.07021090250901589,0.0005184284523169597,0.996017925884761,-37.31435525412854,-3.6344710679567003,-3.981196515055957
0.06390797679446436,0.02740635165968154,-0.14563072364357063,0.9868922710822058,99.72279377255711,48.627350377354446,0.3574013638437066,-0.014326688970272485,-0.05839875222293181,-0.6304694246877983,0.773881538903591,-4.068788856890006,-0.8005677193850808,1.1070806758828908,-0.03781258273509762,-0.1212209782525078,-0.5061649700272525,0.8530373415834251,-85.25308762655655,-77.03683469855655,3.6892927425442297
0.06091943126339635,-0.03511456015552273,-0.6198686171411386,0.7815489031680367,6.880290232863899,-36.68923298150685,4.555258730905603,-0.014281641331272243,-0.05642650605517923,-0.6321004021942497,0.7726973312243014,-4.08395544096588,-0.7542922507818932,1.1293843178803058,-0.045452990393473794,-0.06432708526330153,-0.011107585641626089,0.9968313163755603,-37.41242288369534,-2.9987328684483456,-3.8196176727349593
0.05479140432017792,-0.03221484774388148,-0.6134877559310269,0.7871422228035885,6.937206709619204,-37.01293851634114,4.607151435464573,-0.012724510925502672,-0.05279474319402767,-0.6393817151695205,0.7669692459412343,-4.069013508140589,-0.6930533060096542,1.1574968801579266,-0.04024797794684588,-0.05968812775164359,-0.029455486635503132,0.9969703114856326,-37.847767682841365,-2.2623270539926517,-3.8209186658275724
0.053928042998361285,0.03044298775470586,-0.1329604443311905,0.9891847708685098,100.5002368671893,48.66794477860424,0.5505903243984953,-0.011714876752729723,-0.05028451345904265,-0.6410241261912398,0.7657821485315607,-4.080508793220532,-0.6548539158638802,1.1823620902893162,-0.026684769433186296,-0.10918016335329245,-0.5299174591035785,0.8405683205710607,-87.92419191683351,-75.08253895971417,1.4895598817662434
0.05219854119494675,0.0338509059269712,-0.13048853830719975,0.9894959170383136,100.55126527868492,48.80173913075487,0.5687056509013573,-0.015629774800752495,-0.04034209155700618,-0.6450409365790767,0.7629222869504281,-4.075538382242971,-0.6199192016470497,1.195352837873655,-0.028189628150785132,-0.101453647813863,-0.5371360427098302,0.836897469127494,-88.28673801149232,-74.7982391879789,0.5799560259005508
0.05744009283304446,-0.01719880615954928,-0.6043532262187677,0.7944570565870659,6.6520685805140545,-37.39989213074887,4.53323787326261,-0.01986201356580106,-0.04492193436869673,-0.6487196358325417,0.7594408168613146,-4.081838934312841,-0.5766276023662343,1.1788356756657192,-0.04341035516196338,-0.07189326043843744,-0.053487461639768065,0.9950306485810261,-38.1782302838648,-0.9806597304806655,-4.8869861932018415
0.05666152512803278,0.04262925497594907,-0.1202771921688235,0.9902048349883699,101.02437332710906,48.72821598840528,0.4775916192814762,-0.019664730014171183,-0.04955913687357462,-0.6506623609459846,0.7574930246504011,-4.096579427621754,-0.5436184994610805,1.1493159971225233,-0.028694735271828132,-0.12059780046585734,-0.5512100781717638,0.8251061946273066,-90.26483685256652,-73.00881632561247,-0.7426723465729815
0.06685937287032694,-0.025839644572273418,-0.5895228833898214,0.804565042111274,6.789312884984696,-37.55809789921045,4.465154007653982,-0.029562731339409776,-0.049885068472560815,-0.6521066998752693,0.7559063280837298,-4.109235978967798,-0.49552390441909117,1.134441493831911,-0.06176637917333868,-0.08163078298702028,-0.07493900147759258,0.9919200954362618,-38.47094258526991,0.20924947047631282,-4.842436945283659
0.06624196948575514,0.03219048885020337,-0.10447799705453166,0.9917964115874318,101.27118847440454,48.97142442255381,0.32387934387921646,-0.026341967422395998,-0.05582071454790695,-0.6557338929778795,0.7524647567692146,-4.118587676480427,-0.44150475216800955,1.1255235949517097,-0.049030185199974916,-0.12577425326799466,-0.5688887981091927,0.8112597694573624,-92.90315549020954,-70.09121686894986,2.347368325759962
0.0643659274577929,0.027653534829317757,-0.10087220056392862,0.9924299010747974,101.18755023621577,49.19307058435243,0.30177134781818893,-0.03884104411852268,-0.04395551800035614,-0.6693767227249234,0.7406038676668818,-4.087959319273157,-0.37400145513048516,1.1612418534075353,-0.06327214604996315,-0.11110612039932208,-0.587847987321311,0.7988033608757085,-93.28270824876545,-69.49537799265607,3.0487721657524314
0.06048544699000841,0.02559423899997226,-0.09752175665698984,0.9930639217144916,101.1788961391693,49.414458578272274,0.26242566560407,-0.012996362161533773,-0.05192515647102769,-0.6704953905581951,0.7399802726669399,-4.1262004908211,-0.3309278915818705,1.177767339294098,-0.035439604184132834,-0.1123268729454556,-0.590872521657329,0.7981205242442252,-93.740257018134,-69.05245853806396,3.021073598820598
0.05367653292340147,-0.03058678204662528,-0.5778111302385138,0.813828960132193,6.529033162596974,-38.04616477440595,4.277894848388973,-0.016998710033004478,-0.04885701332217019,-0.6722797240742878,0.7384876496631819,-4.134492667415793,-0.287608691158843,1.2014650640737514,-0.0458062464572842,-0.06308098016255002,-0.11727191431928889,0.9900352901988474,-39.12063868427163,1.9570783059266867,-3.8248182016966554
0.052014708254299796,-0.023542369356123527,-0.5676274392938991,0.8213034257392153,6.563564655197908,-38.09657963007726,4.219849962585167,-0.018790182527281023,-0.03996086098353829,-0.6794661408307621,0.7323768306647862,-4.13080784343709,-0.23024813850791598,1.2096186180554114,-0.04684017011951094,-0.061586162441703576,-0.13980976620669935,0.987150633050553,-39.128577822963834,2.9775343439698827,-4.16879398619174
0.054544698373169,-0.020596902830869093,-0.562801329138923,0.8245333876760949,6.665794108072205,-37.477074031103484,4.182898858527331,-0.018880430191951958,-0.03874501689475733,-0.68498909977637,0.7272773103907134,-4.165271358564631,-0.18471317294656525,1.1928876526439907,-0.047539573518282155,-0.0649553549855443,-0.15298153237327794,0.984945400294415,-38.573200343001986,3.0798913088676354,-4.426602461602913
0.05850954795860129,-0.020978599605727177,-0.5545403652921207,0.8298322206433925,6.5399487402576,-37.841739097814525,4.167412021746735,-0.022646349902321967,-0.043139676539299655,-0.6929412933445692,0.7193458661326566,-4.166975592892887,-0.13653250917722953,1.1686597288004203,-0.051495518238884666,-0.07380982165961876,-0.1731195211745212,0.9807802777463402,-38.81681859771263,4.068401917278405,-4.692126135754764
0.058464195768021,0.032603744082654304,-0.054777164908981574,0.996252174848078,101.93399978972946,50.15342358763132,0.18667558205802592,-0.25534868699162494,0.4096109075030184,-0.45117998732283,0.7506347790674089,-3.3438835155048974,-0.3599675207733705,1.4369074243164648,-0.30600411082061135,0.34323710096303617,-0.44064429406639516,0.7709619853080344,-99.1908597788432,-61.615539654699745,1.1388957610708001
0.06023436111451413,-0.02509970676527849,-0.5447085916153172,0.8360827570772412,6.4921170994846875,-37.726802857796656,4.186279080752758,-0.020300519814511777,-0.052350070538192614,-0.7003651620971026,0.7115729047192608,-4.215173073561255,-0.0635252287506913,1.1503182312348859,-0.04889748088221447,-0.07915263570119287,-0.19430055077805083,0.9765199396798171,-38.68734807989383,4.930942850833604,-4.621742532763394
0.05342675768154112,0.02960838692973887,-0.04200318132175112,0.9972485436168402,101.83905599086927,50.67350335507058,0.19746782218902936,-0.2707359352460048,0.3689609414331696,-0.5953684857545852,0.6603834062372498,-2.578192271389138,-0.18365629982207266,1.4342140304548456,-0.30314279418243667,0.30521249568378717,-0.5937205925185165,0.680033555667072,-99.84464760784593,-59.336591636566155,1.075732787205366
0.03138430237145274,-0.01312789540184014,-0.45993084979957993,0.8873028216621491,18.21389413780446,-13.36038923300066,4.230731930956754,0.03970856292631316,0.03683912067512272,0.7696206236520305,-0.6361998152056241,-3.216098116744927,0.4445313720408665,1.3931250966137032,-0.04836025826616671,-0.06675269054892002,-0.38860116936295064,0.917711553209753,-23.619242086874568,-9.728479453466466,-2.315276280047571
0.03449744131270247,0.022620079179313926,0.05229652793975808,0.9977791998865503,100.34912739160688,110.32415803478966,1.1223827673220015,0.04013902017675344,0.0394763837988352,0.7710032551841721,-0.6343378080146472,-3.2051629182108248,0.4322972342672403,1.3855616412394052,0.04655723386912642,0.07823599424241037,0.8020107895489121,-0.5903306248421197,-114.5327276024784,-98.36507729278134,2.519375321925369
0.02628104641457749,-0.01630230950720965,-0.4550170186177501,0.889945534329096,18.3457842301774,-13.182191072549585,4.1977401173795705,0.038799727678725304,0.033102909372883856,0.7707800911422673,-0.6350565562387539,-3.1975684314136448,0.42320704069293397,1.3793849270625058,-0.048722703688632366,-0.057018341597608276,-0.3954882549213206,0.9154037617827537,-23.655989943801387,-9.649866173269219,-2.1071901473418713
0.02729236274026664,-0.017574873413098744,-0.4517925366359936,0.8915322510153975,18.479437229409825,-13.07778065141224,4.190747377027179,0.03520246004822148,0.03179933833306718,0.7719559247268809,-0.63390349357548,-3.196816906526937,0.4239602016944225,1.3600744938053486,-0.04788517646577866,-0.05418207186732669,-0.40034417805568057,0.9135074449942521,-23.722420056773036,-9.65399261832545,-2.0535144453600562
0.04158833956346451,0.02373346155897562,0.05909357849171353,0.9971033455945408,100.86436336114195,110.43061406703339,1.3439712844569058,0.0355419900679202,0.030547240806141428,0.7760707244086388,-0.6289021098207527,-3.1802947646097586,0.4262102113146157,1.347199810937804,0.04498033276870008,0.0755599694864152,0.8105599173477632,-0.5790164773686637,-116.3815290671187,-96.79958858903262,3.3821743854279416
0.032471913311337273,-0.01759086542671134,-0.44691013373105776,0.8938162387582408,18.358025145524323,-12.808989791139084,4.153139462508101,0.030940725384771137,0.0319419359572115,0.7752890550907658,-0.6300390982283854,-3.182781672222263,0.4104418638812415,1.3552311307858587,-0.04747672833293057,-0.056470130773009226,-0.40981359961476876,0.9091808940843765,-23.505871204843356,-9.480029765352812,-2.0472120611438243
0.040707072779442355,0.03519728310857574,0.06447025272145109,0.9964675970655223,100.75944202945345,111.0747624392992,1.2946719397285982,0.033244493832218336,0.03017708733033025,0.7786369698474277,-0.6258662926032309,-3.1845892589779607,0.39100221022554904,1.3808531029736735,0.033143864187909905,0.08165203366874509,0.8161779633552004,-0.5710411209342184,-117.3663910562887,-96.33206699363585,0.7259237469307155
0.03480749098511857,-0.0025287698260112656,-0.4421511129706757,0.8962613665629466,18.33036538155352,-12.44521290811008,4.152525645339733,0.03239796318036347,0.03889012454962301,0.7794713624714351,-0.6243895621174359,-3.1947243911915133,0.36609326600641323,1.38314093442926,-0.035546268616967025,-0.07473301659085262,-0.4210999340564474,0.9032310250186812,-23.19197807402197,-9.464143629904365,-2.7732085488361555
0.03676639950760493,0.045522319846744624,0.06688091822840952,0.9960436200488122,100.62246429769516,111.58084099931398,0.98507621401167,0.034753579598995846,0.042506345394563765,0.7795498487696952,-0.6239290284875353,-3.197503212799508,0.33671763279911027,1.3661664624603929,0.02491165101754981,0.09707776079897935,0.8182138580016173,-0.5661107670553046,-117.68730174835632,-96.4332544867736,-2.076608658969209
0.03591870702869295,0.04914353180872309,0.0671163848631273,0.9958866153582226,100.39303643514256,111.94941231758139,0.531243532485604,0.045568536019921516,0.043423700751182064,0.7797592602641791,-0.6229072055854975,-3.195648726620435,0.3109519632502351,1.3346081681976771,0.03234943432905473,0.09880649146017377,0.8190387658568047,-0.5642395691261674,-117.54786358343638,-96.79975401077026,-2.5911983695864422
0.036040058954637334,0.04960700524422791,0.06679458968223838,0.995880887441077,100.27100867820263,112.10144245758147,0.5371261656347883,0.046969379615057746,0.04687476672627884,0.7801024902890582,-0.6221227678422833,-3.207526965404479,0.28576972742529205,1.2968986763410124,0.03362968116678646,0.10252097099452574,0.8190842362386475,-0.5634354523779203,-117.39296558356062,-97.07122651384344,-2.6828857422109116
0.03509874584554412,0.048595018489672764,0.0654646139433677,0.9960527026916318,99.74971163852285,112.80880800813702,-0.621313572934298,0.04922742573236367,0.04992762492692864,0.778052399669517,-0.6242742636000836,-3.227049728733789,0.262194267354152,1.275238475114986,0.03640337610636217,0.10415317413923539,0.8164888798335729,-0.5667211127467356,-116.8440520558655,-98.08181043314549,-1.4058866240153598
0.03749864307847395,0.04239694753205141,0.06528943844742043,0.9962598254644509,99.68175795161642,113.01401492064667,-0.6175267974447038,0.042614843626229866,0.053512112275904286,0.7763933277771221,-0.6265252026260789,-3.241536275051335,0.24449104378951741,1.2615238378644154,0.0365263702048342,0.10620612085641401,0.8141950675663113,-0.5696248556049691,-116.8541663498411,-98.27809448213084,0.469885962097916
0.036364287672417304,0.03817043384938722,0.06543633059598518,0.9964631168286964,99.42160494095822,113.35932435605866,-1.010136118617897,0.03670866772188057,0.05100599141663277,0.7778795723482147,-0.6252633313069379,-3.2559146969910024,0.23151632943350386,1.2773738177286578,0.03296173326104114,0.10057711783663485,0.8155896304645092,-0.5688684577183631,-116.72915946132915,-98.57749169321211,1.6087736153899663
0.03173315938738693,-0.011371567113565906,-0.4481857351618536,0.8933046741476871,18.058271688521273,-11.41432975210796,4.123425293987424,0.03357938282580654,0.04621957464174957,0.7751856767353597,-0.6291449296889517,-3.28003790210627,0.20338131194153777,1.310884499904416,-0.038061497873663856,-0.07378268928520318,-0.40865466218967955,0.9089052779096924,-22.048525604269752,-10.33200639355279,-2.3059086783809084
0.02931508162717446,-0.00784454745304898,-0.4538066840879711,0.8905832822041571,17.99600456566975,-11.26927183249336,4.118289233050739,0.032087607445191985,0.041001332871609425,0.7743798680154627,-0.6305752105526742,-3.303176999173487,0.16571524591077608,1.338089316347098,-0.0345300312337229,-0.06883110421797926,-0.40203684898183667,0.9123794868890289,-21.7369256273819,-10.665928728032934,-2.426438754730136
0.02961214612915577,-0.005124664903840933,-0.4585046642200492,0.8881837262074265,17.867988861793236,-10.97272016670513,4.120971146156489,0.03284965601270258,0.04254955338546554,0.7744216056822916,-0.6303821160685048,-3.3306275952781594,0.1354922956466332,1.3342343387592883,-0.03230297975592162,-0.07255533002102714,-0.39736719986026997,0.9142163584511254,-21.28488356537338,-11.00069631026005,-2.5451990363029102
0.02518422456721193,0.04050128049007601,0.04987730324906693,0.9976159861049807,98.60242922207544,114.77778893032882,-2.3833206201514407,0.03404077506555528,0.04328903371771122,0.7688216105052763,-0.6370876049750116,-3.3617578016798038,0.09872247009117147,1.3084437822116606,0.021025059265670863,0.08665300987598239,0.7990534350051861,-0.5946114788403607,-113.05784168710338,-103.82344894981284,0.47825226499954765
0.03513128030150537,-0.01041592116451816,-0.4645364679972284,0.8847955535779616,17.685396795362067,-10.654776342728155,4.152490247083961,0.03911562473837482,0.0439221018450522,0.7650698755319958,-0.6412557231123135,-3.3985657122732356,0.06920469881121652,1.2850112897639268,-0.044702954848315254,-0.07723132976508866,-0.377093290414626,0.9218663774402537,-20.762442411136856,-11.453270841452992,-2.345901133869131
0.02814291555429198,0.03499117503391553,0.043403492177164826,0.9980479601906297,98.3582524829477,115.28857130660538,-2.5044922072626346,0.03281329172979857,0.04662651786029467,0.7655877698990697,-0.6407999861883952,-3.404636799585578,0.04438772554039383,1.2643185306928455,0.026018156819391333,0.08907950602647476,0.7917422387619385,-0.6037649579778827,-111.59575547871755,-105.78819557093887,2.5212012519714513
0.03573165467508372,-0.014966005877037815,-0.46998660170114986,0.8818230331215405,17.88615488882087,-10.187505858712484,4.159154189635078,0.02904810225940114,0.04757099266662653,0.7620882651287094,-0.6450695191721221,-3.4465640179086625,0.007799901309068519,1.2682539133881652,-0.03771237521309006,-0.07317797641513536,-0.36671842993378506,0.9266824448917075,-20.33980453529331,-12.21726619832623,-2.1017178703065413
0.028810425401380273,0.033726505268166486,0.03554283898310858,0.9983832875342058,98.43011915625766,115.57555610455222,-1.8362586426126004,0.028675907592040428,0.04684127681428496,0.7625689900010201,-0.6445712703797806,-3.4725965405002888,-0.018654449548411944,1.2812888222825771,0.02314600429688155,0.08945539811790992,0.7838636491222127,-0.6140193594810048,-110.04543699029963,-107.8893566024782,2.4067845173985054
0.029420788483484974,0.03352340985163236,0.03218169846840126,0.99848632263072,98.52331798328123,115.62516782251089,-1.2914778591982348,0.024670354613921162,0.047939594586725115,0.754061725272671,-0.6545869562960193,-3.5113444989326488,-0.06643617650543182,1.2913731665777997,0.020155533349625995,0.09120217293619601,0.7734026528895402,-0.6269962158024,-109.42524073562916,-108.73827982901118,2.0961614735341785
0.03491103146312631,-0.011742500411700154,-0.4761630860513603,0.878585254285722,17.47693265311875,-9.878204535767736,4.1295516235900145,0.02960211004302766,0.04878501792799386,0.7561930260558632,-0.6518556929652775,-3.5398567723732066,-0.09038700225233884,1.292666117578609,-0.034414904216197445,-0.07570229223513908,-0.35193968557870475,0.9323214225967876,-19.64237348402551,-12.447712181880522,-2.1877738800420903
0.02929815403159221,0.027574611885763763,0.02100184327261709,0.9989695598609816,98.65055814696757,115.8853927266747,-0.5666508572316751,0.031340106413997725,0.050615532609225654,0.7531962694691863,-0.6550963633285906,-3.583024463550623,-0.12072234816406636,1.2777431503080232,0.030794851147325615,0.0900364646152034,0.7655596265517031,-0.6362889048038056,-107.14237332175446,-111.46994862553952,2.7364812798233373
0.030301744245260134,-0.01847712759370354,-0.48588260335287153,0.8733032095501636,17.592180820486675,-9.488447471082736,4.113302716482263,0.0288000823663069,0.04836054626128082,0.749293478946433,-0.6598417198308667,-3.6201442386478995,-0.1450980573806222,1.2566971482378844,-0.03549280250109756,-0.06673979897720633,-0.3317572357257086,0.940331429202883,-19.129877479000722,-13.265872930143804,-1.8669523542769495
0.03791216614492838,0.021127836119353684,0.01691097589625879,0.9989145614582607,98.78224252536245,116.03611794063124,0.20598648754251414,0.02423891038315061,0.04956511774886299,0.7474705040432359,-0.6619997129239027,-3.6636234882791023,-0.16064816786105696,1.2368210140263263,0.034356203837946936,0.09142626161392742,0.7564872266851196,-0.6466745439611827,-106.4498830225153,-112.42042560057774,5.289314648933599
0.03413455531349445,-0.025753651798290388,-0.4858625862704734,0.8729886189493934,17.553799583886956,-9.240118286225652,4.099796254150261,-0.047088909319875596,0.18288169613007282,0.8757869713653312,-0.44422303027465015,-3.683095205169931,0.1748133840946534,1.0345230625601978,0.09224538746981922,-0.1552291336433373,-0.5436908342577517,0.8196310031367724,-19.221701582068444,-13.289452666988153,-1.7202251245525955
0.03514391588341301,-0.021698663764429152,-0.4866492034493516,0.8726205509551843,17.721659808550953,-9.009633851120498,4.0987380984430235,0.02000967457790226,0.041292193813145,0.7447101429093717,-0.6658088094200071,-3.7193226658201297,-0.19638110687740984,1.264274074435299,-0.036924383812402296,-0.057494978242923545,-0.32394869586697017,0.9436038150638273,-18.774266189157366,-13.794229115428315,-1.6338640926719104
0.039715978124107425,0.02901548678539418,0.015394335403242329,0.9986709953962538,98.54298390292263,116.80684828193546,0.5230304068012579,0.013434739690972183,0.045506700885811956,0.7424160697967059,-0.668256707599361,-3.7685257467503885,-0.22891495536923223,1.2716909045497915,0.01911633539445764,0.09411497743760741,0.7502992356893894,-0.6540856164654009,-106.00154309969388,-113.6409736819912,3.870056455299099
0.036073406563863965,0.034275873941068645,0.014242939137995935,0.9986596079191176,98.27053454810857,117.20990128612391,0.4552112095113756,-0.04464193632330576,0.26197970930082576,0.9214544864679022,-0.2833643569754946,-2.9635451499213437,0.407898445958889,0.8945075814679659,-0.06221247773614228,0.3052169494547192,0.9132746755146318,-0.2624911206938804,-104.59634967793376,-113.7890115723997,1.704177370782375
0.036461757526515426,0.03453941800252539,0.013438376206836066,0.998647574916721,98.2487295345918,117.40773703489799,0.45850799253823027,0.0159655855753946,0.04713834711422573,0.741078118136796,-0.6695717281422495,-3.8254872386382135,-0.28338249337611643,1.2549574582863947,0.015394811262563495,0.0970076729385682,0.7479065173325596,-0.6564970316069337,-105.3032792531205,-114.7943247524789,2.1123590130651406
0.037865532818211645,0.03432128438972635,0.014538454248494202,0.9985874444485555,97.79820469563663,117.87165867679187,0.40485094883397466,0.023498319397780257,0.04712366034303572,0.7446676635123811,-0.6653549883636292,-3.85858862063385,-0.29347023807454153,1.2432389040157,0.023786302388586467,0.0977485419406729,0.7523111421231359,-0.6510816997923795,-105.16902757973544,-115.0246226972193,2.5721633837158864
0.03979742985979558,-0.01596865913046978,-0.49070826027079073,0.8702681022559333,17.533924910086768,-8.350134223909436,4.081125315953182,0.028128045459017002,0.04091538606503095,0.7391667555155736,-0.6716898479077863,-3.8784464969490835,-0.32287289684305687,1.2444637698219227,-0.042936454396558625,-0.06810097052058248,-0.31159199848778096,0.9467994218293534,-17.923783398660646,-14.365951217502648,-1.8250086869365263
0.04215128204173478,-0.013892121537203964,-0.4894912490547524,0.8708780600521822,17.46470646629706,-8.240341234908783,4.087973026416416,-0.05714690548795069,0.27545526558064753,0.9128035101137585,-0.2960546905236389,-2.9921576416611555,0.34190140339641417,0.8369326773035253,0.1594410661349845,-0.24627804763419897,-0.639207469010901,0.710872338218266,-17.91753023042262,-13.260830982462446,-2.4124496434596048
0.04183015208972508,-0.011561197029033743,-0.48903601394536755,0.8711833068670637,17.206054523975666,-8.146571639344756,4.114384246696913,-0.4232604694327096,0.4044428328089646,0.7390668355882553,-0.333251830510539,-3.161585381479318,0.2854369502921794,0.5823831687346407,0.544040094193867,-0.17241671975748937,-0.46886603546439615,0.674134624125994,-17.739644809703798,-13.263156523639655,-2.794322251227367
-0.0034465726103959375,0.014828702246917177,0.9998625711367406,-0.0065627407948220555,60.84781057814632,148.64372048686118,2.3287047839602835,0.004756716574041881,0.04608606948302211,0.7462063636277418,-0.6641005275773411,-3.590684434957522,-0.6473240249524815,1.0850290772784028,0.03269437615908293,0.002217380778722979,0.6593414769713609,0.751129135192661,66.41425057749221,148.3365106130254,-5.2066572412058
-0.010077167523455327,0.018441300650657907,0.9997684086558767,-0.0046366128490590046,60.43803572734021,148.46658791404275,2.1332472437494943,0.004089396989292171,0.04127382394251043,0.7441253435967493,-0.6667512439481809,-3.5647400754278986,-0.6795431699734321,1.1204310756550395,0.02080370116674121,0.0005172637402069467,0.6636379460395296,0.7477644114508409,65.4454386416615,148.4312466700404,-5.1970277427053855
-0.011707692678329057,0.01799575515515652,0.9997588980736537,-0.0046074343293272015,60.14035997066594,148.2357372610736,1.5704378053086003,0.0021992226633177794,0.047934955255314333,0.7426181558948118,-0.6679937709438144,-3.552708061993842,-0.6987958099491799,1.1211697646232468,0.026728624982760962,0.000907157615595392,0.6650119363710606,0.7463537245539839,65.11818467969016,148.25558838242625,-4.290272214131399
-0.0138223805541954,0.01661191323767543,0.9997550824795675,-0.004770868964046553,59.84567302488938,148.12605351573586,1.1981861614368796,0.0034479972557673816,0.0491850505499035,0.7402494508003866,-0.6705219554250658,-3.5436916989334266,-0.7211799735610241,1.1183899432406976,0.027591385037423394,-0.002775165278512059,0.6675632320374059,0.744036521389351,64.85271864615805,148.18006000438206,-3.2421514837423677
-0.04093147387568979,0.023146907065641313,0.5097941358828122,0.8590103457812107,4.044494466063043,29.19931657183355,1.4132343797280598,0.009297483030462607,0.0499133480196595,0.7407941677084462,-0.6698105818721566,-3.5238346896865953,-0.7375545918655673,1.1104745606039867,-0.011131261852684246,0.023318526181422147,0.9800735958227816,-0.1969469170037859,-29.76476628921979,-7.618861055202391,-3.098252533189029
-0.047484571627713454,0.03662886136053101,0.5040115205082834,0.8616124007740903,4.03849168313036,29.64216177291746,1.4375870719712793,0.013777763587003349,0.05143722771402562,0.7352653185325039,-0.67568431696979,-3.52185128272842,-0.7734010558006392,1.0978399156648624,-0.021220464450235715,0.027210590171697295,0.9770135348022659,-0.21036593945837748,-29.97215466182139,-8.217712631455788,-4.064458157491294
-0.04144171277587717,0.022111723945410965,0.9988950660313384,-0.0015176180718339154,59.07543107870822,147.7438563639298,0.6862881041985744,0.01834888743175632,0.0559764409598517,0.7368750422483145,-0.6734575922053517,-3.5107177650406984,-0.7984845319244788,1.08997820472106,0.01168393046626013,-0.034059619465924534,0.674320656276542,0.7375602216832668,63.060088323976025,148.33923466739643,-0.9553797531833219
-0.05032398993640336,0.05353837254236481,0.4963293077286,0.8650192812833968,4.176342523745689,30.080459859633777,1.4961969448794363,0.024580991402159424,0.06787884791114453,0.7368987185772007,-0.6721372742433069,-3.508542717934877,-0.8279642961015443,1.0841300426930065,-0.018323694436996576,0.045417697878747,0.9757649886803994,-0.21327016154894815,-30.1693961408434,-8.86958051220299,-5.069124395290807
-0.04354954182959091,0.02813826754467948,0.9986453668203709,0.004371113613684673,57.968587523233396,147.78098774621765,-0.05874302273774035,0.031174289506317544,0.07583374201490845,0.7340640476508608,-0.6741122912336099,-3.5049894463172366,-0.8460517190645204,1.0910348136598045,0.02585470948044791,-0.043800382820184676,0.6805875089277289,0.7308992428194431,60.20444560678894,149.1375340274701,-1.9339565929137974
-0.04080417333016048,0.03491171628737451,0.48393143533042815,0.8734566717380683,4.376386996439805,30.68156597173936,1.636017512732245,0.031936299065362495,0.07872321493405567,0.7315000688655764,-0.6765281793703136,-3.507542796607693,-0.8531790472529502,1.0981291244751652,0.012848515923932375,0.047076842516553266,0.9706540551311668,-0.23547694535696265,-30.687190467150852,-9.951920353986921,-4.017640951291044
-0.036105769695156324,0.02336414376580922,0.48024624207064964,0.8760787847892619,4.43043453188443,30.860949012981223,1.651129125494954,0.023294828583410157,0.07252835454689731,0.728820823185874,-0.6804536695754195,-3.5044101095485662,-0.8440464995631926,1.1058854336613035,0.013642996857599005,0.04193687939829698,0.9684527346122304,-0.24526407728236357,-30.850041948832914,-10.285121278980082,-3.3101333280616823
-0.03161044974852852,0.014826973651127876,0.4699448893387828,0.8820049553734965,4.703607859777776,31.00067984713769,1.744049667606177,0.019616279227600845,0.05865960641992788,0.7272502190986204,-0.6835798204927735,-3.499708937382404,-0.8361763274379935,1.1224354089918314,0.012477252331256515,0.029666206853247615,0.9648282467333923,-0.2609036003020482,-30.904118759332064,-10.876871924919934,-2.809861683373321
-0.027227831986499088,0.012681146423487413,0.462884824714775,0.8859094043633767,4.587904099081925,31.29679677035898,1.7201426339250787,0.012292806893531238,0.048257310717953035,0.7215170180797479,-0.6906035849040013,-3.5110107208614894,-0.8396573446543686,1.1371472592509209,0.005274588713540992,0.026173752667233156,0.9603384599032743,-0.2775556805684668,-30.932387923414566,-11.648357067973352,-2.4873968172249605
-0.01746987725203258,0.025160330867001115,0.9991892935539861,0.0261250222305808,56.527151467635235,147.28550883553567,1.6061251724778565,0.004856745790672658,0.04386312039745337,0.7191917613127929,-0.6934087172433917,-3.497784698308751,-0.8349400843567533,1.1511372461765308,0.01374557502757188,0.0011753175610315523,0.7125239477392123,0.7015121536323659,52.320030038098245,150.89479574019512,-6.020169375231933
-0.032251961970083544,0.02797760373013457,0.4475880731768509,0.8932200072705682,4.93190783169689,31.739983339832065,1.675475579289028,0.007390094048151499,0.04559117571864481,0.7181635064290802,-0.6943399810179732,-3.5048804750531017,-0.8467001184641151,1.1644245024798763,-0.015479274305221427,0.03367901909653131,0.9539334686557824,-0.2977197560089464,-31.00006759346893,-12.684542582609645,-3.380931471878041
-0.039770809306437734,0.027176674115228394,0.9981799975124813,0.03628227772795278,56.02822993869722,147.03306029594387,1.615603005548099,0.012107596827048596,0.05669232686266832,0.7138062396832826,-0.697939852969568,-3.522742790029168,-0.8684106881014191,1.1605243909503793,0.009871925520347054,-0.019449602126435112,0.7251518608672402,0.6882434429360172,48.84967380456871,151.71238160455692,-4.293390942821242
-0.04178944551921619,0.026901433257367192,0.9979239187236849,0.04096104943797214,55.90833165468314,146.99328751337737,1.5754235645466679,0.019851265385509173,0.06582521943394681,0.7098365169636206,-0.7010029150681345,-3.528332795726456,-0.883263626796192,1.1532215872582863,0.018111546778442452,-0.02791947379790806,0.7319080516179122,0.680590242975178,47.30904428638225,152.1377829349914,-4.039683768212159
-0.03597338373154614,0.02886912447164616,0.9978416633387921,0.04673868013130262,56.029897105556984,146.7783024656676,0.7199515145702158,0.026632646505229153,0.06956374098448719,0.7064925059794699,-0.703789689520399,-3.538319113039835,-0.887262797765918,1.1475732136467793,0.024944857097258015,-0.028420980721716678,0.7385625060190694,0.6731236340094181,45.65504843562448,152.4774622577028,-4.462562508691184
-0.030486591068102503,0.025039636142999627,0.4224368844351572,0.9055333583339656,5.499718660317285,32.860337493399925,1.537917739298699,-0.024077611658541716,-0.06795938380693482,-0.7037877412637048,0.7067422486425547,-3.551692745176391,-0.8802566833289955,1.146279205709977,0.011342880021291421,0.047608697481571455,0.9385320150945413,-0.34170514722419765,-31.543824120327777,-14.683616873758968,-3.144468149257398
-0.027628503622999737,0.024461967243400794,0.41593181141537333,0.908646799476487,5.7331709209918245,33.01277903769375,1.484561022978852,-0.023914113966419317,-0.05902987204485901,-0.6982608261865483,0.713004493655438,-3.5674540642611765,-0.8781681303403563,1.1605661474843558,0.009501804031439102,0.04184025436872429,0.9332496088137802,-0.3566570852842193,-31.620989461424625,-15.060677008842427,-2.914091841026328
-0.02269342537977238,0.03912540373515836,0.9968944022142431,0.0644652003874999,55.19591649450092,146.5654615767986,-0.17961624892997818,-0.013985359397954887,-0.05446704507713869,-0.6967485674346704,0.7151078132007855,-3.561339029310574,-0.8557012103207207,1.1685403414199627,0.011710646538491862,0.0017365727607421004,0.7595862386348522,0.6502988475687579,39.45432102445794,153.50215624919036,-8.226567919679168
-0.026082631245831416,0.03769324229743447,0.9964419182387994,0.07072778385459907,54.80951747236054,146.53282820628976,-0.19245655976921583,-0.012888040600107805,-0.05292486206942311,-0.6943728100503531,0.7175508748842822,-3.5826203437223976,-0.8473011314066148,1.1805464573684432,0.008759316189144715,-0.00016317665685609554,0.7659754319255471,0.6428101472750324,37.16602454328865,153.93021591330717,-7.523607389005883
-0.03160992576856453,0.0332651078750919,0.9961662665474375,0.07447828263261809,53.992421757247484,146.58386117704083,0.013334930520592536,-0.011186285195319034,-0.05594794103357074,-0.6877068764156858,0.7237430117439573,-3.6057485581136244,-0.8533058564218112,1.1803602170827256,0.010812480543660291,-0.004639467349069079,0.7743282243055775,0.6326747716251859,35.197316850465796,154.21490975895153,-5.961534124395826
-0.03716554225384568,0.039634683433084794,0.382647146783355,0.922295492451684,6.711067012281546,34.05983053564006,1.3585680875982433,-0.017148997539751805,-0.05806195522691249,-0.6836756884177565,0.727270427217494,-3.628900304507425,-0.8553207389699581,1.1726444862723713,-0.016092984638839198,0.05040422007712466,0.911676558780194,-0.407487769895655,-31.801878043342686,-17.258422350511083,-4.099352523805919
-0.03882810430692961,0.046926153556907275,0.3767379098228885,0.9243153475576205,6.8917311656841775,34.28763954904775,1.354352838544223,-0.02396581852701084,-0.06190655468518443,-0.6789020432634102,0.7312217404331653,-3.640032215622395,-0.8544111428067812,1.1567207854556263,-0.014775695643580822,0.05614529055656675,0.9065268660273577,-0.41813685120685556,-31.819470803114456,-17.680148537005294,-4.566667351175024
-0.03614213460296413,0.05150448627651846,0.36957719726688365,0.9270672733195192,7.192826052758164,34.4849500161568,1.374033644566147,-0.029006521058510603,-0.06391345534928135,-0.6766865433299996,0.7329181496166501,-3.6579342577634506,-0.8535280844164235,1.146688055245753,-0.0108296671190169,0.06182360066951461,0.9020077188502672,-0.42713304232391697,-31.88523765743768,-18.110165667178535,-4.685321636145677
-0.031579119733581434,0.05213359003743453,0.3597377020187143,0.9310604887615819,7.540158020202853,34.59785103363879,1.485803831637682,-0.030899862830339724,-0.07112146182410022,-0.6745022859537798,0.7341890780910559,-3.6799319449539327,-0.8454435868998449,1.1402933374773077,-0.00399455782905654,0.07207826131855735,0.8959747937702257,-0.438198512869961,-31.83957500968992,-18.638723148920523,-4.590903229900818
-0.03997204431855031,0.04549902337507401,0.9936607769097571,0.09471185235232264,52.08510547869946,146.6249398687662,0.17602172918963532,-0.03374327322198991,-0.07405849224353594,-0.6731896229662298,0.7349778654962785,-3.679935591566565,-0.8142982478935037,1.1520143160402396,0.016776868646793855,-0.019983140464052425,0.7985732683272029,0.6013318101421307,27.285288622186783,154.963590574005,-9.52994883172287
-0.031954815609315526,0.04545880106039947,0.9933626637799127,0.10071248866750221,51.7666102719445,146.59713152162396,-0.000769974444729371,-0.02965383791206605,-0.06964793913316035,-0.6698844449185342,0.7385964019190562,-3.7013633400729753,-0.793268360417722,1.1693519809039046,0.018118318610729184,-0.010272925157119629,0.8047334338068575,0.5932708437576051,25.08162062233454,155.14904585238554,-10.083706533495967
-0.025544062865062063,0.04338313331568725,0.993147434734907,0.10546837192036647,51.640152956308384,146.51997712464004,-0.1271229125599831,-0.018011459265470483,-0.06593087931189712,-0.664494525972389,0.7441610923993665,-3.7317401214540133,-0.7667713008899945,1.1741559678657998,0.01954197060927931,0.00437573786995054,0.8116103718146762,0.5838557772820633,23.460983847402094,155.28339682019737,-9.888126232923153
-0.02203444700637788,0.03865234008792731,0.9929012919465982,0.11030641051918415,51.239443587806704,146.5365583420222,-0.11715346427842732,-0.018153508836527353,-0.05565992790050895,-0.6608559444065314,0.7482257969928487,-3.7612747896607948,-0.7337166387165771,1.1859419412333345,0.015236892335182065,0.0024740871613622615,0.8177391189287638,0.575382003001739,21.532517115986646,155.48150808154102,-8.784208781399451
-0.026775137882090804,0.03776308458329744,0.992695434146777,0.11141281999075131,50.98663849834941,146.45112891588417,0.10846573943366877,-0.01786144635000795,-0.045284298410484654,-0.6592882150065748,0.7503128351595756,-3.7886425250085,-0.6947701875257213,1.1925922103541504,0.0019570241334315977,-0.002004130654469515,0.8201722815083151,0.5721097640857967,21.019342645644063,155.3749979912962,-8.379713497093938
-0.022543318293970455,0.029614309633973893,0.3261031117753307,0.9446012661200736,9.145048154601682,35.969530932149326,1.7010365119176427,-0.021866150148335494,-0.04765250539957133,-0.6598909346024132,0.7495298957589269,-3.819935359427937,-0.666493323570548,1.1919662772433541,-0.0002446820629279655,0.0452026763631871,0.869479640239947,-0.4918961408554711,-32.670415516193515,-20.790241162905083,-3.3102938957282406
-0.031062939457637516,0.03910221808487304,0.9922541132580416,0.11374482430243502,50.48415341523082,146.51135979193646,0.6031774271245673,-0.026581277149313652,-0.05514375571039691,-0.6551618525352051,0.7530043485225709,-3.843436765776856,-0.6437235729972608,1.1914221106042182,0.008731290995005539,-0.011010177487870365,0.8244452459701535,0.5657672462651575,19.91600811180321,155.33403614293022,-9.00785675181345
-0.02290300057449124,0.03863795171882664,0.992423848362866,0.11435675079459821,49.93544167749576,146.51471566372072,0.8115784472900458,-0.029497918663160115,-0.054718556663939925,-0.6545673954993282,0.7534436124225773,-3.8610615955982657,-0.6071118154041449,1.2039468676642913,0.01513002380262895,-0.008897041125652368,0.8249825681820422,0.5648855523331274,19.178280944394402,155.16860926540852,-9.692578441445125
-0.017485241623411977,0.035691788621609676,0.9927824055722541,0.11315236513891198,49.51803920668817,146.54455199662914,1.695889464370623,-0.02315445938717561,-0.0499351249024999,-0.655949832930603,0.752794906325603,-3.8999858963624883,-0.560371005449044,1.2160158277036448,0.0156198716531104,-0.0019379070535308592,0.8232833648075538,0.5674123415620641,19.171375248681308,154.9992898882597,-10.06243316867987
-0.014997405395491808,0.03287056253859659,0.9931678042219326,0.11096087872211655,49.08303544018963,146.60119493810907,2.6098254682893653,-0.027214631291006965,-0.04107285059510533,-0.6599135840351069,0.7497242469025706,-3.9209275235539756,-0.5041451050039534,1.231853602747123,0.01087634304110176,-0.007724349809597069,0.8193371216643041,0.5731568028427515,19.448223170963974,154.81428016650932,-10.2764408985789
-0.013869782447940716,0.012520789142485023,0.319425741031694,0.9474270710405363,10.883730824476743,37.12435088511921,1.8611394679743825,-0.016562891365319268,-0.04334108443942141,-0.6535396526127959,0.7554688236399842,-3.9554618403565995,-0.4655577975274034,1.2214656556295473,0.010875369251680433,0.036166515879842265,0.8613058595839425,-0.5066812861347046,-34.52433421213604,-20.906143289433107,-2.1483892269278613
-0.017154625490628534,0.03202584380237014,0.9941187205618525,0.10201977054222493,48.16086861905046,146.69847436504153,3.0059844604230577,-0.014841077965144035,-0.03631143729513646,-0.6654540935403208,0.7454073190657734,-3.9869833571404496,-0.40957392236711415,1.2225777721437734,0.003513050700289332,0.0014073736760945716,0.81001105140907,0.58640239969605,21.426440522428393,154.27170190576672,-10.222842741339905
-0.02003022444166408,0.032225487466939866,0.9947075656226991,0.09548385706127717,47.850668271046175,146.74533916309156,2.7746348682831297,-0.017789157256174665,-0.04025207328962681,-0.6656472957137621,0.7449677806381675,-3.9994183728179853,-0.3622068104032752,1.2114519795573129,0.005364938748463204,-0.003177700950266219,0.8059631811095349,0.5919328258719017,23.180738104358994,153.94158992685655,-9.805375045982979
-0.017147357594548236,0.019239125358160122,0.33723087887882613,0.9410691571364945,11.777525166923851,37.84872838758753,1.856136787051895,-0.01969273556463393,-0.04124548902382401,-0.671047862165532,0.740003900316908,-4.023010185158709,-0.3080602801320079,1.2001721425800527,0.006841993131190599,0.03490418921745771,0.8821407338816204,-0.469640937666065,-36.35719416670356,-19.403690913559455,-2.77108998697004
-0.02614297579136584,0.0391376127401559,0.9960007626159146,0.07594256352198098,46.96231235775588,146.7586848202809,1.7977975151582442,-0.020441000478576794,-0.04573717691622178,-0.6754043489646374,0.7357440054440291,-4.05826658743352,-0.24618866560362562,1.1904799822741812,0.0014383534899921877,-0.005747669185424668,0.7860892460562477,0.6180846161108466,28.459840042774495,152.63663426449824,-10.295461341506853
-0.02803821115285886,0.03977105230762551,0.996218390351609,0.07197944733700751,46.70251340997049,146.79530590473723,1.7993003730717518,-0.019947577237462894,-0.043967369775833494,-0.6848361247411943,0.7270958993192123,-4.084743950828273,-0.1892528338453724,1.190294258917066,-0.002386203761383789,-0.006991607135708129,0.7756665347616623,0.6310997150309163,29.46674317544391,152.3476064516516,-10.300231130419705
-0.032679891139279806,0.03986105924028852,0.9965506849057785,0.06503732071042716,46.454617459500355,146.7982557213569,1.8264267342620961,-0.01993623394268865,-0.04681368986590155,-0.6878699588449091,0.7240483027644113,-4.111187775236587,-0.13900665407691656,1.1863277901361169,-0.003132230953533381,-0.010441013712291029,0.7686125968360686,0.6396216462463011,31.41097013324349,151.8655261227435,-9.903655427845901
-0.02238119691874409,0.03038934993055779,0.3521289660474609,0.9351902270156743,13.163669021130318,38.50708291058186,1.6991154654793093,-0.020129553950703972,-0.050860628827995163,-0.696993396742159,0.7149882533236431,-4.15587356559208,-0.08366645419662815,1.174011131569054,-0.00044900635450217735,0.04660464576309469,0.9053395331148246,-0.4221233648662691,-38.31831932420243,-17.54076660571308,-3.676430002364822
-0.03322420552429408,0.03611810577507191,0.9976321407601236,0.048184502953473055,46.13055166032041,146.6905481303487,2.130287109094965,-0.023791606114447132,-0.0554616219553281,-0.7040493205638094,0.7075821663822637,-4.181241126845023,-0.035463003896463965,1.1620607252992106,0.007538900204211349,-0.018897832048869103,0.7425329540504761,0.6695004474058528,36.280434441012076,150.5529660520671,-8.847077983841608
-0.022677692488084614,0.03439559524700357,0.998609664504078,0.032884696289812346,45.8176929231563,146.64230397033828,2.162879395647419,0.02575581515139091,0.05358154967707283,0.7063847481459645,-0.7053270469128864,-4.2218344971015,0.013154499460552964,1.1545274464974968,0.014062311746275903,-0.015717025413838816,0.7296766460896806,0.6834670574737353,40.52622795547735,149.26186895349002,-9.143187456295205
-0.018854762535090493,0.017100366259475357,0.37056747665477685,0.9284566875461927,14.16324110211076,38.87335206322095,1.575410015913917,0.02196544675719908,0.05098265418976562,0.7086262002333209,-0.703396898246935,-4.219654000723163,0.06148399884098327,1.1469571723660472,0.013906330403510577,0.03786287190719146,0.9199216312699955,-0.39002206248775034,-39.98573702056265,-15.454051254992923,-2.605502173906914
-0.017647056084878803,0.015798945088079035,0.3727168484757256,0.9276427790954686,14.222192548949579,38.84601208737354,1.5631829678036269,0.024806428327852025,0.04281752712542397,0.720671008734643,-0.6915089281085752,-4.278062356948677,0.137169657805415,1.1588129273963075,0.015381379352097522,0.028680985941545275,0.9274098044351755,-0.3726283253486743,-40.07924849415824,-15.118386307564545,-2.4260388596815607
-0.015520170050754175,0.03686865468178991,0.9990966752830542,0.014340852899947154,45.00518879401534,146.78891123995925,1.7250680148120274,0.018847975901686274,0.03788354903805262,0.7209418463619917,-0.6917025695202045,-4.323032922171811,0.1776571082885315,1.1586816146277683,0.0008041264590392556,-0.003974664529202841,0.7026995170986422,0.7114751886691856,45.26885384306592,147.58089082181698,-9.953171618686362
-0.020353388343816888,0.025461095278839243,0.39298355510685107,0.9189675715854766,15.044570157729822,39.27542542642436,1.5988985302309686,0.013786641544644127,0.03467361166013423,0.7262309962650658,-0.6864373308855016,-4.327150164620892,0.22291713445574918,1.1545833081190624,-0.0061663264803619566,0.029142186088541296,0.938198066174596,-0.34481458500760487,-41.501622697658455,-12.938340151633913,-3.2823826315759828
-0.024121704688309476,0.03291149630315748,0.4015286330569288,0.914937010733226,15.354074201190315,39.415327882660705,1.6380981709014577,0.016464029168216168,0.0356514266830205,0.733748301533032,-0.678285589937162,-4.364264967347867,0.26424715234567525,1.1487880891348419,-0.01113154095379759,0.03063216447178777,0.945086392406165,-0.3251914362102233,-41.98245720650983,-11.953274524287673,-4.056101739830578
-0.036021665304771806,0.03793889800898094,0.998054068133498,-0.033928700663450946,43.86845485081244,146.70519079923054,0.674215188519895,0.018618501637416032,0.040288750509092495,0.740603919533535,-0.670474460625279,-4.388922953762163,0.30379261438959704,1.1311963200487822,-0.012670653407518065,-0.021189940591450896,0.6461996676317289,0.7627689234051165,58.30459611943193,142.54226306119077,-6.680572396779063
-0.021293213132001762,0.03665819928654904,0.4262282152933968,0.9036217593591849,15.828759928917862,39.792248588707736,1.6893127128527539,0.027259768594555145,0.0478368334292661,0.7535537586651004,-0.65507654147079,-4.403580014688289,0.35677839681869616,1.1108076382223726,0.0034493199213943195,0.03957586668366001,0.9621575722477641,-0.26958237912483407,-43.09340392497273,-9.450483312002033,-4.2994720953971886
-0.017295079248064015,0.02883833266343218,0.43503226467264494,0.8997867300070534,15.692680002575571,39.79103649525359,1.7236185569172306,0.02578725224491924,0.05220648191966133,0.758215657893308,-0.6493985809906325,-4.4534312176802455,0.3944200190739399,1.0968109027693567,0.012817456138661087,0.04137058532725337,0.9663882994203012,-0.2534123955755758,-43.24844334450071,-8.6654722634159,-3.582431246358991
-0.01628149910871598,0.025142932155988597,0.4392491153619824,0.8978657808398136,16.125319280613667,39.94866788556217,1.771539474831414,0.022372001721523337,0.05704060476023199,0.7709791414692087,-0.6339061652697198,-4.477855125099178,0.45686493194614697,1.0856736268203262,0.015436471062798433,0.04477348866953495,0.9721697154607333,-0.22944082987664438,-43.70375861760191,-7.958775654756234,-3.347100364878671
-0.014963244391688824,0.01949309717709262,0.44059376774957665,0.8973701868793899,16.436493446229406,39.850717690577326,1.9569710154760003,0.030737041148569403,0.0409585616441859,0.7699861121144109,-0.6360023723858301,-4.511885459378415,0.4871256527432934,1.107013302035126,0.021102518315865387,0.024088609023836343,0.9723932959676455,-0.2311400021484909,-43.86225057275861,-7.477811519879126,-3.038864026948846
-0.017264885470275212,0.03534968228103138,0.9964629798981358,-0.0742553256329519,42.894003535426464,146.65039280052713,1.2834265548586679,0.014293329854728313,0.03983313868154216,0.7755650317222096,-0.6298475238930203,-4.525848402311407,0.5238989816761548,1.091531616212437,0.00034066938315560516,-0.008325728335811734,0.5712228858061991,0.820752691694208,68.67719257630887,137.1762807638415,-8.230588854479638
-0.021962778388138073,0.02690896477728515,0.45890579359539735,0.8878057313312788,16.4406724137757,40.03338857113724,2.0005867049686543,0.01912997732792181,0.03544101260811468,0.7838805628195056,-0.6196041008793597,-4.578851437683892,0.5758462149797143,1.0862126233319804,-0.0014538524817856982,0.022142586532986803,0.9815667189712214,-0.1898272066450478,-44.17865168470734,-5.634956256764037,-4.006009859807604
-0.03308460130394995,0.03024854438393964,0.993906144837491,-0.10070258176177906,42.99433132645788,146.21904849968337,1.666255550405225,-0.14340911227540773,0.23541839455718488,0.8931058436581274,-0.3554911504442853,-4.852558914756708,0.9887794402034713,0.7132617228586992,0.20964902208148106,0.10003299687275045,0.2668375814448353,0.9353279597048331,76.19114349606043,132.47316963238777,-5.275711742548919
-0.02618651822800209,0.04099502149949487,0.4637376837257948,0.8846361032469707,16.862558594616985,40.02755213834361,2.1946936967211883,0.020481424472843464,0.0401617990872097,0.7917562308764987,-0.6091712501537496,-4.672550908991204,0.6123480748168402,1.0505640682873458,-0.011666990535700313,0.030270218624401185,0.9848031454632125,-0.1706175837422206,-44.34427833662494,-4.683628878757087,-5.502443515250507
-0.046305736952140256,0.030655689063262857,0.9919415549584452,-0.1138769467451493,42.59634147952784,146.24380550196554,1.6340089955289692,0.01865049803313529,0.05155835217802896,0.8075358526322294,-0.5872646268568715,-4.704923838213355,0.6411090159732782,1.022236096554138,-0.0029302790789822466,-0.04376205271761568,0.4935316612137177,0.8686212037396325,79.23127035723253,130.95709030222514,-3.251997522328717
-0.04763969002409614,0.030743788304761273,0.9902643829694192,-0.127128797828327,42.72837699028298,145.876029309096,1.2486909117376435,0.04330307984709305,0.15974652334870795,0.9392250739654551,-0.3007692670276377,-5.199048549133161,0.9676438565751982,1.062625402066424,0.10948233239770425,-0.09868748582853022,0.18738011366036095,0.9711658416759892,83.08663073671822,128.01004918288157,-2.356271351730145
-0.040040191686523764,0.021783757381847214,0.9967020560819303,-0.06713614798369123,36.86587410609741,125.77551928872072,2.241516246806146,0.04880017347863447,0.049859732123328636,0.7714958645513408,-0.6323975657458086,-3.780129437067534,0.34508615037085,1.2726676160715065,0.004291643365686449,-0.06910147075848744,0.5815761378796379,0.8105404150227428,57.228862621336965,118.76468767209548,-2.3740417418552706
-0.010236187330087784,0.015371205878081492,0.19262091145544352,0.9810994500910043,21.59873061106987,52.01728028764694,1.7391315861598287,0.046604630675518156,0.05389397757850719,0.7764265083482691,-0.6261671699430441,-3.774440021020716,0.37136849003263767,1.2673423595784514,0.03776070845006738,0.045575622622519005,0.8836325495979127,-0.46442492268504604,-42.966122735556326,-38.1979472744999,-2.4798587649489034
-0.029184004449911455,0.02355617628997429,0.9967016149473595,-0.07196729260010157,36.721031453116666,125.34553819553008,2.3006294739674686,0.0464276732276606,0.047157473853137774,0.7737808661667925,-0.6299871546092224,-3.749043676178106,0.38258525801872506,1.2845030894632186,0.007047789985606786,-0.0574102683704019,0.574692202773379,0.8163230131592756,58.1365730987592,117.72766227669283,-3.8646479607231052
-0.009549454070825955,0.008667437362236892,0.1887814282859481,0.9819344457706117,21.99769495023486,52.16206502415787,1.7727635917969309,0.03753731944202483,0.047059121461924314,0.7757603198841294,-0.6281499142956343,-3.7310428746236948,0.39647282319884136,1.2913382082915956,0.033020732388619085,0.03715898606442435,0.8811035590387047,-0.4703034756798113,-43.064186764294035,-38.51602706835237,-1.96665542892768
-0.010490394195870945,0.008330005824955616,0.18436413996543138,0.9827667202990639,22.045594686990967,52.3767673330799,1.727086105938639,0.03657766559896105,0.0455170727911463,0.7771545838237741,-0.6265947839756987,-3.714594637135775,0.4062001983791068,1.3002772753558103,0.0312920999406458,0.035055934749437974,0.8800654541681032,-0.47252162098684763,-42.820483932284,-39.07934383710005,-1.9800023136038263
-0.010851604845112467,0.008678842247887968,0.18026631371531207,0.9835196879112357,22.37627728868972,52.46958926646391,1.6905994122910215,0.040422232742446954,0.0409121636498264,0.7772267527933459,-0.6265866362347001,-3.686483057071605,0.40918095392471976,1.3075799341046195,0.03358624770281969,0.029955040510179793,0.8781650572954468,-0.4762360671542662,-42.80727180621001,-39.411138060654025,-1.999992925708007
-0.01205482013252594,0.007161413971187697,0.17799965660667522,0.9839306467985492,22.570729708129193,52.53285299939432,1.634597196091292,0.03801762006415121,0.04504603545987815,0.7808461510599033,-0.621936334063978,-3.681686164445832,0.4220466780285742,1.299586037437115,0.03233558716623988,0.032596035139079056,0.8798181941277616,-0.47308757495583276,-42.8243122185575,-39.58622992655354,-1.9612216334436154
-0.025928645931292602,0.02378484569440843,0.9963445161713299,-0.077843378207664,36.00106749319173,124.27971012244114,1.4715344630091067,0.039165130979408436,0.04634092918361024,0.7779061178900978,-0.625444388052945,-3.6627021877416004,0.4232458514103403,1.2965357385520402,0.008403481496700152,-0.04792325199168552,0.5647363402035858,0.8238359117389431,58.50322941382555,116.10266000601654,-3.348653349847387
-0.027170819059668203,0.02299408037208824,0.9961544749927276,-0.08005798405800642,35.89995067396035,124.08729449960902,1.4071859103007611,0.041033923747867636,0.04359588250422332,0.7763384921610912,-0.6274664626253545,-3.646455632434155,0.4226986761194796,1.3018079472780353,0.005243172827893491,-0.051032063661633875,0.5650295031989641,0.8234742850459046,58.86545998878797,115.68509126510334,-2.9459965624013735
-0.016521931227412662,0.007961131427816572,0.17362619467991344,0.9846408435038018,23.12312670754011,52.79519178864143,1.50866108743422,0.038503290326768136,0.044509470048073055,0.7790585803374519,-0.6241827714000493,-3.6380398455716345,0.4240175286097246,1.3039432018512473,0.029125029606245165,0.029238311141582637,0.8765092892230937,-0.4796126767691306,-43.03281950926596,-40.02173061597966,-2.3193450919528527
-0.017403573940928556,0.009880479394305374,0.16892594075701073,0.9854255518710585,23.743643251697677,52.784416856343626,1.464200537052406,0.04244493408237023,0.045969112638350164,0.7790006707133019,-0.6238935993278115,-3.6218151504002476,0.42152462262043267,1.3128594487752483,0.031036819728142213,0.030736059850040937,0.874258382191702,-0.48349176995436555,-43.20953679402674,-40.21789918923411,-2.4940360087044935
-0.03149479247764072,0.024451106178713624,0.9955581835634262,-0.085288478666928,35.47338813271449,123.50299768521745,1.3045249296762336,0.044600923689234184,0.046748773390419676,0.7825526133039555,-0.619222671745559,-3.6080737294240928,0.42560550590670543,1.320838959387297,0.0041006124093884684,-0.05789559919904493,0.5522923612760869,0.8316275802589377,59.52488282296536,114.5639541993455,-2.70076215386148
-0.013976142172781208,0.0007164009032121476,0.16253289367750032,0.9866038783080728,24.39248075558055,52.85888866014585,1.423050298215756,0.04334188342064443,0.04757981193395683,0.7818831728463516,-0.6200938208510087,-3.5859524716101965,0.42441613509608367,1.3246972007119238,0.04126789357833109,0.029414470640548387,0.8728906461490562,-0.48527690007049273,-43.31488021847004,-40.66742572949042,-1.4689943350243528
-0.017412144021185988,0.028851701513475304,0.9958138498650945,-0.08496571648154351,35.55581145402061,122.9008078566689,1.318897875990796,0.04014563876589804,0.04460681638019367,0.7812997447963655,-0.6212642500592124,-3.563818481475903,0.42835697808545325,1.3313181205875817,0.007649712961767985,-0.03944720618487481,0.5542148223294249,0.8314032298025879,59.37856679307048,113.92048286584408,-5.114314614248241
-0.010787075356675804,-0.008438217171481322,0.15689507933766877,0.9875203135003567,24.453331344469802,53.17048071799468,1.384945678586618,0.03309945201795244,0.03834546603532168,0.7822350968345498,-0.6209205301734575,-3.541195732256547,0.43698524018945234,1.3400798696168201,0.03860534924606657,0.0189962942741023,0.8700267589683139,-0.49112341269026494,-42.96325346330815,-41.45428205607492,-0.46739229883375333
-0.011920417633564388,-0.005722918750903004,0.15431274948869791,0.9879335641578589,24.7259229462569,53.23722250843667,1.4071069267516947,0.030749981094819617,0.03358350340044172,0.7802942397322856,-0.6237527446052924,-3.5304372451665227,0.4360221965183211,1.3514118842310685,0.03259146848798551,0.015562036589136586,0.8673562201144621,-0.4963756708660769,-43.015598045318896,-41.65858419481984,-0.7825824373246759
-0.024137186341505593,0.026299146464727433,0.9955860500172207,-0.08679958606957972,35.4955459322,122.35548869020778,1.3334792565288431,0.03215684066018032,0.03268527696057179,0.7833555304417321,-0.6198804103979402,-3.518940467959901,0.4347840387598092,1.3561444259556392,-0.005813945479979947,-0.03745764319089956,0.5507839815664667,0.8337866205776686,59.606855311671715,113.22273704830408,-3.797828409474101
-0.03082245354565294,0.021992597052609548,0.9953376645850763,-0.08870871146980877,35.65956555020091,121.84875524392254,1.3357577732882682,0.035133760160068,0.034498615635138764,0.7821008658616364,-0.621203428865901,-3.4977188886328707,0.42190888102912427,1.357622414712911,-0.005126342101203268,-0.04847467343358769,0.5507640246775667,0.8332364104941269,60.07277028341491,112.53768054906529,-2.074884921287838
-0.015536450959835659,0.0038364301233760473,0.15170480565500313,0.988296287778447,25.401697467328745,53.675078518216424,1.504258977879914,0.03955860341671453,0.03921626292304068,0.7846953424023302,-0.6173738099645626,-3.482573169529492,0.4149587695063347,1.3624217962076943,0.03244268968002764,0.022933187600354878,0.8699311131539414,-0.49157033999170113,-43.516326364675656,-42.11408327049471,-1.9222106193622206
-0.01033892411257271,-0.0007823132096844712,0.14595337482072365,0.989237133862593,25.758679295578645,53.63580060890405,1.6645093024763327,0.043282451934985346,0.03857243996676942,0.7842662955110705,-0.6177096194449685,-3.468745912951124,0.4107770707541709,1.3726300258004738,0.042673475490771016,0.023248357920008594,0.8663470830693798,-0.49707265062638356,-43.352117152326855,-42.500582904340355,-1.2349492585460904
-0.019365077206021285,0.027310955646954273,0.9955114584374868,-0.08852141891159936,35.921866189631146,121.14099994766065,1.3377038783488437,0.04326415322655632,0.037335608769913826,0.7847975501027599,-0.6171118786055533,-3.44436144177286,0.4155014673254538,1.3829363275736877,-4.576815007949479e-05,-0.04471871134390452,0.5467751459125051,0.8360844302900131,60.12357331770117,111.75941181791666,-4.397466185396962
-0.0027340909820738756,-0.014839854467919458,0.13813521826860867,0.9902984221636205,26.299116452047542,53.607676946665606,2.0393273607167117,0.03584061366373576,0.03711478440660106,0.7861511531424082,-0.6158768607469516,-3.4299901516491027,0.42484505383002114,1.3886071649568137,0.05060226733695582,0.020514929683481464,0.8631681368314404,-0.5019554918111573,-43.154720682975906,-43.01506685647962,0.17587062193100622
-0.0027031793306602258,-0.01836121990710137,0.13765777841258667,0.9903059600282836,26.00622415724422,53.90098877959508,2.058159074235874,0.02861459102480347,0.028096777643838746,0.7849422986267242,-0.6182696532202681,-3.40767879155793,0.42543401661651964,1.4016912627916205,0.04494614443874941,0.010411360465550428,0.8619932153607951,-0.5048159509616406,-42.88792629597339,-43.4245705670223,0.41957475876115846
-0.00880636610584576,0.024886657459879676,0.9953862434508041,-0.09224602184040907,35.91825235688509,120.4754749240056,1.4161742496491705,0.022921490177155585,0.02475234620225729,0.7860735377939722,-0.6172117301425911,-3.3810547724597146,0.4224423533301146,1.4031611045119905,-0.0024744067144504547,-0.016661155921760946,0.5426403262420394,0.839796260726788,60.72382051425657,110.6607845403895,-4.896399356876953
-0.029003821180284713,0.021594049763937195,0.9947893439703169,-0.09532385060854995,36.01683155059686,120.0758799918429,1.4730861402697357,0.0271999115972839,0.023093511927488646,0.7863947077557423,-0.616692969093791,-3.3597191076296036,0.4057995292049267,1.4072599033289586,-0.014487519781457634,-0.038751097512103656,0.5397745788494327,0.8407924049610027,61.44407523306453,109.96187794272562,-2.1109833798997775
-0.042355886798350346,0.019635079496197336,0.9941582418662483,-0.09731306508436217,35.73672928242695,119.9103965324145,1.5823944056644024,0.033219640651925356,0.03214123534884089,0.789181049605368,-0.612418702693653,-3.3556380842352027,0.38600260417808674,1.4010881244533586,-0.012714400917405751,-0.05755491496148058,0.5340571147233687,0.8433912342361869,61.551765683975205,109.6609804169706,-0.41990163578729334
-0.007643104883450667,0.025282288122763192,0.1379516962560573,0.9900867226435747,26.491699233186978,54.613107109031375,2.2164471700274504,0.048629372627532114,0.041208348520095736,0.7877625874124197,-0.6126721488719632,-3.342235470237889,0.36226270675137395,1.3935212492942695,0.029232899546972686,0.043560136003701684,0.8660168621179273,-0.49725521280609464,-43.41598585706319,-44.01171701558867,-3.4519447734080755
-0.036623835961987025,0.023832688356078026,0.9941656548346341,-0.09861718081741414,35.3273391792161,119.54229786647949,1.5090011632823241,0.06079374042299797,0.05025225163776216,0.7886314512113535,-0.6097862465577514,-3.3233207947376107,0.3574723408284942,1.386137213032847,0.002835836294180307,-0.07974464746931487,0.5317452411860344,0.8431368499291877,61.38181514703089,109.21320507009897,-1.9130747827933094
-0.0012534622662615895,-0.004270879134188186,0.1285712459593057,0.991690285893857,27.008474880674044,54.60484491352361,2.397489673925989,0.05566847672879737,0.05074156427388792,0.787566775481836,-0.6116084437864455,-3.3119322785076064,0.3658775047272197,1.387391113895931,0.06432676814524653,0.0395632599917067,0.8594834296953957,-0.5055542002969179,-43.15693204369744,-44.710422512712235,-0.8187247904161237
-0.006932630017688099,0.023565892971498945,0.9948692514962051,-0.09814152921609785,35.39524277175178,119.1198674807668,1.4691283899888603,0.04575526597442086,0.03780086396350008,0.7893566734504628,-0.6110594016938472,-3.296905827810141,0.3850330866857925,1.4081284052261527,0.010278281831212911,-0.040302499116529174,0.5317958616585599,0.8458505937873367,61.16849908276421,108.76975654816414,-4.754131177569642
-0.008165144632571746,-0.01607644225972956,0.12624570477478592,0.991835117569103,27.07344665247706,54.989857209348656,2.355758197964647,0.03277479777974363,0.03203946174528914,0.7903878760767064,-0.6108897534518991,-3.3027996756148177,0.396806419807015,1.4184879447442826,0.04427066169886103,0.011365620690007424,0.8607913641529835,-0.5069015274969306,-43.106292242178974,-45.22743630745092,-0.5679658522223989
-0.01686121772797993,0.01693794551078988,0.994620136712914,-0.10079478649110522,35.88155956913454,118.43028500757896,1.4948927203871776,0.030965902178447163,0.02219809058559252,0.7892028465108456,-0.6129496102746191,-3.300996245187612,0.38124193439534954,1.4287172708947973,-0.004745085251855117,-0.035961575586120356,0.5310032783595359,0.8465930354182826,62.10297028242755,107.74627418548114,-2.194336135142617
-0.009645214739649214,0.005172871755545665,0.12609511809120635,0.9919577775409554,27.14640298315294,55.30658378022963,2.3134901610135046,0.0400386729625728,0.024228616929514273,0.7923629403417476,-0.6082522910454666,-3.2911946192981123,0.36656402756520867,1.4226254865888763,0.03280626752330448,0.014488984192120349,0.863129030909469,-0.5037083423465913,-43.195171416870544,-45.54945293456423,-2.2519462091972686
-0.006625625785046691,0.01308366946319965,0.1258028092249294,0.9919468593969388,27.153957635929146,55.51877164482221,2.3029698285575932,0.0472223494992005,0.03535590395810755,0.7902418543374079,-0.6099490318186067,-3.2863184592812633,0.3419996197451909,1.4081152596314324,0.036909376068775035,0.03187499838237597,0.8614633238618531,-0.5054726739174189,-43.20303808001755,-45.814073990264795,-2.5407616241173625
-0.03756624030953535,0.025050268983690168,0.9938848048138837,-0.10076833020805266,35.652155212939306,117.80253286103272,1.5827820129153167,0.04984930448817506,0.04461730969347494,0.7932848366726701,-0.6051640359629583,-3.2802605069844954,0.33404739385441573,1.3970809704222205,-0.0032845011802921367,-0.06868168498575315,0.5244501944565431,0.8486601391216679,61.7953210026239,107.1997426949215,-2.0410842569896253
-0.023653381990854226,0.025949977298676492,0.9944851992660407,-0.09882461555390086,35.37726231364877,117.65110179152356,1.8722565299139333,0.04834259330897646,0.05005451353701304,0.7913799636879554,-0.6073510454588733,-3.2819554784339737,0.3266381883031483,1.3972652124122937,0.010098836297269693,-0.055980678335981804,0.528232252527068,0.8471923421211173,61.08598967265044,107.29669325020794,-3.9638340170101367
-0.009216371784990079,0.022097067497660817,0.9947302958144474,-0.09969160791173311,35.304969293516365,117.45740240545177,1.98204701875785,0.043562436868362725,0.041385759659511495,0.7900443666290423,-0.610097887022411,-3.281130185376511,0.3277541540869488,1.4104135203042238,0.013744306925067005,-0.041258657057345674,0.5294660870581853,0.8472157221748591,61.098864587769604,107.02375531885701,-4.6274054150077975
-0.009001883691428611,-0.024781631842931365,0.11198924113229253,0.9933595757246317,27.998346411089983,55.753205916340676,2.079211465570893,0.03354974800915109,0.035775355284163,0.7924067222594569,-0.6080181945310835,-3.2859996075808793,0.3406046413828332,1.414735882820724,0.051497240929006795,0.009579744725990704,0.8547269297088645,-0.5164282508714473,-42.846122548219356,-47.051591736057304,0.2563422708253247
-0.010289431953119111,0.015612276844132023,0.9945281474465526,-0.10278204287886224,35.2793124832657,117.04527786171025,2.082793700872781,0.028732455236350568,0.02122981908167947,0.7888888183848757,-0.6134966772731248,-3.293606231007714,0.32941553099012233,1.4242125976059294,-0.00046841075032077204,-0.029296417499766973,0.5297231313795467,0.8476643820489898,61.659940554453705,106.29768670340705,-3.12247324034964
-0.02221848903944865,0.015945239840143833,0.9941145897120135,-0.10482495214861358,35.480003255753104,116.66691706751334,2.098624707306655,0.030541317574090156,0.02043796573803812,0.7901710151218757,-0.611783690807947,-3.3045964691976253,0.31692016795094025,1.4169673967131464,-0.0090761878086197,-0.04030534652849009,0.5262945432821637,0.8492980369502215,62.253434289667645,105.65322550425056,-1.984306108422235
-0.010988454370660244,-0.0013494276728183577,0.10086287339221077,0.9948387375281316,28.970016195593075,55.80329877531199,1.9114876942922194,0.036683175443099326,0.027463942815769887,0.7922770142196482,-0.6084383364184265,-3.3031328215859936,0.29982599267629917,1.4041917742993584,0.03364725976384539,0.014095280370001602,0.8498089884823711,-0.5258268422933965,-42.756956490200196,-47.87376419278097,-1.547372378388612
-0.03227730995103104,0.019559969711012083,0.9937026311484625,-0.10550196062563087,35.52036151068512,116.26118151552583,2.097986386403143,0.04226053748584766,0.03403707011202971,0.7917180389865557,-0.6084719151882682,-3.3218868153166206,0.2844788501660673,1.3988473348095785,-0.005761660900209386,-0.05923822123131374,0.5230375776217902,0.8502289860999511,62.40247255474905,105.17901534555631,-1.7637351146173492
-0.006183932224523168,-0.0003022320138528539,0.0961617964510575,0.9953464605560004,29.56479712116038,55.89147050201427,1.9644654852321963,0.04505645126447458,0.04072494157634772,0.7905501552225197,-0.6093782465847506,-3.3182098868209997,0.27462257999697215,1.381858949125483,0.04523353862314038,0.031129834964420455,0.8457084285790699,-0.530812692189097,-42.921377944288324,-48.282174856206346,-1.205097324676572
-0.006181681773799244,-0.005961618620059577,0.09544577686223833,0.9953975836785219,29.668570189292495,55.9878652113747,1.9756157456278771,0.04282757577576823,0.04451289855373341,0.7938706075847678,-0.6049412029515822,-3.3240079062336614,0.2742764360470345,1.3683402917728942,0.047872233412448964,0.031706436216649744,0.8479758105154606,-0.5269155301859979,-42.986017820398466,-48.41948953135971,-0.798919620173665
-0.020654028734262888,0.02188045402073724,0.9938565983124346,-0.10650689564402216,35.708273095180175,115.61546360336752,1.8307844705323575,0.038792721825276245,0.04527387790331974,0.7916493286307258,-0.6080598171162958,-3.332564507837229,0.2632595662467815,1.3650728410774653,0.010983518239690876,-0.046422505852526615,0.5217920393199138,0.8517378593087289,62.663657979708525,104.37254346247909,-3.189514706589315
-0.009203301785768631,-0.016652923150717695,0.0921303013969812,0.9955651595708228,29.828055054941274,56.18467948580542,1.9939880054946713,0.0367969918215772,0.041256175119013354,0.7945988479858933,-0.6046127522529801,-3.346466376677531,0.2611736636807973,1.373556596579986,0.04810270681142565,0.02030158992276711,0.8465449995365576,-0.5297504495549499,-42.88841353930812,-48.87592310293381,-0.31691592686866543
-0.011603161738363106,-0.014184589399444107,0.08708242026239396,0.9960325376926631,30.07326217677246,56.26959307234915,2.043599171193307,0.03292083395407668,0.03488984787834257,0.7930031910924656,-0.6073259883488936,-3.358049966021269,0.24803066072026733,1.3843663588487505,0.04003003716944271,0.014068583762574565,0.8426822618115141,-0.536736692153014,-42.66482888972163,-49.35149568486458,-0.8030716078752818
-0.011926672355639397,-0.010574801157926817,0.08636402505070159,0.9961361268642119,30.319343167120905,56.22290844122415,2.0792415240577924,0.030776300233211328,0.03118698256037433,0.7925438061883556,-0.608238856646966,-3.3783564841551503,0.2326461933820415,1.386430273212592,0.03447754545881251,0.01252409958249772,0.8420579769863736,-0.5381382807256878,-42.84849099677405,-49.33182380874164,-1.1412251319033797
-0.010813534449823916,-0.0020494351253428074,0.08716481025813834,0.9961331051325583,30.285503561821542,56.41868829083842,2.0642013430492057,0.03827472499934956,0.03092984888553958,0.7949346855902849,-0.6046959860290266,-3.3900592254652517,0.21777603759474354,1.3770782412732971,0.035912981261524736,0.017638698467470435,0.8448249870413275,-0.5335446329632638,-42.927165077377296,-49.472270236099625,-1.6766578065350213
-0.004918862042301922,0.008613045978910942,0.0842831791886101,0.99639247585529,30.42105308209682,56.601981092019855,2.101041622948401,0.038441198561142656,0.039598812004223174,0.7926180932560886,-0.6072155849318422,-3.4062250208701084,0.19576277336940917,1.35643255305496,0.03182636900384296,0.03754720860643254,0.8414626412020398,-0.5380686878300794,-42.797377101719064,-49.91145374072379,-1.9318256221857522
-0.0328874716662677,0.026607268208408703,0.9930296543997712,-0.1100116946899611,35.732715381079515,114.24762164672438,0.8353173719551314,0.04331134645702283,0.04686218009402605,0.7946203215241502,-0.6037438264411247,-3.4126935133923695,0.18451212682062676,1.3485672936512145,0.00077249587573785,-0.05823391864309217,0.5148115703425832,0.8553228986827112,63.2039325334887,102.6871673965566,-1.904725891263142
-0.024189776162480844,0.02703175640936124,0.9933554734020155,-0.10922015536013328,35.807891040064646,114.07931972675158,0.7706414333171487,0.04315913889259341,0.0503302114944599,0.7935025957154571,-0.6049444512794581,-3.4291870833632743,0.1708288643300127,1.3474164879423833,0.009198703465683189,-0.051211379491532164,0.5166425488795611,0.8546187776736216,63.09656824659293,102.5957100120757,-2.822874829515322
-0.002179612180074508,-0.014840740378773275,0.07285175328575064,0.9972299753612236,31.109911520971878,56.65990193530138,2.325677697632244,0.03702624132291007,0.049171918624905754,0.7925869812523244,-0.6066440941949166,-3.4468296586103135,0.1652690184217358,1.3489178138945208,0.05094626696609685,0.03560770485845466,0.834144260546505,-0.5480327744161445,-42.41562853020955,-50.86920561587907,-0.06592141369734872
-0.0064084118265397465,0.02384789631908946,0.9938705137728506,-0.10775718979216724,35.699979982518585,113.70643357636067,0.47890346172773235,0.029139253473557725,0.040020043017072744,0.7918216085643855,-0.6087428359121975,-3.471484363893254,0.16348691820713815,1.353246438260953,0.013850422234398273,-0.023830175116614706,0.5206384585406085,0.8533322237243239,62.60676864433336,102.44132332891459,-3.6519344236752307
-0.005865511460376011,-0.020194297574992446,0.0612228139559327,0.997902576994407,31.995459652555155,56.44233654150855,2.529116508777008,0.023954534792644522,0.03354468013708528,0.7929065402397555,-0.6079474920931822,-3.4926393932328663,0.16193377774757856,1.3492987039274034,0.03840425935210611,0.015079883762156032,0.8281767477262735,-0.5589463162906328,-42.12999095044447,-51.510055911348495,-0.24265554325373828
-0.005360958399349085,-0.014181346492425959,0.05718096861388111,0.9982487096736367,32.27943963627524,56.40263822796237,2.5520483883814506,0.02670176750202946,0.02694066914462965,0.7903904560054329,-0.611427954066406,-3.5117575069432427,0.14563668516335518,1.3495002559839446,0.03612645960667285,0.012458533256243718,0.8237340562865297,-0.5656870763762689,-42.00700776771328,-51.790523420817166,-0.6775837535109768
-0.027711315711420846,0.02614771854690283,0.9933873660757945,-0.10830475851655574,35.78726972780953,113.02050970585299,0.1964728067731265,0.029008788297966277,0.03612605664203398,0.7919129086468524,-0.6088738320468883,-3.5350346579637777,0.13139667248883907,1.3373731947077778,-0.004834032394365064,-0.03875387467766424,0.5208392501452114,0.8527609540993607,62.737819723086226,101.74822792000829,-1.6616885670416308
-0.000663549355121724,0.0024263570835508902,0.05302207836072552,0.9985901720424978,32.40508719197089,56.764817669829654,2.5220464226991197,0.034610516692323685,0.0419176556876467,0.7904935940356907,-0.6100531944547775,-3.5657111571303814,0.09761447475223674,1.336165764062971,0.034461462907675065,0.04097911285173769,0.8218372142529267,-0.5672007697042879,-41.76286372936177,-52.538034195308754,-1.4473219323137603
-0.034794274455473215,0.025438729355485766,0.99322421072574,-0.1079254221308696,35.58556544780163,112.65311506248167,0.7495755068573295,0.04059169905658381,0.04842770243508972,0.7893433358822358,-0.6106915503778172,-3.585838273713357,0.07682392436851031,1.3325916619907732,0.002390229371113232,-0.05747265008416941,0.5240810284057611,0.8497236356375029,62.46126016980787,101.51332732776095,-1.339946495466322
-0.031393892194964,0.022595728208723072,0.9935550608645851,-0.1065466922524536,35.58826374249702,112.46596758608132,1.2008866290024791,0.04001405747755859,0.05019836066716888,0.7922399555997856,-0.6068235761255171,-3.6124685411561264,0.07253956409599488,1.324143397619286,0.008659677177067346,-0.056264513760002424,0.5209821570625056,0.8516671336297053,62.181731407898816,101.48922931604568,-1.537490907250604
-0.004587179632806373,-0.011615190699369043,0.0434369234850502,0.9989781172809481,33.01297703773446,56.96187697538528,2.4842385781532528,0.03603363309196293,0.0498976302938788,0.7882956960157587,-0.6122105025400002,-3.6357294098681656,0.06387881592317933,1.3154091574364952,0.04451209578263537,0.0375544549077048,0.8138930428955264,-0.5780886186147272,-41.47114146265803,-53.49235019422343,-0.7674226568244686
-0.005349881269735987,-0.018319546651799423,0.039908602021609396,0.9990210590701045,33.08180692653991,57.02161446788057,2.4548496247889773,0.03547561332597982,0.04282150788053335,0.7884021184241491,-0.612641737874834,-3.659607140989398,0.0691229818255121,1.3180654658665931,0.04831544014238491,0.025922629395875193,0.8116591874495066,-0.5815522323556658,-41.19334361313161,-53.83147743630785,-0.30091754608035215
-0.002399093298786965,-0.04066140280188069,0.03611955700658973,0.9985170365472863,33.053998890938146,57.37483704763383,2.4309771015739017,0.027847746201895854,0.034074537440723814,0.7868944311579765,-0.6155165173593964,-3.680066244523457,0.07183534464570988,1.324924446620959,0.059556756085383036,0.006102559690381585,0.8069090989816791,-0.5876337784286967,-40.750929878048005,-54.50174225734649,1.7806467961702424
-0.002000803628320963,-0.04329962925765436,0.03206771345304766,0.9985453423079415,33.19446497814033,57.37495280791768,2.3965762705121563,0.01998756328564745,0.024135395749239168,0.788431150592307,-0.6143242635299544,-3.702882468900867,0.07872450520415566,1.3426630057426965,0.053642089478327395,-0.004718177203522081,0.8061670637119259,-0.5892324926770135,-40.45340729104888,-54.81420013181739,2.07558713803841
-0.0021701122484727225,-0.040700585532866575,0.028696071281954894,0.9987568715373586,33.50947110629943,57.40087178524914,2.3798671803344007,0.011535262686043954,0.021906545434547738,0.7851672422968259,-0.6187886897850394,-3.7355744894389513,0.07379138743220419,1.3519166205463915,0.04276348024979408,-0.005340666980869216,0.8015260306175036,-0.5964048828402342,-40.43991507279878,-55.09693327819148,1.8935318753866648
-0.002882463170989405,-0.04038942195424731,0.022698793348912786,0.9989219943422875,34.072897098905855,57.02537245860276,2.388007669270678,0.007680196525329291,0.02126490811392354,0.786255895902895,-0.6174872342179833,-3.762875176915576,0.07155233127818113,1.3560765744947645,0.03813114191733154,-0.006138652888246145,0.7991756193401273,-0.5998555346157288,-40.352513512255086,-55.179358408416626,1.805887999461887
-0.003925837202351864,-0.03334528081299969,0.023650182591054527,0.9991563185573981,34.10427284567129,57.21443656316933,2.3787918516682396,0.012059120492769412,0.024950649004629257,0.7846270142995382,-0.6193484408300233,-3.7932595162278018,0.0574423733235936,1.350931888437203,0.03637118081637485,0.0009117326002636104,0.7983085801882204,-0.6011486644313165,-40.55539095801584,-55.30047561482378,1.1485212492717431
-0.004538114353339181,-0.02786493833583515,0.023818674962759648,0.9993175778763599,34.10491733679066,57.49058504800951,2.3485194139016556,0.01832895278524092,0.027284526989068227,0.7860752403372367,-0.6172562843791342,-3.8089038466918845,0.04315623456786627,1.3406613891160621,0.038069084477716515,0.006062228422808143,0.7998541171731643,-0.5989552449346414,-40.61714146560773,-55.57410754183248,0.6686418311067055
-0.0033877682943990756,-0.020916136278901255,0.01828062285623533,0.999608351854432,34.85801743386605,57.2308092485473,2.392112830241743,0.023020667177967725,0.030531508733466495,0.7881822435771431,-0.6142529013092578,-3.8372955315790422,0.028786951997734483,1.3298687977938446,0.037974566888217605,0.0145807427816164,0.798724409355601,-0.600320457846586,-40.77854503144194,-55.745759895513025,0.21790246359330467
-0.01957966956004771,0.0230759655473943,0.99448509929917,-0.10041674972779654,35.952307293941885,110.38934304767645,1.2562781031212573,0.03064355393765222,0.02963626536666027,0.7873922993982533,-0.6149764476998435,-3.885127109330343,0.01354357770999634,1.331736979943082,-0.0038151749868803337,-0.03467624093951945,0.5338049360689492,0.844887739869948,61.145545959013354,100.1154856689561,-2.820588795727341
-0.0020321205488307258,-0.012304677900183636,0.010925859717831781,0.9998625360404669,35.46125841370872,57.112769399968215,2.493484360024354,0.024593123767267272,0.042051154671012315,0.7886817211934143,-0.6128686819454848,-3.884774636506636,0.0005986704442120516,1.2961262695686753,0.03350823961873644,0.032632825073910264,0.7950522656745901,-0.6047348108477385,-40.604817551788926,-56.235183324567096,-0.4438205290243722
-0.0022922568195103505,-0.012225771408098643,0.006721191909041257,0.999900045830318,35.72554158690582,57.226474740394224,2.5632154403352416,0.029814638764666623,0.047497145342128726,0.7882014364151058,-0.6128569197886606,-3.9286826623417754,-0.015367517117691881,1.2810081787250076,0.038362441227557026,0.03799259917058975,0.7919861500628363,-0.6081470411175013,-40.44269490882726,-56.69920911012579,-0.5640710087974312
-0.0020380238781606465,-0.014620224494464392,0.0037865252105519767,0.9998838721177742,36.15636596586012,56.9896646395473,2.6896508718917005,0.029973573207465465,0.05099720495285493,0.7874016702156544,-0.6135955343202647,-3.9547384501687697,-0.025030406068281025,1.261084908051059,0.04042466147749946,0.040302139198677735,0.7892993390392359,-0.6113494399381301,-40.569674325144426,-56.70526828457928,-0.4806487873327334
-0.016855186903369047,0.024380063690723548,0.994386032408249,-0.10157723032387592,35.93077692919837,109.56750990286434,0.3020429325028431,0.030192692225650807,0.04612544517672671,0.7898927527189228,-0.610762051739905,-3.9715649620741824,-0.02769013053099667,1.2558989139579406,0.013247464214357114,-0.03313185865789421,0.5286116880599859,0.8481134758274594,61.258832375554775,99.22480336927599,-2.4512144568557823
-0.020451960454448245,0.025940032328336443,0.9942840607594807,-0.10152851104990977,35.95815324937132,109.33758904239323,0.31825664569137757,0.0263117432927111,0.04372256388928498,0.7900429424283202,-0.6109240367599296,-4.001189487364403,-0.03972172065527835,1.2537742976282902,0.007812922543167055,-0.03091097152985105,0.5287968880942586,0.8481493507762906,61.267924942393414,99.00207830061214,-2.418727020191768
-0.02415421039123877,0.02679551496641118,0.9943533419751714,-0.09979982866151771,36.096885224207085,109.11532890176915,0.5906355342657434,0.02909468058827668,0.04183728585098004,0.7916207538530136,-0.6088839981008501,-4.017078355285101,-0.04664321965328508,1.2597485784629314,0.0027784029158442716,-0.035911360790960946,0.5282323763411412,0.8483355534388322,61.04648684672143,98.95999312818144,-2.4819644446092615
-0.027508704835314614,0.02540292339463628,0.9947484641099416,-0.0952546890824918,36.302377277988626,108.82539773672613,1.3711722645087008,0.030630685338083087,0.04480382665097431,0.7894340875191729,-0.6114312714409686,-4.058231630244512,-0.061756916678397944,1.2648680531246137,0.004777205315527149,-0.040921769323038336,0.5350336238129358,0.8438255794264851,60.35967499751567,99.17244090627159,-2.6342170429752536
0.004664560788382376,-0.013981994042228616,-0.010225646221086453,0.9998390779893611,36.859031402137816,57.51363902537878,2.881399068228177,0.0318889804833958,0.05327009427275962,0.7878315225203946,-0.612753524757792,-4.086090815268486,-0.06543414011424495,1.2647271981294361,0.045212809425030365,0.048694979270138834,0.7807445891947793,-0.6213070797124816,-39.7807097583587,-58.411973195471475,0.05335226194029419
-0.02084181823262673,0.02250555481457997,0.9955584336417695,-0.08900856037478902,36.50338228413693,108.46714108022911,1.8015280316770728,0.028654362159335783,0.05599961446747006,0.789003306282731,-0.6111601699911859,-4.115406141861628,-0.06640443241927704,1.260749571866017,0.02270575860710878,-0.03620130176190659,0.54002962922157,0.8405604760156361,59.296999930049495,99.51702402871167,-3.1522442559682435
-0.00531773745354939,0.017777837684062266,0.9961245179914751,-0.08597450094013886,36.512929256078905,108.11587300866734,2.1147865065868103,0.03034686982861386,0.04646019326506769,0.7880431094302512,-0.6131138357702254,-4.13059880156639,-0.0695947436088647,1.2645425091640083,0.026400999738086506,-0.027514421113977495,0.5437726759137964,0.8383658036759024,58.5975406405486,99.53301636453934,-4.027605350844128
-0.002854982689762524,0.017217284693911733,0.9959934425415523,-0.0877067648236863,36.46529198994449,107.95300532044843,2.1061226498832113,0.019780771165289708,0.04303516508988345,0.7862881495670399,-0.6160419153825765,-4.169496346842503,-0.0787397012571755,1.2638048847965273,0.025831298856461658,-0.015114263488385299,0.5450743540540567,0.8378533592408308,58.89613314740568,99.18098391799835,-4.13900763088043
-0.006436823903135344,0.018583662397600193,0.9959998092117817,-0.08716418324074761,36.28379667368813,107.80484199728335,1.9068877280451808,0.013745129210410956,0.035684117858853025,0.784147710228707,-0.6193949335429703,-4.228191170510857,-0.09807705088300178,1.27989076466956,0.0157840191876925,-0.010337317448036523,0.5490527681570088,0.8355746898903695,58.66016016728906,99.1404247991448,-3.8491561658184668
0.0034246388063182004,-0.027315744542753533,-0.026824246310553974,0.9992610178321738,37.862095210546386,57.75828476913193,3.1156731577337524,0.015206946022457084,0.031228487808061308,0.7872791682703826,-0.6156176098434697,-4.23821327978437,-0.11003022324786202,1.299343723690971,0.037971412312477866,0.0174934188027406,0.769661569260339,-0.6370818008303959,-38.96263779775643,-60.04784588036945,0.8037217301515678
0.004503023042392325,-0.02660418718850283,-0.03244313998406443,0.9991092946597451,38.13676974858913,57.60531786116405,3.13690159714632,0.011357427084625157,0.032038987095783455,0.7826958173516512,-0.6214754779201864,-4.273710393408287,-0.14405393893136442,1.3037449423985694,0.033929370054211115,0.019369567748711868,0.7613896226672264,-0.6471162648146087,-38.600442218395685,-60.38436573081899,0.8564276573368909
0.008213712962960138,-0.01898996812934652,-0.03532435538972198,0.9991617016009516,38.357198253418005,57.73143344423147,3.1473742152349757,0.023471807389997396,0.03075258293842388,0.7852314378132248,-0.6179926714535035,-4.292008981791963,-0.14787176319317052,1.3072962849632126,0.04235335023733689,0.026269934067881945,0.7620446650379562,-0.6456036034401695,-38.47704425282204,-60.75700279723417,0.6770616949929532
-0.022083207773711748,0.02299789461111583,0.9963000162121315,-0.07981044088078718,36.27649587564974,107.11059433778831,2.007835368469486,0.02244894669717474,0.047077394916631134,0.7823585072907485,-0.6206407412906785,-4.341741236512826,-0.14969640876485713,1.2805608320473572,0.013413212043918647,-0.029126708712620478,0.5574599016197644,0.8295843409011031,57.25708347547561,99.32623303997336,-3.3265458598429074
0.006343630919991792,-0.014656820138627943,-0.04999934710567173,0.9986215505681727,39.18352087218682,57.513712213305325,3.06986151466603,0.02326107293652649,0.04975312894603906,0.7849733180866121,-0.617090300149026,-4.374641652055576,-0.15427069330190168,1.2663792012908375,0.03616119060525702,0.04678258470692208,0.752380611100191,-0.6560694887758866,-37.60381507621226,-61.74215754729014,0.1462756963746672
-0.023898727485108632,0.019181690519912125,0.9967039684024045,-0.07511399965578627,36.36200979525006,106.7370704728225,2.300129431447033,0.024490235595790836,0.055149083617948465,0.775677543892956,-0.6282381354524372,-4.4264499825261305,-0.18180387549996843,1.25053721824174,0.023234852362522124,-0.03503902000409092,0.5696909569825918,0.820782932476732,56.4358730490565,99.51982153030993,-2.6913087031586835
0.003296908642286805,-0.018141398670480684,-0.05998100852735642,0.9980292073199682,39.883553045481904,57.13099054645761,2.9628594529959997,0.02941540777868132,0.048213377614023854,0.7779310863415191,-0.6258062231296245,-4.432963537658321,-0.19384469123727588,1.2538088531583296,0.04264153301546609,0.041094492404551895,0.7381688653040802,-0.6720116581219331,-37.159573201866436,-62.22659800499346,0.1668868643422099
-0.020592702079429415,0.016578702612555597,0.9974778137641597,-0.06587183228835075,36.57021100208533,106.17353167221239,2.8082604805628932,0.021664983661756548,0.048817817197146056,0.7760302028505968,-0.6284302455091604,-4.506495806097586,-0.22280921231107603,1.2476878068537507,0.021460926625356494,-0.030388060224168765,0.5770911641078252,0.8158319574108804,54.800437079308516,99.98877830363892,-3.011460136473168
-0.020843865036656334,0.017214864272940337,0.9979208961849891,-0.05850697988912144,36.838870482288485,105.7984988389801,2.8663628811667294,0.030857715626063778,0.040896558221565044,0.7758958965135998,-0.628777250451484,-4.531832919269453,-0.2432122052519837,1.2604105648393742,0.01254304758884386,-0.03853464766617653,0.5834582853842151,0.8111314209811746,53.57376290560042,100.3925942371152,-3.1839620674343583
0.00396825855811352,-0.023515323115776445,-0.08949311540940631,0.9957018955476058,41.14609152153787,56.93700615696275,2.8253883700607503,0.028241579227522722,0.037760448779081815,0.7682037298115637,-0.6384665936557212,-4.540609730458896,-0.2694842428282529,1.2572360454231704,0.045339053219212354,0.028160260111968653,0.7069495923041721,-0.7052472218623599,-34.770842200751616,-64.44096265091763,0.8168121799525901
-0.019680446097663375,0.01871713441750288,0.9981699979702227,-0.054027808327930346,36.7403149564542,105.63668658075505,2.8651575378509477,-0.055196140900919045,0.22759084244534483,0.9024012894681611,-0.3617011297063701,-4.5320596066220995,0.14640576372056752,0.9653439539634638,0.2061476714425938,0.03180924616604191,0.3157304277210692,0.9256379456505741,52.52592864543944,100.30434225453237,-3.9093842744125027
0.005457831276741411,-0.0196226567944928,-0.09419315394796478,0.9953455747464872,41.394805516442034,57.08528981611323,2.8284785377899198,0.020251838938621664,0.048670377491037344,0.7716587713155584,-0.6338484030320239,-4.655332408157894,-0.28046063494953977,1.2475937873016778,0.0341745947790828,0.04212522314444319,0.7076999334433142,-0.7044276874534711,-34.48874770901414,-64.9923884673969,0.6778252352621502
-0.03286366822661058,0.022124030179540462,0.9980833064053788,-0.04754177188760372,36.66572742653898,105.17295520807926,2.259461338532237,0.03843550772760399,0.036978960814005285,0.7655704081308989,-0.6411374411131566,-4.661916676616454,-0.2955672035788046,1.2774657952613282,-0.0029268396305446253,-0.05109479175630047,0.605577616011732,0.7941388460783823,51.27637710241388,100.98012337526835,-2.5090907574516823
-0.035533679281085494,0.02689567894754244,0.9982109538278975,-0.03986065414288546,36.42369935036345,105.03629806132074,1.4988131093865817,0.38372319293451845,-0.2056587857669507,-0.563120181727785,0.7023935050752307,-6.167968047676335,-0.7050407936156087,0.9929879544460043,0.18048218502858868,0.37372061896727055,0.6756778693918238,0.6092770278454227,51.00043570615632,101.91576605553476,-2.7692816329897316
-0.03405217059414734,0.02815602422274699,0.9983495904536591,-0.036684918138196854,36.477931173879256,104.89638255907795,1.3434844526211691,0.1525053103873188,0.23434327346682923,-0.5965993826509743,0.752259620812519,-5.850388196081591,-0.9269586236266942,1.5832026958884509,-0.2707758058721729,0.16171561412155336,0.716858044500107,0.621806293904337,50.05477087561341,102.3654711526202,-2.480696048411236
0.012142294199249599,-0.014132614931729954,-0.13211809835489952,0.99105884889539,42.82838276511234,56.73459037092471,3.1411820679399227,0.06288485481998235,0.16312173368646482,-0.17270205500660965,0.9693352336678399,-3.178833097905254,-0.8089373468425429,1.3733978521884338,0.026560573349615202,0.181573707487749,-0.04596057161504296,0.981943557720764,-29.33767525305997,-67.59912708772083,0.8398704836848354
0.011255130854917961,-0.008855493727116892,-0.14017412702559306,0.9900232908234536,43.1081827519298,56.746867829598955,3.1906332408007785,0.3700343980403238,0.018844939611270355,-0.5622979757121336,0.7392837067242991,-4.088530120834104,-0.6455510228701028,1.4661403574610874,0.35040093845211717,0.07074416277542357,-0.45654858367551115,0.8147256203833071,-29.418609621409388,-68.25530910466466,0.38924337612577964
-8.685950674437933e-05,-0.0010982891566552375,0.7904585949071388,-0.6125144863215779,-41.62877502297863,39.19687588424699,2.526656812001221,0.1898232795689175,0.20229603795791481,0.9386136058306299,-0.20505593019918555,-2.1369793246645457,0.35437780667531804,1.3867252212361774,0.04465019143108254,-0.27426343484286575,-0.41301711768272564,0.8672962522773947,27.755015286828275,47.94015481299907,-1.0206426155983466
0.0006057237578405466,0.006419628177499359,0.8094630682622144,-0.5871353869358527,-41.89053368704242,38.26018865584217,2.364086282694661,0.14420575470840982,-0.4285503398632813,-0.33541935279243335,0.8264642546924513,-3.432588785593008,-1.3493230788997077,1.8034290794066836,0.4299113161052537,-0.1293790722618356,0.4708703894762677,0.7594197734190118,25.702039608279414,48.84749057461724,-1.2526399898973386
0.0014784328810546847,0.006781426037614387,0.817047473135669,-0.5765286230012618,-32.38680192066215,39.19333273390714,1.9713808367280201,0.2852682654966936,-0.10402900367731409,-0.6371306152331014,0.7084239989068011,-2.924152544173747,-0.9413607992756192,1.6180556591198256,0.24618865807034682,0.17884809705053825,0.20940367640021637,0.9292763868349376,27.929954096466282,41.20475521922014,-1.0256624488415258
0.0006062734741446141,0.00029462646197717834,0.8208959915181238,-0.571077329910056,-32.0173779146204,38.96268742920961,2.0675313712197667,0.4643813456019968,-0.12007760349688901,-0.2871760676685774,0.8291328247957231,-5.596970821662784,-2.976014864966998,3.0805477391243743,0.3641869538575606,0.3130535796563853,0.5164224514739654,0.7089944784819514,30.135200707899124,39.355126637213445,0.9810957661474533
-0.013803472480963036,-0.006161139102714486,0.8219986546691841,-0.5692887810544623,-31.90965049887086,38.7553370999326,2.2502737910697377,0.030452390082276397,0.03961001867209539,-0.32177512014489545,0.9454969436306028,-10.952712799551088,-7.237658585841818,6.150072789965153,-0.026291817796983852,0.03731441071959591,0.5936551153458366,0.8034239099586848,35.55649586332302,35.816935811821594,4.75815437853436
0.0031922995566919573,-0.0009573131814200004,0.7785564771085759,-0.627565697538749,-37.16270345520195,34.024931283373235,2.6019213719964043,0.13281302890059482,0.11334969889118898,-0.6283618260776264,0.7580725299362308,-2.9320790117784616,-0.7767893481108785,1.928364070114653,-0.001878707465745104,0.17581703309887212,0.19635294046756216,0.9646400178824796,26.738353695651057,40.84246836919455,-0.5498247858121801
-0.0028736612638159023,-0.0003120942057535093,0.7792333599941622,-0.6267272256255956,-36.91531345392366,33.88870036335197,2.5951829462755853,0.3446100173358331,0.258059674513186,-0.496033170093121,0.7540558563590062,-2.9872574185582264,-0.9255642961303467,1.7747634953785327,0.01287568081084047,0.4286038777796924,0.27607396076242635,0.8601837600099261,26.7336961936531,40.60125013144257,-0.8167458504815035
-0.003954717376055248,0.001109525713734508,0.7700663512502186,-0.6379505810290801,-28.018563030098335,32.6977643198378,2.4424108909197813,0.1798915287228253,-0.1426564822526962,-0.5233822725009488,0.8205846469419189,-2.435680811728316,-0.5121517112578015,1.3749490402401094,0.22079097559022326,0.046361258202436854,0.29837717191258234,0.9274012303837287,27.876381809299954,31.30670572143403,-1.1486401907175119
-0.0005753368459582594,-0.010148099485916901,0.7737319776980817,-0.6334315367518046,-27.5179765721806,32.66325901549192,2.387982888791875,0.47020323100184525,-0.09460326603943084,-0.5592108727802219,0.676196970840953,-2.63521478902447,-0.553226832353988,1.1833527452353902,0.37632501386667916,0.2967027349020486,0.17379951496023566,0.8603143028216347,27.66033534083624,30.96310017549323,-0.36079935568814614
0.008600067753697057,0.005847998717406533,0.7926197258785105,-0.6096275993538252,-35.39245079723605,33.36356777362266,2.470246082707913,0.28287951295689895,-0.03656072867014282,-0.563129472348591,0.7755821630496497,-2.371950062833008,-0.4998362864966994,1.316049940061628,0.2048067918454983,0.21130600787779735,0.2694737493467773,0.9169448442854637,24.226661443137925,40.60662823237855,-1.608226023384968
-0.0008226821378867953,0.0005328040596364327,0.7814401704533873,-0.6239794061631483,-25.98181187773946,32.17786619814933,2.283068142881209,-0.3670664868796459,0.25192793554309123,0.8079534423692463,-0.38601262215958154,-2.336195576333378,0.12090862218243864,0.9252987210343047,0.4251604908349766,0.1291836346857468,-0.20248885782125128,0.8726674097390061,26.030252355858632,30.15094870057914,-1.3976737276367845
0.001470660622358038,0.004500210882869049,0.7924590356485176,-0.6099067650701746,-34.70222623593975,32.994352845412095,2.4048494642711447,0.06741658625370217,0.488895615182633,0.7438163010771159,-0.4507475919015531,-3.7957725184312587,-0.220379758719067,1.988583324301782,0.3436274822274179,-0.3484832654795921,-0.0968752026717583,0.8666572345777952,24.190633516159682,38.37651881307827,-0.8103546951883791
0.009874947401561305,0.004438503872011651,0.7930016035425331,-0.6091233388043557,-34.42534731357068,32.844085954752245,2.5679447876946,0.2177735562624487,-0.012449812094045332,0.8734878033267949,-0.4352456063086217,-3.688194209918598,-0.1425786167884916,2.686674356700285,-0.14210262817642472,-0.1545538227924358,-0.18582181341743995,0.9598907295019842,23.94481839716427,38.20359023613058,-0.19514656004760056
0.00950790529543165,0.005482862652012634,0.7829131821961375,-0.6220341526777691,-25.250158732319733,31.980698555179856,1.9826928201350498,0.24697582883741975,-0.26726266493144846,-0.610952929340795,0.703071920953832,-3.554041590478508,-0.5277024051667862,1.8967960884874822,0.3662058341483603,0.03677785612681226,0.1665154445631578,0.914774990397285,26.755256709873418,28.484227648102102,-0.5744771183790471
0.008170612873406456,0.0015140470132362263,0.7928585619603591,-0.6093490374761135,-33.98950838237283,32.603929379674355,2.648419166242764,0.31880209282469624,0.12632200631430446,-0.6550845337325475,0.6732549517053205,-3.497549669818452,-0.8085336711794675,2.1909760994766385,0.09861534093156549,0.3361109435998751,0.13517026960088646,0.9268405722352557,24.433190948655337,38.06702209917951,-0.5315035082213995
-0.0012213044260812747,0.003949502037827617,0.782078893322746,-0.6231657199078114,-24.559267985529004,31.74163943819633,1.9197433339817422,-0.38018510295949476,0.3865793026215841,-0.32836564533016804,0.7734285572948483,-1.9899787684195573,-0.4764004821509187,2.021684312160405,-0.5414953090654122,-0.05377815191358146,0.4012853472137627,0.7367908867164706,26.364183420414168,29.193736082334112,-0.20226261996653871
0.006460457331414397,0.0006261500915957524,0.7824432831501898,-0.6226880270892348,-24.254766808149043,31.74354076721056,2.0662810052302873,-0.19666369513337875,0.6192897453368252,-0.14481589037493006,0.7462117395431753,-4.484047883118533,-0.8259225250097675,3.070738149707667,0.6022890372647765,-0.2331489398535162,-0.49781727831089273,-0.5788501056845246,27.310279969159673,26.57081109074169,0.8948776995623642
0.016259778341499644,0.002101239110359197,0.7871161095442849,-0.616586923716645,-33.342459165056084,32.10089810229567,2.6814383109216138,-0.3520642102110615,0.051755915110114716,-0.14240640801208584,0.9236300840145212,-3.2269240121015708,-0.4141150325338507,2.4501033704054347,-0.24309731235061027,-0.24094712668450516,0.6407795001492667,0.6872043444702942,24.35099042981341,37.02925289344204,-0.2979056936827358
-0.0025029602798467346,0.009124436181634167,0.7804686409414311,-0.6251233321203428,-23.663203234363777,31.49728986620778,2.1825723165621937,-0.24863110689977697,0.5584162119039656,-0.4186555675101091,0.6716259544995306,-2.534985124993967,-0.4422421242299933,2.2602960855823997,-0.5967524970931664,0.16011055090093937,0.2633425576262456,0.7408790495392186,26.552926702921383,27.588447675838754,-0.6008190878822219
0.00941782327937354,-0.0052065583575899455,0.7776785283603271,-0.628570046122199,-23.192135508574438,31.23166992481265,2.2110172234019174,0.1363530401459685,-0.0025053011353075405,-0.6809016879476596,0.7195654683621228,-5.514649983961978,-0.9230541858469316,3.3763199313793417,0.09797765042651402,0.10713022651258743,0.13228254467422249,0.9805227294452556,27.743099129823932,24.00174026625895,1.4193739361217854
0.01426624097293711,0.0005645684314460238,0.7789396912495956,-0.6269362910431753,-32.634316155828515,31.360401899148883,2.473096324611916,0.5621511800967592,-0.4518753490000283,0.49758842876251835,-0.4818718452488916,-2.2861136062963063,-0.2825538866792733,2.201325202150985,0.6978230435451293,0.14721404528234575,-0.07015679779421724,-0.6974589941296057,24.41947065787545,36.414395490822706,-0.2125140499427296
-0.004868839563409666,0.0021230617638315183,0.7628133578371105,-0.6465969131656332,-21.1611820979532,30.352983471981133,1.9100518657787244,0.5752698805653326,-0.5605725864642737,0.2912759344022042,-0.5195972188697948,-2.220291563524921,-0.6047912316075716,2.183720571562279,0.8027282182982773,0.07667408404883133,-0.2065095746851636,-0.5541681044108356,27.436045232056358,23.75812762032419,0.17560579951714939
-0.0005601843988608281,-0.005001656230980917,0.7608251362423772,-0.6489374250959444,-31.528669710794134,30.06663277938617,2.7742296275863936,0.6147888411789406,-0.558064646764056,0.46656248751524687,-0.30482450038924014,-4.062176326047553,-1.5316579448727718,3.470270095583179,0.8213862712353842,0.10738375733044374,0.07423929880273805,-0.5552313469184769,26.86351826371124,32.10069020985437,1.1143529191500128
-0.006824432104113937,-0.008728046989842708,0.757289666954524,-0.6529851519338749,-31.19273711260371,29.713565204256383,2.609162813843792,0.6740007129769989,-0.47968260301432597,0.02702751089810042,-0.5611569770808795,-2.8178111848388316,-0.8477839128187667,2.639584704191333,0.8069648169521249,0.20227040992582423,-0.39815354572274947,-0.3864818488600274,26.046069823143398,32.56059849328907,0.7369391291461231
-0.0048947653821913425,-0.01501537706672397,0.7554141773817635,-0.655057249661456,-31.008658505618655,29.52856990466603,2.6057698716619555,-0.49833628595426804,0.323656214698757,-0.15173046657559539,0.7898642075071703,-2.3666434775451006,-0.608050361711794,2.2956988365527637,-0.5725211998762602,-0.17703973961966854,0.4882155499573962,0.6344462018701386,25.769479771589793,32.61544210094418,0.9186396772637384
-0.009152396321527353,-0.0069329809995950014,0.7537685647143967,-0.6570396626265658,-30.651839143686175,29.18929667210682,2.7563854008468347,0.6771264619087696,-0.29473272000526646,0.3747615630188293,-0.5605231032035101,-1.9917674075421838,-0.28792457169910063,1.9071456409370178,0.6695911162129007,0.32406161678100787,-0.16887946850252702,-0.6466154426986298,25.303145519211647,32.41412417398855,-0.3207385444042441
-0.006315775986158652,-0.0005065004485371588,0.7678901837283751,-0.6405501699044274,-18.33717246680203,28.94948674505804,1.9643726614332557,0.6516389876434319,-0.573073213244194,0.445880335121823,-0.21941843312873366,-1.533816069202111,-0.438555622515337,1.6798437013330196,0.8586247183403856,0.13623225368290234,0.12106892096875543,-0.47911030304808944,25.900048122700696,21.800168056120658,-0.17594635225199107
0.005015419479965768,-0.004913065278302647,0.7700535588784987,-0.6379406115114241,-16.30037701899039,27.11479448397597,2.146983054964693,0.3495462439311418,-0.13168430260422048,0.8298443717546318,-0.41452983785058395,-5.266756336865635,-1.0921081318419694,3.3376777876620505,-0.3182375898807217,-0.1830371591277217,-0.2112381405760265,0.9058701246488623,25.663917650279807,16.070239952807732,1.3779017310969948
0.0024335452796426173,-0.001110088434945193,0.7691636473108057,-0.6390462653177601,-16.13313411384638,26.91789146410929,2.1317673825679186,0.3308586058999939,-0.5372788479856538,0.6177370773314339,-0.4693239027570823,-3.1705574535981595,-0.9941532311758008,2.698038300326629,-0.6228614510346647,0.08984392929315906,-0.032835477309826125,0.7764621771947386,25.06564080784431,17.854749337005227,0.5940307244121072
0.007162956987803631,0.005573478884212317,0.7322561455250983,-0.6809688434290105,-26.08496213279068,25.149883262123012,2.415583246063509,0.6444630052634589,-0.5828208706339961,0.37029433631127134,-0.3284347303438182,-1.902793623143174,-0.3756811311930634,1.9327499929780239,0.8653446554066947,0.0705462155275817,0.0038939344486227136,-0.4961720428523908,23.693305462925814,25.96989047171322,-0.8700025886780913
-0.017824086904717342,0.004795500099089401,-0.7039575446966536,0.7100021692709618,-25.48092003483248,24.622357027734324,2.3888663612687857,-0.5162033492872923,0.5103645688538377,-0.28813587520546974,0.6245316857156216,-2.1081085079469983,-0.5042469843097616,2.2024580962565596,0.7132670239103835,-0.001115525796087945,-0.24168802483664234,-0.657902581583919,25.324664392875178,23.1586269390027,0.09309983342922967
0.011285222174973134,0.009426863466241536,-0.6325984295227428,0.7743403676491428,-0.1916730210981541,18.18485757036558,1.5871016900764943,-0.050417682385124285,0.21400664282698248,-0.5215693430137488,0.8243934949749686,-8.058334727553607,3.4283146889039884,4.454187458974265,-0.17880741363952574,0.12016236495384669,0.11474744028679064,0.9697535459197206,12.801858531463397,-10.634888541821894,3.2972213856316825
0.010747745129257006,0.008088395500796973,-0.6327768653693686,0.7742173483500452,-0.10716592754965859,18.138986279132723,1.5657543573751127,-0.13936112337088083,0.18331751834301976,0.7417905243341106,-0.6298571129784025,-7.345075038275009,2.982454386581698,3.1328535919156066,0.223125235445091,-0.06681021709026415,-0.17265062535193323,0.9570492598427267,13.366249889154364,-10.098502603380126,1.9817155159459103
0.0047994841670618,0.00970757114374399,-0.6342894951358725,0.7730197697177603,0.08946318422931654,18.08645118710433,1.555915991624726,0.30558730171260956,-0.40546150571537676,-0.49091552517249626,0.7079684424885322,-7.49504011185688,2.4621221299585416,2.654881301231365,0.4947727134114676,-0.1288277397677055,0.07448205628749849,0.8561867779993942,13.81691785523394,-10.495277842163972,1.3394019126203094
0.00019786075425475274,0.010895255919796178,-0.6349993582331613,0.7724358027001579,0.33917383107450405,18.011635090360414,1.579025971599183,-0.0750842527959505,0.09636157201643508,0.8011644348754396,-0.5858432816985382,-6.685617605950145,3.038039219324231,3.020630389988243,0.12780027762557125,-0.03329610737348442,-0.24600085712096875,0.9602301997793804,13.306301297225971,-9.808967332831,1.5365536088345606
0.0015723619430348327,0.009326882390914976,-0.634662834945184,0.772731274688768,0.33829086173466294,17.97525694530418,1.5644471006192262,-0.22088074852756756,0.46851017407956125,0.6751670257515047,-0.5252231897505171,-3.3050678824300546,1.2554043166598958,1.0473208890482242,0.4734988201341578,-0.2278079638321036,-0.18558624151918768,0.8303373687273223,15.699966227548991,-6.819181018133545,-0.3237052312008738
0.00587207805721201,0.005743853530382641,-0.6349686430328307,0.7724942389500113,0.5384733398698245,17.921852867563416,1.5273793187945763,-0.36316022676458076,0.1845272597704371,0.7881453648562013,-0.46140136969193885,-16.67296338315525,9.099384450294576,8.362262680482875,0.39952581340826776,0.0807708383012121,-0.31269285457613866,0.8579501004123766,5.211284469869659,-18.58144241534886,6.953966174166785
0.01716110968502198,0.0010821618539482505,0.7730898175067905,-0.6340634505374187,8.53401617156615,0.7323177663365641,1.271424816312186,-0.3417359549952299,0.21266589893748677,0.774638595982325,-0.4877753561908813,-6.164674457461544,4.032785222801311,1.8476579494092942,0.388624601846549,0.14317042318649612,-0.11809525641864468,0.9025113069516777,-0.34828192382615164,-15.06900870155204,0.28339498374759664
0.017903806108899394,0.005725425250565643,0.7736496127033679,-0.6333347850832479,8.478651029920798,0.693195608217593,1.2845189643806085,0.024842722088818547,0.47830905466754875,0.7982675969577018,-0.3652014937395924,-9.052248864611192,7.378519133738622,2.8537456168933946,0.35627793011932263,-0.3057663625310067,-0.23145396019435838,0.8520575287882834,-3.0391975394304795,-18.526578178849853,1.420441248073156
-0.0107529539243541,0.012140147459629737,-0.5357878384861992,0.8441968863552185,19.879713948124504,6.375194810482071,0.6659806665780152,0.043066209978725165,0.33682144963764254,0.7455296668303739,-0.573482457009678,-3.6312787244594618,2.303816988489114,1.4362329988869993,0.15932594661348073,-0.306363486034985,-0.32625355304103176,0.8799518602107235,-6.328323127956239,-23.019306971609097,-0.003925575524258651
0.008941503511705785,-0.003191856322667196,0.7589545577153265,-0.6510743743162519,8.897950192721936,-0.01870931221947103,1.262209242225767,0.041533125922696666,0.1590039804613884,0.9135275207329139,-0.37210240863517585,-2.5563662319502227,1.7086773285468442,1.3719173945907592,0.09987864527903904,-0.1280645601988958,-0.31391984243158816,0.9354560690732698,0.035371911750135876,-11.584012658795979,-0.08163816890033404
0.008663665803357389,-0.003667149322767238,0.7569230459780176,-0.6534362978730613,8.953326290888612,0.0021281602512317477,1.258100046303694,0.1845409158959388,0.4314567226878767,0.8731654306931903,-0.13180241822553998,-3.8161880729800726,3.333376266076677,1.0830957976939066,0.21033772397686515,-0.41453128139930184,-0.4752084345410813,0.7470601062529707,-1.433976870784712,-13.114277149656177,-0.3844251483789056
-0.007456828142147126,0.013959861489756925,-0.5173572719776217,0.8556231478361946,19.906536062309897,6.336783973688171,0.6426356680232743,0.13258967015053133,0.021211023822186915,0.9841466897993585,0.11586787645742569,-4.495900894555569,3.7602843975285345,2.018543763342961,0.08959856889099811,0.07778876077410489,0.9040128775221868,-0.4107088049019276,-9.070559265465736,-22.833424826612177,0.6083320521186522
0.0078001886573995545,0.02442694399162528,-0.17272038303373763,0.9846370654961237,25.37364931967238,11.410826458632641,0.6257551467346154,0.023309655531920596,-0.4598012359462354,0.6624919489929539,-0.5908839995302081,-19.161198267370153,6.137815746169066,12.736138532308187,-0.09079494935071644,0.42911023449350894,-0.5544123378792939,0.7072818698599183,-40.64820704073829,-20.03869777104577,10.197672937214671
0.013851706759699295,0.0157627155354022,-0.5937202655383526,0.8043978575977571,24.510864895487302,-3.7475525631887194,0.8949383050447794,-0.0030496782314408263,0.22618423661392556,-0.6086966181826722,0.7604734167497498,-3.249347578193394,1.370398502809576,1.963567846119625,-0.13768246278633228,0.1597128463840996,-0.04130688559530103,0.9766417395050223,-13.106237805226726,-25.01636745570734,0.6104741663501638
0.017364495398453944,0.015773193567325153,-0.3932686787779059,0.919124271769887,32.54721581208497,9.202036187009867,0.9770872797983678,-0.07581143864236095,0.289533938259959,-0.2502613517008866,0.920756200202583,-2.8565450584577614,1.2081455545062976,2.120599707418716,-0.1955858087535625,0.2174344779805876,0.1258598924610752,0.9479597705964166,-18.709200185163517,-31.107758980076333,0.9535992680787599
-0.009964238487265383,0.009938177225614974,0.7822802853251974,0.6227676145853515,131.0347929087131,40.39512382963176,1.9448923214598217,0.010574468486713832,-0.0319946543350191,-0.6934237129692921,0.7197416737983754,-3.5192281679008195,-0.5004210616580975,1.0415008980522982,0.004380305368217693,0.028440913846769462,0.9950952649864558,0.09464322979472467,-9.656948258373236,140.29320535020264,-1.61436637918585
-0.0005135563999510925,0.018225049808097422,0.786178167066323,0.6177309069874625,143.97718732512763,39.458672001065,-1.2163897093386424,0.009521514631244878,-0.03206033752316506,-0.6956944111228865,0.7175588908580313,-3.499766008673605,-0.4735179086863614,1.0459663427390806,0.006275831265764709,0.040010536505884604,0.9937240078590767,0.10427064359122692,-3.912900352313247,152.73960014085694,-2.1103483501625044
-0.017460098195670785,0.01646065901115053,0.7941986322860001,0.6071842588135525,130.61691756958723,40.583605162481035,2.515542761878046,0.005197985153195713,-0.03465575380221263,-0.7029832236328765,0.7103425560738121,-3.486383903595938,-0.44268007851766233,1.0468445232905506,0.00039319959159792104,0.024589211367433274,0.9915129646915325,0.12766071019313865,-4.333042041744705,140.15923650913382,-2.3710312187803817
-0.0196991813121041,0.013998208524328174,0.8006222680049363,0.5986818657587469,130.21741333524741,40.60853092295133,3.4614745289196778,-0.0020201779459928415,0.040866760323700076,0.7086281165398938,-0.7043947893268622,-3.4718476729069714,-0.4104986054494582,1.0445770981662466,0.007713869622724662,0.021984459160876074,0.9889737195900526,0.1462469204156565,-1.4312535125800316,139.83478666166639,-2.3247877791350384
0.0012217953704445961,0.016313984318206395,0.8061173254528233,0.5915295586329772,143.37373834953928,39.75258861844395,-1.2235151201714842,-0.0011552710613299219,0.044325198530341656,0.7158133364939367,-0.6968824932665754,-3.459637999161324,-0.370566009430645,1.045507994889967,0.02422161376612641,0.03939445662851869,0.9851207952304681,0.16552464776581927,5.771069583520912,152.11284856542298,-1.8526927222367635
-0.021439949865424253,0.0023276817841238764,0.8154016037395201,0.5784938504999845,129.47893196510563,40.61655403939608,5.264390603652819,-0.0020937714736248667,0.03777780764020283,0.7204111603292753,-0.6925144138889409,-3.448981726788582,-0.33912765878458345,1.0551611652723545,0.013068488763899672,0.009727868049187181,0.9822358704479328,0.1869419107370989,5.360301761718949,139.05035554177368,-1.0869696577853147
0.0024832875485159144,0.013247493783038885,0.8172545130411251,0.5761192568430024,142.94682295911812,39.86814357290564,-1.3470046241736249,-0.0035206646733477293,0.033006903839278075,0.7233382394981632,-0.6896955418870708,-3.45002751977521,-0.3135247587472674,1.059961440095806,0.017077011929610832,0.032826186250621045,0.9802572776006689,0.19423307357584746,11.345321097280287,151.4011034760578,-1.177854456462954
-0.0012088244157512408,0.01711740772237419,0.8223969170272551,0.5686552944978742,142.6580576744866,39.9253341412018,-1.4691670206247402,-0.005158057818027116,0.028820648985749955,0.7296079486789815,-0.6832386156066083,-3.4452725423864514,-0.2871739074151671,1.0632311354077455,0.007453943729705642,0.03144429153672481,0.9767353005183257,0.2119996414478192,13.948110003136906,150.9093343359782,-1.2103644301413932
-0.005912643991153545,0.02230126985593948,0.826910164648859,0.5618605464029695,142.49905978410993,39.98910628304998,-1.5235749399603589,-0.0028168894138064044,0.02805898967238675,0.7346486532544552,-0.6778614272135645,-3.4298123256025796,-0.26759943912691314,1.0651435821138802,0.0012280135846967925,0.02886800842575874,0.9734036807237455,0.22726725330682934,16.296130935115986,150.515865820059,-1.396347873870202
-0.03803250085545835,0.01225546883111753,0.8350151052893822,0.5487741851626872,128.26705850663012,41.1098034084946,6.406037226336734,-0.0030112946312235746,0.032352533138664645,0.7396836075675787,-0.6721699237543791,-3.432818657299533,-0.2584740449487354,1.0586579436852983,-0.009267139490009029,0.0003744516268720243,0.9683848515939918,0.24928850578182335,14.53259210381152,137.3749369979305,-1.3103210334233193
-0.017815108411547733,0.031649886100102984,0.8379193456064872,0.5445843156762152,141.99493321357585,40.10728614504228,-1.5269140072603475,-0.0028188227839095787,0.03897476054224597,0.7407567746959456,-0.6706358348767589,-3.436297663974626,-0.2581134248746359,1.047306301408744,-0.004269698478064255,0.03161587498171773,0.9659483852948331,0.25676043906792095,22.11826493560387,149.3183181130747,-1.028221433876464
-0.018377259068353982,0.029296539452460524,0.8425335664056355,0.5375324907436251,141.76432080998995,40.212326775916154,-1.4782817718462127,-0.000265745216200503,0.04472099093510257,0.746261552158895,-0.6641488222670123,-3.436338616541551,-0.2493353026004979,1.034849722366812,0.0034679733263580453,0.03000590520770416,0.9615215705479001,0.27306389029817435,24.430979460086434,148.7604999422071,-0.3665044724127613
-0.039635720855939936,0.005969241995732593,0.8476756544045206,0.5289984524666346,127.4585844590356,41.24782595246393,6.952696719386877,0.0009139387784206399,0.04682221726203285,0.7502946850634228,-0.6594427422090227,-3.4415025560548234,-0.23969943446283204,1.0275509426239198,0.009557346863770178,-0.0018079405657054999,0.9577595731918283,0.28740561656175684,20.47440952389158,135.91153063858897,-0.09638406982492276
-0.01506589882438865,0.02482644710899154,0.8490267181518196,0.527551227920956,141.33488292557274,40.31968383804224,-1.2599607428219866,0.0016197857104134662,0.04254590082002323,0.751313459707318,-0.6585706551922014,-3.4470145443338005,-0.23350786821502256,1.0330002342236395,0.00840272375500035,0.026100657844096143,0.95618162603248,0.2914873032080217,27.711237508938915,147.79607760412554,-0.1536982489212415
-0.014675921996362348,0.025694538998361723,0.8507547468365444,0.5247292337142133,141.1775146446733,40.363940400686715,-1.2114208700911107,0.0038244145280752224,0.037111185151843064,0.7560174798807967,-0.6534873402789317,-3.446140719684805,-0.220264653087552,1.0433057000250137,0.004563249181598612,0.021915487320437937,0.953304837059009,0.30117897637834995,28.598416984083116,147.47916039484693,-0.43701022519883637
-0.038952070173746,0.004961720126622769,0.8537571676022049,0.5191886134445028,126.69285184468768,41.371768796590686,7.7555179678228985,0.003002249910921001,0.034569874215013535,0.7589190449742894,-0.6502597892131599,-3.4567349540147863,-0.21450737453891486,1.0541415606726396,0.0019785030221168617,-0.010949968132096545,0.9505475470111906,0.31037967812778267,23.218396853036143,134.809554725303,-0.7292172140189268
-0.01683507537787515,0.02991873039631972,0.8528695022138638,0.5209943013142943,140.89785037958103,40.44512438832271,-1.1645870971213057,0.0023215049732141202,0.035534035102535236,0.760567109298584,-0.6482820491245975,-3.4684425087668442,-0.21414407971890942,1.0598456639669098,-0.002153693763481976,0.023124660233789094,0.9498187928835659,0.3119372891743638,29.686956970018088,147.02918604516165,-0.923998131308009
-0.03836462203806079,0.003569341789789107,0.855370961078702,0.5165810047982425,126.21948147861775,41.32250975485931,8.150412726547993,0.0015423813237044498,0.040338034224613496,0.7613405454817085,-0.6470943036840618,-3.483238900168233,-0.21448719701659316,1.054388104482584,0.0077577349876446515,-0.00738028747345295,0.9483527991522727,0.3170367758552936,23.89253266628667,134.26367126157132,-0.9406471335105078
-0.009203236328136704,0.022730635591151988,0.855995668995357,0.5164010392203929,140.46782719116624,40.55538948329604,-1.0285936932652948,0.002905997561788053,0.04143672385443304,0.7613510181734159,-0.6470078672015397,-3.4966884350724783,-0.2148372292702529,1.0527446757389218,0.013709757458558649,0.02661045263836524,0.9474457962605992,0.31851277762270047,31.04958467035582,146.38044588723565,-1.0067118507144168
-0.005010144606850372,0.019128234454839264,0.8563656309743526,0.5159911968081997,140.21210966603897,40.6301470605315,-1.0226298596304053,0.0036199826197037947,0.0351021313998783,0.7628240453463666,-0.6456424799673756,-3.5084377680589998,-0.2145374648685957,1.060922275525247,0.014101898693030973,0.023540504045355008,0.9467616324840457,0.32076376412975155,31.03518409389013,146.1639324436697,-1.07116716570495
-0.004101601781775302,0.019095739715838687,0.8571188469958686,0.514748299377474,140.0234731914522,40.63425037363481,-1.0434251227476024,-0.0031451575715993694,0.03342304577224224,0.7622004462656866,-0.6464700207337882,-3.5355165791570946,-0.2202508845697463,1.0643121836246183,0.009822214022047792,0.029118810344218742,0.946520051202493,0.3211781618782209,31.377804762747527,145.93378519865666,-1.2165851513340409
-0.0027341256357084954,0.018144610501675634,0.8574152238593084,0.5142979987915981,139.86771194135713,40.569967406016076,-1.0581655654169908,-0.002869026236003685,0.030558186241772117,0.7635921650147182,-0.6449689693855089,-3.5587856893729812,-0.22594660578478482,1.0736171195377504,0.0091070110358095,0.027790914624820015,0.9457516281848101,0.3235716075308377,31.52600658289222,145.75506635193486,-1.2581183451683156
-0.0013358931008486713,0.016980413983456958,0.8582871978623419,0.5128868948571242,139.63463394016247,40.53753021027592,-0.9500012539594698,-0.004160042522742049,0.03163836557281607,0.7612955279383711,-0.6476193534871598,-3.585578286974319,-0.24215195412179785,1.0752547937853283,0.011228909386026392,0.02977724959925954,0.9462735258089079,0.32179751607724066,31.92984808617443,145.4567817198618,-1.3866444276177055
-0.00034752720936548305,0.015605411548600292,0.8589629483374387,0.5117997691858529,139.46346113322323,40.522537231933484,-0.7989414806013126,-0.0015610536464793004,0.02939927786679932,0.7597782356103191,-0.6495154180350872,-3.607912359363466,-0.26139951467393746,1.0794504863203827,0.0123715671664647,0.026259342664791827,0.9467498602482299,0.32065884264840694,32.23008192709176,145.24273350953,-1.4303662609670516
-0.0004197951701586472,0.015359263620999625,0.8596536211257004,0.5106462263431566,139.21451762815775,40.53935120281153,-0.6413630985491245,-0.006048742048251933,0.032113281898861666,0.7589683518498577,-0.6503069972986824,-3.6309174877865455,-0.27844547287441324,1.0692135305145185,0.012587341036879904,0.03126797457986409,0.946523666634153,0.32086885344753074,32.48491471533382,144.96981410541161,-1.5232352099661854
-0.0024397623300150854,0.016475144700827636,0.8600453943792467,0.5099456213890907,139.01644065273342,40.65939502306742,-0.4634620031836807,-0.005399641651231177,0.03367401539657392,0.7597789590690556,-0.6492864066904929,-3.65257460744577,-0.29542589994916924,1.0625070849717018,0.012106085427222543,0.030659261058542966,0.9458549338247632,0.32291159249293877,32.51433422748871,144.82587093877345,-1.5359135302820515
-0.04771184714863926,0.0011113958859313804,0.8592169831090335,0.5093805261078015,124.22221404997904,40.755375389321216,10.470715794285017,-0.004205603672067372,0.033676020106158285,0.7603881872018763,-0.6485815625897853,-3.671237079498346,-0.3124486151296983,1.0547833877418695,-0.004997360893022526,-0.014791259142895773,0.9462012993848476,0.3232017111333084,25.78137163110909,132.15921185232546,-1.1065228167445489
-0.01658014942345802,0.02507961840559489,0.8618206455403774,0.5063213271294156,138.25766393358887,41.37140225247231,-0.2069228375642717,-0.0051798098217141686,0.03558593585546548,0.7601019507513243,-0.6488080110506751,-3.7007337664207167,-0.33200403619779356,1.046207509284571,-0.0017743546166408553,0.026151238728932668,0.9444720798536443,0.3275445843783223,32.66687429118836,144.30927108370594,-0.8004452706933156
-0.01847953838716178,0.0250003758441208,0.863003538345539,0.5042403996822648,138.00484179672333,41.47647924992248,-0.3254163458672936,-0.0008598838043206955,0.04061513177818439,0.7593496356059799,-0.6494134296236483,-3.7250247301249035,-0.3471215829078431,1.0408140517509827,0.0036325275926582493,0.023425022125027024,0.9440699028393659,0.32889221887208125,33.12165508970077,144.01845886198774,-0.2733294319531152
-0.016392819850733722,0.023944279514672408,0.8628393164026524,0.5046446878801641,137.79585714109263,41.43618986679712,-0.5801671056144322,0.0014060187153309416,0.041362878187782254,0.758952095279323,-0.6498298642648861,-3.75808263073084,-0.36810293239808783,1.040615035912669,0.007573952409608667,0.022778731459402367,0.944411619414336,0.3278878737513613,32.9221764998684,143.88824377376926,-0.21747259147106002
-0.014522673839878595,0.022812906718157288,0.8634533282548412,0.5037032987357204,137.70365675536254,41.434616462149506,-0.5789984516139182,0.0009730305958473827,0.04054234773134626,0.7574572687157003,-0.6516240153045632,-3.7739886399495064,-0.3834701693961458,1.0396733471679998,0.008753418750093465,0.023446280799542262,0.9447916306379782,0.32671459143001963,33.201907119304764,143.75260035796487,-0.3462202790323978
-0.010702800366482761,0.0249602393108027,0.8617413102079747,0.5066205195201885,137.3782140030271,41.13009822388494,-0.6841690742993998,-0.0008280664464269817,0.03802693135571394,0.7557982769312607,-0.6536988843384739,-3.79531249630074,-0.3936240136547477,1.0410558985473388,0.0064885476746117865,0.0282061252986397,0.9466085747008885,0.32108335295910934,32.36298337575728,143.5534980969363,-1.4801976479753187
-0.04897890070791191,0.002620985433498451,0.8591243936045997,0.5094109088293368,122.91050139827664,40.64326535771761,11.165793274404528,0.0010408618091636876,0.03534980683686141,0.755633356093098,-0.6540394016592366,-3.8078770566958373,-0.3986621621164202,1.0468677228041579,-0.003114527209385302,-0.01818251591790405,0.9485632017759004,0.31604991389305875,25.309060932320087,131.14847448355735,-1.9771146854914485
-0.0464328171686396,-1.0677610022990131e-05,0.85873867469413,0.5103056750226688,122.55335230525122,40.55135560417534,11.57352507757661,-7.851233711391515e-05,0.03668188356713728,0.7571525035728338,-0.6522074206777856,-3.824206322908103,-0.406041277714021,1.049835224112028,0.001184343447338788,-0.01637729284851596,0.9481581995207552,0.31737424326985386,24.95462491658325,130.88674523160034,-2.3388779868024057
-0.04328775201433571,-0.002355015677575154,0.8588378880770595,0.5104097436668308,122.46952807221456,40.55135264433807,11.566833712684131,-0.001939244996023279,0.04390025458820526,0.7502550913420746,-0.6596865201678989,-3.8418348676510234,-0.42403775012154243,1.0500685263329466,0.0099239084053151,-0.009957813670665809,0.9514061969168944,0.3076176302766058,24.849645815040677,130.8462901796547,-2.4266900869918704
-0.041830365428893214,-0.006151889726162499,0.8589285238506444,0.5103471031529773,122.06979681074108,40.510616253653325,12.047184060943797,-0.0032242100922895444,0.040765878744942086,0.7535412097914719,-0.6561275735292934,-3.845591100356786,-0.4267248649247469,1.0659941835258624,0.01055915603136378,-0.01198321450983302,0.9498593483025612,0.31226931523310175,24.693530588710342,130.52018300114034,-2.4184123300726474
0.012863425239411738,0.008340671940311559,0.8604228106346978,0.5093501275372189,136.2860607281957,41.1786237926849,-0.6569023982674498,-0.008234366991179149,0.03157498519339304,0.7494381130213077,-0.6612697862910064,-3.863182055125408,-0.438735244075671,1.0903887761390054,0.025229038647462117,0.038323535415497094,0.9502231639417892,0.30817323204755764,30.91965745713554,142.8778837224891,-2.598649283257821
-0.040867959796154193,-0.017923352145334904,0.8593031775607312,0.5095160570031181,121.0857143123624,40.42707348509248,13.081832415078573,-0.013124679416797872,0.023405403609886865,0.7488514410036666,-0.662194419471198,-3.860319946479409,-0.4436024085979334,1.10664414305852,-0.00021550404234601712,-0.01926926666589143,0.9517693716605989,0.3062086087766888,24.42881165639147,129.7183037036377,-1.3128611794273939
0.0061407418239117105,0.012620820089083848,0.8630111392520351,0.5049898808065717,135.57611627209081,41.4766675087285,-1.0506177351277248,-0.013210914952027083,0.021018095195601404,0.7461145403041995,-0.6653546453938168,-3.8627669710520918,-0.45645784613587126,1.1120279642664264,0.0061366656323687315,0.03499411018894478,0.9506929640271714,0.3080919371490142,31.74936102512021,142.10979050489956,-1.7469160520344915
-0.06120935760981202,-0.00959786688166156,0.8598338013447833,0.5068008776208816,120.0455077545533,40.488849874624066,15.029315924246639,-0.0134881824054236,0.021423038024983656,0.7505193903478414,-0.6603633598929325,-3.845862461210377,-0.4649188532831024,1.1103845027134884,-0.021632602306642806,-0.02982207975542382,0.949607371880091,0.3112691975565368,24.909921319958546,128.83115964042332,-1.4309313096395044
-0.06707274793565798,-0.007766557329929435,0.8597397360885961,0.506249457542338,119.56907263461179,40.50002306360284,15.920077388285021,-0.008541316447820633,0.023627573965191558,0.7468288340220011,-0.6645415535052689,-3.838924868999589,-0.4905417139239779,1.1149867473380017,-0.022782811769112316,-0.035948306557239865,0.9510655748679039,0.3060440083464198,24.90818096822601,128.47424743751037,-1.7032979005744224
-0.07185894203466636,-0.004690425298966559,0.8596317080393249,0.5058138184090725,119.1838527066782,40.456365079036686,16.407483788668053,-0.005416487096906632,0.029811491801260474,0.7473090710482128,-0.663785423878206,-3.8169998078991108,-0.5108659555824268,1.1147566627190644,-0.02130655132946065,-0.03707902660852433,0.9507778803480875,0.30690812777931975,24.954555232169437,128.11968171384999,-2.002141756166629
-0.07542191936150903,-0.006476421343089768,0.8586756148556199,0.5068981934261906,118.65984796823777,40.19502304192338,17.110572192367485,0.0027673180329968183,0.034902188038185296,0.7500797613337027,-0.6604199655209002,-3.7744388417261514,-0.5223393731296,1.1243784125084246,-0.013579902523869602,-0.04553398568441989,0.9499150635963727,0.30887475511577916,24.60393152682057,127.65194446373525,-1.801168598847062
-0.008792888330964477,0.029844293655015917,0.8644634413949469,0.5017319620500945,134.5823407570223,41.52812623980185,-1.2632785248775424,0.003979480652896197,0.04206252328062257,0.7481304250553292,-0.662205236294257,-3.757352809658181,-0.5397987466894478,1.1265045445059856,0.010208025472321596,0.0308488170415438,0.9483017793683935,0.3157022045374921,32.09045446937014,140.99173774831036,-2.196545144493477
-0.008493664271600029,0.026592459397765986,0.8651639969295836,0.5007114510246865,134.36667277049708,41.49796933215157,-1.2586857522229185,0.0036138938427059653,0.04524686943676876,0.7521853005794463,-0.6573864420336594,-3.718850934027379,-0.5435751330714187,1.126438516097124,0.015369403639705478,0.030621727663841882,0.9458552890533501,0.3227752521437245,32.322051951387856,140.68990058811764,-1.5585139418066822
-0.0056116747922707565,0.024552809089141234,0.8653454533122423,0.5005426206665,133.87219529892596,41.51618669115305,-1.4922031131891083,0.005972968847048334,0.044817392710533935,0.7502184449722658,-0.6596423347369218,-3.6937874686302745,-0.5571457534362121,1.1347657713645471,0.01965058397491645,0.029250424139765023,0.9467329554923579,0.3200858919443243,32.09898671258426,140.24632112020095,-1.4458034415983592
-0.0040620614711972605,0.022958636392037123,0.8654183722358686,0.5005071844321938,133.72242221287405,41.48409874283243,-1.4803671738785438,0.006798211682509404,0.039412171268202505,0.7489212272712916,-0.6614510264685574,-3.660487829159219,-0.5715535025350709,1.1511334719111594,0.01762950602069432,0.025986627130986137,0.9475884977957602,0.3179464334962668,32.0437066111097,140.0745999907703,-1.4049758347735908
-0.00418038239108937,0.022362340963461368,0.8647587125408555,0.5016720235316897,133.51627961630436,41.439478694360105,-1.443746054546139,0.004018078722602253,0.034549565583615556,0.7460945059633024,-0.6649309518534524,-3.609135052523562,-0.5819381080057018,1.1632768373755165,0.012428710160675647,0.025608334223116213,0.9495338584478418,0.3123702803456393,31.569204124390584,139.92039206385323,-1.2824282378831786
-0.009633858343244074,0.024216871161060992,0.8636092940606285,0.5034875560892184,133.0700750530276,41.27120838668543,-1.1131519975575905,0.002286870425544401,0.0335337123270842,0.7460473412878971,-0.6650440774253095,-3.577444151781286,-0.5952534882795371,1.1783386315338904,0.005637563653725474,0.023826816648463922,0.9503422386971155,0.31024205071621946,30.859004636963085,139.56166298651,-0.927427256138226
-0.010981622684826133,0.02474003217371111,0.8633721618752354,0.503841090890902,132.8526946920083,41.21604061137691,-0.9300738806569537,0.008867859421456561,0.03394682485379469,0.7444145848283357,-0.6667952459687184,-3.544155676810603,-0.607512081263988,1.1939450984399038,0.008037400949097408,0.017769198053587103,0.9513512918844395,0.30749044735783915,30.656485035073647,139.34530238281022,-0.942568898885259
-0.0951450217681399,-0.021536822796455968,0.8549018272451865,0.5095355295456987,115.27169098339476,39.614703623458354,21.674861281927733,0.006603262700292856,0.03598267905320099,0.7424783578134556,-0.6688703401321512,-3.5142496471265456,-0.6211453331687965,1.1994963515630908,-0.013522803221022927,-0.07235914942818003,0.9534189386769234,0.2925296816722106,22.618294111488442,125.04537922934931,-0.574200874508479
-0.003953298925192769,0.018602633918221943,0.8633521881072704,0.5042433070743737,132.35766500288943,41.180102195057316,-0.6915638368197223,0.009466423035500913,0.03729074944322576,0.7444085662498565,-0.666615086338967,-3.472153466598693,-0.6163056004478931,1.2160720287324172,0.020485141837679282,0.0200886806119531,0.9512101525583229,0.3072068513967964,30.319114630125803,138.85089682361127,-1.2239705805096959
-0.09249904581218427,-0.03289237327382171,0.8558846355761166,0.507763240978499,113.78970450606518,39.9294431563535,23.5956919353641,0.00764323357788758,0.03421333000692311,0.7421126559752689,-0.6693577779272033,-3.4422829382076454,-0.6129959540752737,1.2317450718597454,-0.0043414927357797554,-0.07983093330462683,0.952623861488263,0.29345519598693154,22.084471879053712,124.09064913249303,-0.9804428440303881
0.0032692696838074954,0.01452213199765737,0.8632993942606387,0.5044725715310908,131.77441217693635,41.224789606796094,-0.5261928115689056,0.005559504073350265,0.025371471996328818,0.7399966417634051,-0.6721088829215701,-3.414127277899741,-0.6114798072722852,1.2530718108668821,0.016158770007893883,0.02017939772422576,0.9535369899659057,0.30016477945635067,29.91639178270299,138.31438464106904,-1.8764128226965444
-0.09082660934182318,-0.03488607500988476,0.8564997437586865,0.5068941484641312,113.0639793035193,39.79728289358695,24.206981853127857,-0.001824303735817522,0.0247256399314862,0.741630260143939,-0.670350558950085,-3.378598200564562,-0.6022142518078785,1.2620261195269173,-0.014760324077970037,-0.07664986391605194,0.9523925099958863,0.2947124668189309,22.1066290536725,123.39473704293577,-1.581151795468052
0.005807561055662994,0.014581816821066098,0.866598858530409,0.49875851997391857,131.27970138698174,41.26319511109341,-0.4864994328876766,8.207847591738163e-05,0.020531031213066545,0.7406892000571363,-0.6715340489797754,-3.348853297377152,-0.6077064271908807,1.2844773154307325,0.010932486306697428,0.024262681871761393,0.9512576511273354,0.30724694332612706,31.42885207618931,137.43296271197045,-2.358920951273217
-0.0016894261225011158,0.019360903233693383,0.869525408573446,0.49350568903563213,130.70362026456138,41.745753977271306,-0.6612186366880355,-0.003270007860446939,0.02150874867053224,0.7429763103008653,-0.668964037232894,-3.321807591818739,-0.6118548423816875,1.2961353697952014,0.0015737782251496544,0.025154589158503896,0.9483172908841611,0.3163211748784618,32.348432497404815,136.78989067497338,-1.7083020227290835
-0.011536213663785795,0.027027433119453288,0.8721559624729557,0.48834456150974925,130.29182631181678,41.8424059475974,-0.8615461846213774,0.001425465449321973,0.0226296128246426,0.7451077403839574,-0.6665585674879386,-3.292864882344737,-0.6175532134981145,1.3009624905823274,-0.007395241620719267,0.01922746516842902,0.9455119284481309,0.324935082973299,33.591883420251726,136.0978877497841,-1.1595755685252607
-0.12734507534401376,-0.02845945885147469,0.8590978791121262,0.4948980956647086,110.77820813259657,38.64902280908177,28.098531824899332,0.009913412846150717,0.02765155460833584,0.7498282645744414,-0.6609800975965657,-3.266559134748771,-0.6137663635993177,1.2960796335108347,-0.03417133263072673,-0.1091299629695534,0.9421743391340052,0.31500870763505057,25.919751283510536,120.80458113077104,-0.7527744502549294
-0.01395254209957004,0.03283555131414698,0.8758755664581586,0.481216318530924,129.68641235705468,41.76714314300375,-1.51120962214834,0.01623634439781673,0.03373401878174738,0.7509896255946156,-0.6592518330248976,-3.239968982832687,-0.615022456688905,1.290399179796879,0.003502599344788087,0.013181026005543306,0.9398148402096881,0.3414118604748663,35.46620577985952,134.96041085438787,-1.164293138148631
-0.01332549138769781,0.03180086673369885,0.877193720560777,0.4788969751032088,129.4444154816095,41.58625014397239,-1.5341459976391143,0.017415109118410335,0.038613247180115655,0.7524821978691293,-0.657249019022962,-3.227466023358285,-0.6183973403385878,1.2899341794796155,0.009523588798277308,0.014089236329622133,0.9379645167671902,0.34631396154608146,36.19482855297499,134.4616648832485,-1.01533395279061
-0.13853177332649222,-0.03354851369068696,0.8631489954429249,0.48441434400111744,109.35296014541004,38.58814037438856,30.084323365904353,0.018012437753757743,0.04090755679635035,0.7552629041040471,-0.6538960693928673,-3.206823063362801,-0.6138264830979148,1.2936600088064782,-0.021212634412672574,-0.12229636093200479,0.9353326255313393,0.33128009879966325,28.216214812041844,119.32830885104367,-0.03502104775401271
-0.14138466403250793,-0.03698842112987678,0.865298660198301,0.47947936570592786,108.80679052184723,38.69852162674488,30.630642035434224,0.015607662975259859,0.04214476800097223,0.757634390593398,-0.6511300558081814,-3.1950019188229555,-0.6121273234930985,1.2991204919144719,-0.02008474065102271,-0.12449989972046398,0.9320733429979473,0.33961104433632067,29.13137979779272,118.74844849100019,0.48526170959334003
-0.1438298442826711,-0.03820017069641456,0.8664106360761901,0.4766406744565964,108.37876832621815,38.808021091301725,31.09315120666532,0.015041451296201103,0.036932831149793156,0.7585500535483863,-0.6503933709593795,-3.179618601856682,-0.6114182027701477,1.307434020955893,-0.025400870521032168,-0.12937565770916262,0.9298010007112001,0.34363764934236546,29.601571499238794,118.36273274117798,0.60439998020105
-0.015627900041778418,0.02453279430138702,0.8856064212685092,0.46352473219024026,128.31446649156635,41.29510130304993,-0.65733128485377,0.01659801726490911,0.03563387060284674,0.7586878825827242,-0.6502671988581894,-3.167183194183843,-0.6084957509728581,1.3104246098110908,0.010476131581578344,0.005914042696572885,0.9285154827504906,0.37109873761398343,40.44841646356008,131.9511229570695,0.18565929001402548
-0.016704606001410514,0.026409475323449533,0.8865475060920412,0.46158099526893404,128.19193486858373,41.384518058126105,-0.5771539194897608,0.018518036343631514,0.0348661534264243,0.7637850873603899,-0.6442621935214752,-3.15094919220884,-0.596210103628438,1.3108304461942883,0.008524765491694978,0.003932332409128628,0.9247891987108594,0.3803640402073549,40.87946878591064,131.70332789602497,-0.04084430039867337
-0.15048360946406883,-0.031896304830595405,0.8708920282936242,0.4667808737249593,107.26369035338237,39.13913307867551,31.71897018122219,0.018572321931812998,0.03745473668529892,0.7661031580347003,-0.6413565021165335,-3.131864501975757,-0.5923115312933515,1.3095739317447175,-0.030789545271892576,-0.13443420334169368,0.921198501984641,0.36383068701675997,31.669507930816422,116.99369678834724,-0.12158162434609254
-0.15637731219772388,-0.02999174715579431,0.8728521423172447,0.4612762393453133,106.5873564711872,39.30853191267511,31.978034529373495,0.021370532049755735,0.041663853720668755,0.7688198344905519,-0.6377487638145396,-3.126293499010603,-0.5930338666804377,1.3152243577413811,-0.030447084824340602,-0.1387879478763628,0.9171730386103997,0.3722962500430722,32.676089062295326,116.19662901608564,0.2108979373672566
-0.1617722686579679,-0.032189997158420115,0.8739818193001819,0.45710974252244874,106.00839638133702,39.384968812544685,32.42279135856903,0.021521787270064516,0.04666384224154438,0.7713011555162425,-0.6343924857682881,-3.119511531858574,-0.59544076244132,1.3157475368416809,-0.02717776126250583,-0.14267538394132087,0.9138729008200747,0.3791324639972907,33.33126589484437,115.59854734715744,0.992056296583673
-0.027150233780036385,0.029184205138976054,0.8943021625747523,0.44568462951981724,126.73732774026074,41.90727121971372,-0.7443347142593133,0.024515314952517644,0.04554200761575712,0.7728043418135903,-0.632533298846131,-3.116763887721769,-0.5994064518973814,1.3177983044355164,0.011927307579832638,-0.004148563382127676,0.912054849965334,0.4098737359364132,44.10480398461258,129.32481598506698,1.7359112019273153
-0.024912189607758747,0.02731599889381434,0.8942622249963127,0.44601378000912106,126.59912624600699,41.64748920199713,-0.954358741106696,0.025807754206231253,0.04433489172926082,0.7729353869246113,-0.6324075148493152,-3.134355271007408,-0.6075496475560256,1.3178594027503965,0.014289474836326602,-0.005285596989708091,0.9120874287729437,0.40971257687276913,44.15091264624525,129.10686665459127,1.8818621451239657
-0.022051508208813003,0.026045564474656197,0.8950829399949239,0.44459182413417875,126.3392145261019,41.27511882064664,-1.050214786113063,0.028416131418911885,0.043379715878421425,0.7774406392408788,-0.6268147861866569,-3.144965378108253,-0.6001273039318198,1.3131633664590086,0.01739093162940586,-0.0069665211517046565,0.9083916759521672,0.41770035448981463,44.74192715286902,128.5323095232269,1.6970571660072447
-0.019426033479346936,0.02451709280576743,0.8945696267537747,0.44583261912204764,126.30692821523044,40.87339212434449,-0.974650533560812,0.02849166633097976,0.041872875198316846,0.779128103664882,-0.6248154010200734,-3.1671870538915363,-0.5964224402801579,1.3128242562885903,0.018921075636996836,-0.006636197148673576,0.9078135598721523,0.4188943712875514,44.73742318549446,128.3942554616865,1.4151737778820952
-0.1646913628782975,-0.04033065871147491,0.8759953285070244,0.45153336243854403,104.19875858124122,39.10810179300938,34.10799015262856,0.024882928431775787,0.04220887683982523,0.7778833033908285,-0.6264956639070632,-3.1993000064972046,-0.5996490857221836,1.3095987541249667,-0.023595627424455257,-0.1561162571825319,0.9059954310353463,0.3927381310146,34.10837916422499,114.11666692726257,0.8875510091357088
-0.1631504393351274,-0.04320225880314031,0.8768340507525724,0.4501972305777733,103.94417466414797,39.12164537418926,34.58898748592158,0.024634902816935103,0.04247543219856277,0.7802404808116755,-0.6235493174765816,-3.2219641784999915,-0.5887145251981677,1.3049606660086879,-0.019689723616841653,-0.1567137159051029,0.903876979510137,0.39756701566243974,34.33793494615133,113.97300332657287,0.6173941076441083
-0.16366862816529298,-0.05107278469180911,0.877149109199247,0.4485683794576725,102.87252435904419,39.26101338325725,36.24424913775577,0.02276502206448696,0.03747935722550416,0.778505345603511,-0.6261042073162615,-3.2591891212632556,-0.5902761201419836,1.3100398371401478,-0.019626526943043773,-0.16255005160017952,0.9033711509010731,0.3963746256820728,34.13909328503275,113.6087880572837,0.174489656031104
0.009273547098178181,0.01441228184816104,0.8952664538073132,0.44520137482202926,125.58991352571906,40.495682763519426,-0.7181448321800143,0.013845955292728057,0.0266062653176935,0.7777101208050513,-0.6279071302073808,-3.3049037264236296,-0.582941087094554,1.32887490196506,0.024598284020125125,0.015711032572855783,0.9083346221321096,0.4172245224275267,45.02865235693941,127.56112349325922,-2.469368698846741
0.002491076357061496,0.02129987707322203,0.8963569414879043,0.4428141181372815,125.24457242268926,40.791317360579114,-0.8000186773662918,0.0034815175691833037,0.02185516012536572,0.7783670341972747,-0.6274193104186775,-3.3603110282235775,-0.5770281363123464,1.3451482922312028,0.006115516881776018,0.021860016918901822,0.9070832789761171,0.42033875043292157,45.2933963414905,127.27201114437185,-2.3454690405237804
-0.1588924366427102,-0.05264302694169753,0.8811970261902758,0.4421240847607968,101.72584080184517,39.600545297277904,36.53977894295287,0.0003422654737186023,0.01943088294678933,0.7789433778810114,-0.6267930581121439,-3.4093431658505717,-0.5726221072720863,1.3553766032900032,-0.041312978968052264,-0.14847523714194885,0.8997872093182361,0.4082049971175365,34.96424152629971,112.61484123830992,-0.7948601105500273
-0.16004991345631397,-0.052466622790299414,0.8814219119939004,0.44127847415506644,101.65960419231025,39.63811130776617,36.50999854882086,-0.00016009279904328328,0.024371294040054694,0.7796887078841012,-0.625692842531485,-3.4636373729987615,-0.5728331243596665,1.3389283937164018,-0.03782370488252265,-0.14672146382319629,0.8994682479464594,0.40987687216853896,35.136032342603976,112.56068885493696,-0.6088521155919633
-0.028247519352929476,0.03339920091287654,0.8997607247228169,0.43418568524890183,124.3046087436565,41.29876750340554,-1.1821150142166257,0.008373115677979878,0.027465518546776712,0.7796452270792802,-0.6255628314704268,-3.5546346403006894,-0.5960977871103577,1.2988973289167165,-0.015362243927572577,0.0032615894119091666,0.9024231519134254,0.4305645345202697,46.59527740693275,126.23491418515455,1.7169282783275204
-0.03175536644469398,0.034830698298445206,0.8995545886781031,0.43425794310084254,124.04130432508728,41.31918743291362,-1.06906111406642,0.014123863482781971,0.03493115014496616,0.7814356925158943,-0.6228471639913553,-3.6197496276207097,-0.6081961846201028,1.2555385244026394,-0.009440814471863518,-0.0006566319074802197,0.9012308764120667,0.4332359025498512,46.38765319230496,126.11498561353329,1.962139601544286
-0.18314212175281042,-0.04182723935552903,0.878060378559501,0.4401356800938998,100.85569957922151,39.54205112747695,36.10582777691894,0.021561129871141747,0.03915187507634375,0.7817726769307856,-0.6219595886881716,-3.6733469227726183,-0.6223323426530787,1.221934617036675,-0.03734007302698381,-0.1708901960601523,0.8964726356641942,0.4071106401731047,35.29369668967732,111.84108282074288,1.5206681434746896
-0.031749073927474156,0.03559585339779383,0.8984867240653182,0.43640180820432395,123.85640595993844,41.19912384025315,-0.8632248092899035,0.02252235371194558,0.04420258235351686,0.7805674060415185,-0.6230998314252458,-3.740763566796564,-0.6441098598178379,1.1971398160213045,0.0019764237342823213,-0.003548470966696847,0.9026930471806291,0.4302659232088587,45.838504175835446,126.22451481886728,1.530481547040373
-0.1747164692967518,-0.04455969475350185,0.8764271952932575,0.44650191523704125,100.14483071078031,39.47740899940254,36.05781984271275,0.02227607562148302,0.05102778065654021,0.7818752836693127,-0.620943622918543,-3.8079402032585072,-0.6539541891533605,1.179474688521576,-0.018980508341240796,-0.16101490397511842,0.9012434680469464,0.40183846543568225,33.417313680234585,111.87685995158756,0.23496072646136046
-0.16561017821504026,-0.049145386119354345,0.8770439720706469,0.448276556323554,99.83424071772151,39.61244394921869,35.93639644127483,0.024081191044794253,0.050778318044352476,0.7793075299273604,-0.6241165215350151,-3.874369294462044,-0.6652030273654193,1.1768518827534336,-0.009730827747948971,-0.15809124024719354,0.9039488557835121,0.39722655610636487,32.578250756829476,111.91247178836683,-0.49680014944406947
-0.154989897092624,-0.05658342207613153,0.8758390520119311,0.453522218988457,99.51600067580004,39.62781421994896,35.689139210655235,0.015875189918833965,0.05034707627617291,0.7781949133241539,-0.6258001495141197,-3.9326776977061915,-0.6656774627224449,1.1775438631003559,-0.0016640826194744677,-0.1470928570660476,0.9079339091949139,0.39244991879630253,30.80495474768495,112.10028619335776,-0.9084828013710107
-0.14746100606192006,-0.06212441422401258,0.8746975061613073,0.45749325848991407,99.27893328604218,39.796816287627735,35.45349120658635,0.011267930482428341,0.04240656585701042,0.7756143208416479,-0.6296801904301956,-4.007131036332445,-0.6655270240554318,1.1921153095626134,-0.002420769399219084,-0.14394669374357108,0.9111713165059244,0.38605740662843224,29.324613260577006,112.32992404097155,-1.0532852901886844
-0.14588795136300983,-0.06069331624471375,0.8712622512562768,0.46468819281983875,98.99132196287829,39.997098771119,34.52030864718086,0.004074991255794447,0.037572419450863245,0.7683159793658716,-0.6389540387179152,-4.072476338211064,-0.6762368032013713,1.1964364865518688,-0.011955019933842102,-0.13695921012777756,0.9189579367572482,0.3696154254497746,27.10349165587141,112.47937412391997,-0.8592668492414046
-0.1475916790545201,-0.055939067728150826,0.8687446847661062,0.469436033625681,98.91692406235451,40.08606159495412,33.78893873269122,0.0008684438546159767,0.030237170352968513,0.7649571014752572,-0.6433704937568167,-4.132490006055459,-0.6812575721232872,1.193721827165544,-0.02548908445410363,-0.13545088730012236,0.9224372991995727,0.3607115090327711,25.864035655156,112.57878819808283,-0.8199539689914839
-0.014068512606830638,0.029214178344658847,0.8771275774162284,0.47916158200821574,122.61390677397263,39.75536366028018,-1.1470876168655968,0.0012431091824412384,0.031369069077525305,0.7616936444688167,-0.647176350124587,-4.2062945527291715,-0.6981829784074823,1.1846569696713722,-0.003246736885835992,0.022131316092886218,0.9331081883922769,0.358899390223603,34.44154286516891,128.60234260479888,-0.7124146511382299
-0.020673622324517527,0.037996119053530064,0.8740457052671508,0.48391425002876504,122.3765099413623,39.79944256436329,-1.4911963999237265,-0.0006415740450157983,0.035791836349934186,0.7602601422861879,-0.6486316742839727,-4.261694255660796,-0.7167342536236772,1.1657244226766723,-0.011323267117373085,0.026809099951063398,0.9355500153725341,0.351993216579601,32.81568411068096,128.87246010109072,-0.9351354402738157
-0.14102888327541868,-0.05558055872836633,0.8587741229308644,0.4894166541484419,98.57629676346639,40.12368485643174,32.975777615221276,-0.07358700301638793,0.26368283526727637,0.8976557657519111,-0.345355529251852,-3.4413908757716616,-0.019693648327237745,0.783485146200909,0.19161639516633786,0.04645494148191317,0.7771869757233784,0.5975830488570761,20.759911199440662,112.33788192086953,-2.1609016563812693
-0.12843396314628702,-0.0573159835464314,0.8577820981752673,0.494398085747386,98.63311184573926,40.0184260526687,31.660007161400777,0.016490377896920996,0.04873287150938844,0.7543424358601329,-0.6544621181794004,-4.3672294632987105,-0.7454645695490153,1.1323547014225963,0.009135711114157993,-0.12444604116918279,0.9396451387906608,0.3185855219039878,19.07097975636955,113.29242369098901,-1.9563022540601387
-0.11817022294217058,-0.06459038347369044,0.8545167591770833,0.501662226062531,98.51105069609476,39.96428076912616,31.62387329638357,0.009446526936476693,0.04590327647449568,0.7486189160712192,-0.6613420981898077,-4.437471315935298,-0.7614140970899279,1.132002262836103,0.014166724460674344,-0.11622507966371451,0.9454959839787793,0.30385585242877616,16.90009753828314,113.56069480383827,-2.2560817339114596
0.0128337185815589,0.014175975035383792,0.8573221627304731,0.5144249670168718,121.48981948978275,39.668072431367364,-0.8207382502354674,0.3635484026084154,0.03875094112205716,-0.5667397224444007,0.7383339424181092,-4.898609239106079,-1.18868600003177,1.077451922614897,-0.21879893379219903,0.30948363281520636,0.9198787809504224,0.10084610031163356,23.41496153763467,130.72310818345076,-3.181401430241881
-0.11346051619544073,-0.05911032672077883,0.8451718158185072,0.5189578810324341,98.20121613598667,39.7534007137956,30.0231257282921,0.33131300896914195,-0.26849616099259954,-0.3984190579168827,0.8120367946766163,-5.827391866056478,-0.8821381555683638,1.6462133004540167,-0.013595542375140303,0.32615002395282644,0.943121055557485,-0.06296028642907955,12.826935106933727,114.50123775945667,-1.8394967514053682
0.0051656488001150715,0.019291010005008012,0.8489569604130398,0.5280845125277895,120.91710182174688,39.509759608335344,-0.4457925027562535,0.0587789437141791,-0.3313120695949179,-0.35791615176805763,0.8710185856915582,-4.391411333562334,-0.6754959790510956,1.661321072562696,0.24782424976059833,0.24351326354953018,0.9256219205181865,-0.15002830387056243,19.347191358457227,130.15458118012018,-2.6437374687934034
-0.012313653873864377,0.029597934668874948,0.8794001994425773,0.47500276358350485,108.1652763598511,36.3618318007816,-1.3671686312570657,0.025009124857672517,0.029188750533340715,0.7628095217349803,-0.6454798169320293,-3.4285534126252246,-0.08270856193539622,1.3302122178007476,0.007022195025324794,0.0015836048104638034,0.9310713492728535,0.3647661216945163,30.64794234396028,113.35449913516273,-0.3526824076616455
-0.006070727395487677,0.02548212180555355,0.879813705345826,0.4745963038444618,107.96725843060935,36.189256800669455,-1.357409955008873,0.028292841002753786,0.037659081500151195,0.7628444881541088,-0.6448640132783453,-3.421981781604747,-0.07783099666445131,1.3280092331566458,0.023206964002123333,0.004781914010398964,0.9303529510910703,0.36589883371819837,30.832513787011337,113.04423650267151,-0.6577656663687466
-0.05443322610866675,0.0013160226043613234,0.8831973302347972,0.46583019207221216,85.44135622998341,38.10098854836497,10.26662452223334,0.028799589106257795,0.035700199550955956,0.7656983023080948,-0.641562303491901,-3.3985406475155826,-0.06170409736940671,1.3416577708638147,0.009016056854492404,-0.049640607723725236,0.9252926788014221,0.37588293302583453,19.230079541581365,95.14573514538735,-2.463035354751903
0.005496477241667447,0.017416115701451965,0.8801463148641961,0.4743510641737623,107.30001339376969,35.99558165425151,-1.6772833767838464,0.025838463421997054,0.02703847383921809,0.7679793197413908,-0.6393817789005147,-3.373536123745938,-0.04039340545905476,1.3676026710822484,0.026193446437504,0.005440828368404841,0.9273427133857716,0.37325566664245813,30.744119862120442,112.2973653731824,-0.7734445682150421
-0.04392715945966595,-0.0015736369738690056,0.8847627009122708,0.4639643212607012,84.75820335043409,38.02181995827232,9.51808070407412,0.020332321121363933,0.019473533777315585,0.7667872491652029,-0.6412836289175816,-3.356826657377722,-0.026701460598558546,1.3817559357778137,-0.0003001955501058733,-0.04364618786453406,0.9239691825134337,0.3799682485853029,19.216773600610686,94.35172942288935,-2.5719726802181677
-0.03599837635244134,0.0015722297027712514,0.8862329098924893,0.46183641521348295,84.19781636659955,38.10083914515826,8.833878261740125,0.01845090753605595,0.015175361622306417,0.7671209637227498,-0.6410574852755466,-3.3390009371082274,-0.012115119392740861,1.3862277737562152,-0.002312913100187215,-0.03595048640502684,0.9229859339487719,0.3831438094148806,19.259462403184468,93.74781521472289,-3.3435631640715697
0.013585292019676424,0.019509047352338053,0.883410455961888,0.46799658461291505,106.55278278999917,35.66301099096563,-1.7373121013245214,0.012643631396582014,0.01495643011465309,0.766949118483405,-0.6414089907702112,-3.3183803390936952,0.00047942988992030755,1.3865874229644182,0.012881124832185394,0.01876254814657272,0.9256004547494282,0.37781720656655754,32.21336149528292,110.95161905158712,-2.298904941058013
0.011515714818982219,0.021464502540500828,0.883872891258789,0.467092470010731,106.39930820891972,35.77690046636076,-1.8284800524163414,0.013140645509517714,0.012297730057475833,0.7690625521651884,-0.6389200890003329,-3.307079474796177,0.01206932730290193,1.4003367107681066,0.00785760322269017,0.01669992367078496,0.9240879136983018,0.3817340676147528,32.25908292938114,110.81352490064288,-2.1804060069703715
-0.0361773034490322,0.008586619554371039,0.8892782290119788,0.4558527219235438,83.43924972039761,37.97231945510589,7.816872878944234,0.008734810155054248,0.01428335626516118,0.7706329725649305,-0.6370592675890498,-3.2932624937570534,0.018547721917061694,1.4042566426361023,-0.012980553841559791,-0.02366580700570283,0.9184098112105702,0.39470856777235014,20.174151829095084,92.66115345078914,-3.3246578611324606
-0.014996054916414913,0.029710388724014877,0.888636793877938,0.4574025138815384,105.64818447832853,35.707625947250335,-1.9074628014005803,0.013202020468554782,0.02117498092111726,0.7737979876669622,-0.6329407564070257,-3.290111238552622,0.01957082906745937,1.3967484089390667,-0.0076259488425622305,0.005154687157684846,0.9171013676203706,0.39854780844134946,34.14786075911646,109.47731272663708,0.8654289512977215
-0.01754091938367677,0.03152626625027771,0.8909592836931184,0.45264772780224727,105.25332900105208,35.832810400920835,-1.9123593631546054,0.023365346969819737,0.02584934596642381,0.7765340572772262,-0.6291110631380263,-3.276354153078378,0.013900905936996832,1.3784088860313894,-0.0019094199026329498,-0.0029045235024904087,0.9131987622077871,0.40749961786610833,34.941582963333175,108.86050435870114,0.9959565258377476
-0.014229249569221973,0.031411042596992636,0.8926673520761563,0.44939500820214995,104.897016349107,35.96214754904531,-1.8309469735528374,0.02861245702021693,0.0320240905879621,0.7785175667050862,-0.6261518851340079,-3.2630107417705974,0.01081036147748679,1.3574528964697634,0.008081435612996011,-0.0025595770067247687,0.9101616794584886,0.4141664595416715,35.44575257698461,108.37294585747132,0.3990363761743281
-0.011549741161557825,0.030112476857665105,0.8936410828473915,0.4476220026584251,104.72124647595476,36.16883646701331,-1.7100183668421458,0.03134153546095927,0.03338310524706427,0.7803192820654261,-0.6237027292516131,-3.258172385525817,0.014039282548627935,1.3495429966270098,0.013160723783821297,-0.00329632299236022,0.90798379958042,0.4187855648225234,35.634623436241284,108.19545333760217,0.05159920267038576
-0.038100728207941977,0.017090997091185785,0.8985023912886494,0.43697790010140375,81.27562422542964,37.4100908581529,6.246256155610872,0.025558767587871813,0.03261228507048518,0.7833150284240284,-0.6202424965341654,-3.2446214641041933,0.025264482899993473,1.348594811666394,0.0034515070552053034,-0.027958076243569677,0.9012600991856018,0.43236173129425515,23.097313309131096,89.5781234153771,-2.7492152418905107
-0.0009996480681295408,0.02375142494256853,0.897908799428704,0.4395391432232639,104.09032520691113,35.980850161301305,-1.6521317633018446,0.022132068257297376,0.028647485027515504,0.7836466855555934,-0.6201510827000027,-3.236009189649705,0.03339375634224839,1.3579787489463988,0.01621808094204374,0.006665213185201393,0.9018368124515278,0.4317208733557145,37.41534269052535,106.86415144333529,-0.6063909062972153
-0.003006550449907376,0.02192531698442356,0.8991910930376826,0.43699613194080156,103.7842319052666,36.012704403554835,-1.5568097435799284,0.018451839204874677,0.025312067866682168,0.7855943888209278,-0.6179484485807394,-3.2245291496913886,0.03978377161214158,1.3638109444410076,0.011741469149626494,0.005656332737987544,0.8994361145419439,0.4368578941256031,37.799205485812415,106.41744002442633,-0.06715505482816675
-0.03960427704170183,0.017315301821203728,0.9019067018214525,0.4297627051901949,80.30423445422556,37.171444954251456,5.56255284724495,0.01853133070021735,0.023061773840233675,0.7882227644806801,-0.6146784671063851,-3.223667671630876,0.04365869690967718,1.3689245945216046,-0.009228568177279507,-0.027376090594259404,0.8943655969687616,0.4464029145871285,24.04236650482778,88.26895937774144,-1.8774682574456145
-0.03875738395714639,0.018901381940896127,0.9023359638160067,0.42887108943569646,79.99138641794954,36.997201355056404,5.161270854180831,0.021585554101080023,0.023004406729379825,0.7899736809248602,-0.6123287063099407,-3.221475703212991,0.040568739324062617,1.3637937673117353,-0.008648729423279763,-0.028654951304755667,0.8926226739709483,0.4498097988684098,24.130056933507966,87.85834821474009,-1.8013745524613767
-0.04383214659978054,0.024734139436451474,0.9035188168790298,0.4255827919645149,79.40267255603429,36.82058320434271,4.8354889389793545,0.02385249875228109,0.027093839787613695,0.7898318070032609,-0.6122603194677891,-3.221736902493512,0.031021971874686527,1.3531351961549196,-0.011741487041963079,-0.029496800911031545,0.8911050972619078,0.45268508021791976,24.513053119459283,87.11309049587757,-1.6767029127872377
-0.04084512559134514,0.026047098074899626,0.904257218027578,0.4242311964510969,78.94947161282137,36.690311665868194,4.499552470089641,0.03150085418823716,0.029180133483431566,0.7905931404290985,-0.610834431169164,-3.2190967366216556,0.02297664310219691,1.347369305264525,-0.005792274735813386,-0.03248716360976257,0.8897580893301399,0.45523793364081167,24.56661711249537,86.5970221368517,-1.8816008214090512
-0.038202538899844686,0.02576179391199005,0.9054296148380856,0.4219882801336998,78.64913220124514,36.566405282522055,4.377336382918543,0.03106885456214498,0.03372739258003048,0.7895045385638847,-0.6120292254892542,-3.2279973476123938,0.011803556804172277,1.3404313429482466,-7.16509340251168e-05,-0.028292203702343935,0.8893999097460518,0.4562535990208995,24.89220507201498,86.17196754513385,-2.0239018655079932
-0.009100057251919778,0.02697968198621077,0.903685926134069,0.4272482096219302,102.34553862504013,35.33016583489939,-1.6744427117822593,0.027271482848862882,0.03411510687458566,0.7932077757733362,-0.6073827871769799,-3.218039021849334,0.00587914389107258,1.3342635623219765,0.015553322495539215,-0.0009004786323685476,0.8888261039655415,0.45797973776906215,39.6279362587111,104.06756231531148,0.3092101349283034
-0.03617107906553685,0.02489900454709797,0.9063090390603974,0.4203279889909988,78.213370403644,36.51671137045264,4.253414662542246,0.024479851102875358,0.032813445396672976,0.7931595455317291,-0.6076363633153317,-3.218999791784406,-0.004618841443295607,1.329535107812452,-0.0016990573207526219,-0.02195379687378199,0.8858899069086175,0.46337265439868863,24.938358865952644,85.7176586880842,-2.0368588189350874
-0.015288610185369682,0.029889762948114965,0.9039070907940486,0.426409230296138,101.61446455416791,35.2913569318016,-1.75236021715848,0.02088311785174566,0.031285347877134696,0.7937345327311193,-0.6071001679682756,-3.2281463354262727,-0.01631043123900497,1.322169800887997,0.004177547154841628,0.00047494504849513326,0.888320378740537,0.4592049947912577,39.31896559857736,103.44670686724443,0.9246351594785246
-0.016252441291333575,0.03102758165285399,0.9039909788560763,0.42611437135548497,101.34911999958528,35.38250814374214,-1.8030085938544982,0.024253340736695515,0.031249290593587907,0.7947947343209187,-0.605587803374744,-3.2430115923955207,-0.02547196539714902,1.3180599725612145,0.004080935096046513,-0.0027364591575331863,0.8873797694986743,0.4610130176518886,39.13747988155018,103.2973668004825,0.9443494943780888
-0.03571669698467659,0.02421410626391574,0.905343948562532,0.42248115865154046,77.07150545137088,36.173483468265204,3.9960343741417805,0.021560154399867686,0.03368730397205617,0.7950074498048911,-0.6052796709357351,-3.254782661574426,-0.03802116754083504,1.3085843313914998,-0.001261629661926884,-0.019025838015849058,0.8855872148976707,0.4640815775143177,24.036705647753767,84.7925768536407,-1.8065740637614882
-0.03495369697089674,0.02415031611328103,0.9054322945333225,0.4223592798978355,76.96563694400905,36.20020893466199,3.951425423191605,0.025179002926444146,0.0316672003279169,0.7927969068157236,-0.6081416535466411,-3.261110852147068,-0.04974708170193792,1.3142087473233606,-0.0010960035877698583,-0.022447316132368313,0.8871911900442139,0.4608543252292644,23.96451080316387,84.73284414166125,-1.841909487955417
-0.010310684440713007,0.028465901997426137,0.9033350100112103,0.4278659157935854,100.435420824142,35.57456614348985,-1.9526394138607568,0.02342406625181397,0.03188139462051365,0.7930515749858803,-0.6078684801909838,-3.2739592212719915,-0.05634015662124864,1.3179879400050036,0.009979470993977505,0.0016078030335481923,0.8894241242154678,0.4569710629696741,38.05251787867847,102.89618990570453,0.5234333207903832
-0.03519203836785189,0.024722554128619085,0.903195107146855,0.4270701513555521,76.2527641191539,35.93326178092684,3.8170846324649723,0.02174239208818799,0.03122827441611542,0.7914443893416198,-0.6100556055335823,-3.288605568196872,-0.07123965837422644,1.318204769731097,-0.0035448756945420444,-0.019071366856716676,0.8906380272477711,0.45429904384967107,22.827829236863153,84.29138505740693,-1.8029513685597838
-0.03731817851873575,0.02712968011763718,0.9016613395232089,0.42997460717811115,75.91490523550914,35.66334729947425,3.6970340422133514,0.021542798424782957,0.03424429671088623,0.7908498944581628,-0.6106714995923084,-3.304023168124007,-0.08457210897047956,1.3103913527657591,-0.004105037962225728,-0.01764588556043018,0.8925266390455554,0.4506306358650752,22.276931507706333,84.02252069686017,-1.7896259738777875
-0.03911386082572575,0.029135671251897075,0.8996953061410553,0.4337851710925118,75.57594533283836,35.59625830633104,3.5944049116830623,0.025587816943054734,0.036563001686357136,0.7881075244046887,-0.6139176984812258,-3.3257015984130467,-0.10597373779083183,1.3010685658962173,-0.002979556612876099,-0.020099774642492664,0.8963838673754998,0.4428126958553174,21.399855589718825,83.92949351327641,-1.8069179104657336
-0.03647953872182037,0.02882430266388011,0.8977117404732085,0.43812330895211143,75.13709765293069,35.515489965009465,3.4203397936813005,0.027335290970922913,0.03970746195605485,0.7871505412127036,-0.6148740723116328,-3.3410978868516867,-0.1205030751960939,1.2946787906917834,0.0025026949418056545,-0.01813401929915963,0.8990851039826027,0.4373909803124416,20.377206036607415,83.75122703035345,-1.9419204137587118
-0.03323574549868342,0.028003851892660348,0.8957880068401909,0.44235168848055595,74.83872743999162,35.39851965083153,3.310675826648813,0.02587322670268932,0.04450168967930043,0.7840005926744189,-0.6186220546034861,-3.3652094554083716,-0.1402781157127589,1.2874433082360763,0.008793743769529593,-0.01222457238294487,0.9031618000609363,0.4290361206370151,19.498070611242014,83.65564625671786,-2.1244891773114967
-0.028834069159130518,0.02778235526440309,0.8931754252113012,0.4479223113334502,74.37414287724106,35.279259026493264,3.100888227204152,0.02975255111114839,0.039967550690713255,0.7811348088152902,-0.622371103965523,-3.382855460117642,-0.15905585672476913,1.2929761659048435,0.009377609322319975,-0.013904249789415174,0.9077533075169198,0.41916901719149513,18.26530213892423,83.46185452335253,-2.406465357335893
-0.027360232951642423,0.027605310594383647,0.891278182928491,0.4517881861176839,74.07584629234508,35.14663006439946,2.9825437278686238,0.022725041292314195,0.04274951693208375,0.7820453655862034,-0.6213381506599105,-3.399229159760427,-0.16755375967205233,1.2850876717531703,0.009780055197499174,-0.005185317545919502,0.9089009636492221,0.41686508762403834,17.470430985498652,83.31330718813,-2.457059032545631
-0.0269325967571857,0.026703022429353837,0.8880665532384074,0.45814777184256494,73.78048966360609,35.06589659684528,2.933550934357612,0.019854881616465002,0.03958025454497093,0.7780165674083855,-0.626681265049646,-3.4255703885624116,-0.18562496997470868,1.2824383533252879,0.0065928223460523724,-0.003718573457094014,0.9145774122308196,0.40434003504740285,16.16786176074101,83.30118917795643,-2.384068357692052
-0.02785478699086911,0.027712710582376072,0.8852901154849123,0.4633762272048291,73.51335742253508,34.985470207558365,2.8933630270878403,0.020410505317018383,0.037625125346267746,0.7732485602677642,-0.6326566408876233,-3.4503056964153123,-0.20332996455819435,1.2797382440717127,0.0037155649828527195,-0.004640673528464115,0.920003341500859,0.3918654237787691,15.09822164257416,83.24918205073078,-2.424515270479614
-0.028262666386934657,0.029478163568224452,0.8829427096869391,0.46770121976752604,73.15993953621035,34.89667149999423,2.8149125930147463,0.020754420518557064,0.03557745246025827,0.7681962979834401,-0.6388880548812246,-3.482617061793883,-0.22579515782804047,1.2745808188199694,0.00041802399295002435,-0.004563375484763714,0.92500521182379,0.3799267810499171,14.159840250608205,83.08359075105147,-2.58024029341556
-0.02517521266471119,0.02799592812112865,0.8797400695456529,0.4739618620856884,72.67777470917163,34.62965618073122,2.733256521306597,0.019773994939071466,0.04018276596985184,0.7624544751074648,-0.6454901299259053,-3.5201801603061704,-0.25204364633140564,1.2687471691356043,0.007126536816451268,0.0005252646222427555,0.9308030755892777,0.36545118831879814,12.931306102377523,82.76909360993709,-2.6579244223555554
-0.02119831013965171,0.025234807971889192,0.8773443644403429,0.4787282133931691,72.21446186196557,34.65610330175855,2.6651148651949654,0.0235937665213155,0.03940107068517153,0.7629845827972171,-0.6447832319655623,-3.5382447540915116,-0.2621273391107068,1.2762289052560056,0.012941224656063038,-0.0017404566942703888,0.9323898013033786,0.36121842967980344,11.753107465213683,82.55003898086805,-2.65328553408428
-0.0013918393567722619,0.023748484381493348,0.8755407497802578,0.4825582532161387,97.40456819719796,34.33449049905744,-1.6783444634869333,0.01929390171903429,0.038675472355066645,0.7572646819490387,-0.6516764186827615,-3.57268515020838,-0.28356949084388905,1.2801882755216414,0.02428146621579539,0.016192907667744918,0.9365056133394193,0.3494358829934802,24.62428533686925,103.90791203839527,-0.5992282436927414
-0.0150750142431742,0.022926913874861534,0.8722302257193769,0.48832523374004283,71.44540919462128,34.33733088003646,2.6384138701192086,0.010113233803242649,0.034304720872582885,0.7557661089740757,-0.6538642803778784,-3.6044038495349,-0.29404738768934996,1.2784641193017148,0.007675763860982152,0.011528697820315192,0.9401288600775687,0.34053766050903944,9.81164241033173,82.02821507579847,-2.9597071983877434
0.0031371367146168345,0.023533024374983613,0.8696467433269403,0.4931033329413289,96.91326735397399,34.080230370442905,-1.660105601348023,0.012232111470957938,0.028697822988875316,0.7498592571838484,-0.6608614868641903,-3.623028628332172,-0.30556223012701156,1.2849617161680178,0.015415419894690951,0.021417856744613693,0.944671968379183,0.3269533795520967,22.094954264756392,103.96574183875263,-1.2411623875007922
-0.015250593165881631,0.023999822694392735,0.8695278500898628,0.49306464671159267,70.59534952075593,34.185424497579106,2.653513680150951,0.010049368676608654,0.028293941497661037,0.7467580764587324,-0.6644176685695395,-3.652962633716018,-0.31673108426852,1.2848337846395272,0.0015025335510431724,0.009769938951773074,0.9466023565184134,0.32225187248423126,8.621845231439075,81.36986152061404,-3.1134070019046542
0.005472552056743775,0.020681028206514785,0.868715742384106,0.49484877000992844,96.5903414141956,34.076714313295724,-1.5110434462590048,0.011893038734083457,0.027447636970030557,0.7434299305742659,-0.6681445361452664,-3.676432176407429,-0.327456771521516,1.284196567829619,0.018011010308061345,0.021137134414874498,0.948408815117929,0.31583151277701305,21.537100660433538,103.82410548167351,-1.2627973359501812
0.007940335956108562,0.017802183057855227,0.8681170054608389,0.4959767113211915,96.24440608084011,33.74684789187472,-1.5016813919260716,0.012460580222511255,0.03059518393853122,0.745802589621197,-0.6653474024707712,-3.6863245577389834,-0.3216084301065922,1.2774622384125631,0.024746524739839362,0.022123816497409847,0.9474789998102402,0.31809069646167953,21.395809825882864,103.41871751610049,-1.1499872437216272
0.0108190515665989,0.013537182883006474,0.8680189453565692,0.4962285796937342,95.90021991640003,33.72279360733546,-1.1832983303995537,0.011332962024309546,0.02765338122953089,0.7459795736543888,-0.6652979258713693,-3.712092658189226,-0.32644508087577073,1.278074645714022,0.02672682911105368,0.020962223516354166,0.9475218212998497,0.3178815187322697,21.20209787969859,103.13627467950258,-1.183942298371878
-0.013139382517546922,0.0221741157046266,0.8679759136063219,0.49593697040959395,69.00095492484644,33.711524867620255,2.6709392111353836,0.010917465656738531,0.027597153272980842,0.7415998166795092,-0.6701857339393162,-3.7356971364893674,-0.3324807357015907,1.2783653881587238,0.00411789230979002,0.009326963700123812,0.9500965357421702,0.3117893896234904,7.704844561010666,79.89160676789578,-3.085558425609755
-0.013138312652223321,0.022450431109842357,0.8680969288975587,0.49571270401540196,68.95006329319054,33.740170221063636,2.670444517230113,0.010728109870470386,0.030641417043516035,0.7445008575617498,-0.6668316761447312,-3.749875032927492,-0.3210721361598741,1.274114439186548,0.0064423721239065595,0.011065474036727373,0.948576490605384,0.3162889384669242,7.713672328330946,79.86318947047637,-3.125576433182493
-0.013335587515657062,0.023188985607232065,0.8680380106064054,0.49577660815592545,68.70407464584392,33.6212442169151,2.6766702107613725,0.0095713308878206,0.03274490936662438,0.7421310969591004,-0.6693859839150279,-3.7856314537842053,-0.31851027510218244,1.2706569216837356,0.007033145250876428,0.013551508832538585,0.9496423379215815,0.3129637702723342,7.7025138245309,79.61798565764606,-3.2076376602896617
-0.011905225540018235,0.022797527114268357,0.8692032689450294,0.4937855968105897,68.16513267767677,33.432369672448885,2.7059047045602185,0.008779755539121538,0.03110162105194707,0.741001408155346,-0.6707253671752759,-3.797248126137258,-0.31177661957311775,1.2656107535302874,0.006490811050812424,0.014195231152615274,0.9494629328048233,0.31349083561420116,7.9642132406675294,79.02522203063387,-3.3032857978220314
-0.012581842650345518,0.022090949231454635,0.8704369822698134,0.49162297250494297,67.85356061274423,33.35439712571974,2.7286087150226024,0.010673425235884312,0.03090645377328414,0.742155159379086,-0.6694300475149717,-3.8183933014514553,-0.30461417385060685,1.2682153545977761,0.007331845925401434,0.011354444377016694,0.9481818421467628,0.31744056900684037,8.279254112498712,78.69830197765064,-3.156261314522455
0.002743084551611315,0.014941266249423399,0.8720194612850104,0.4892354169417896,94.47141909928378,33.20648480346085,-0.6758036660491094,0.0067802111126830334,0.03058340924620553,0.7475962263606681,-0.6634143246474523,-3.8238945140609704,-0.29447688059511634,1.2623802314087693,0.020636214785941128,0.02101298064980012,0.9442781655575235,0.32782822839840675,22.63325585653114,101.36670217289397,-0.7530530176304968
-0.005153057008745044,0.01610462214893122,0.8743005659288975,0.48509030866975117,94.11615119510387,33.21836055894914,-0.487070576458116,0.008343684754088724,0.031511994848294075,0.7452993181464768,-0.6659326568623904,-3.8446613282977213,-0.30336772063467166,1.2598838610461944,0.016164042690813975,0.014875298945741567,0.9440595300525586,0.3290426308582315,23.38119150612618,100.87813741382278,-0.013511985052098607
-0.02877414718178887,0.026335199237039208,0.8766774675760146,0.4794946543806427,66.70542711403867,33.228036037383845,2.8417419663254613,0.013173175908675082,0.029732219371298933,0.7474786972380603,-0.6634893064270353,-3.8476609708523393,-0.30591528403807394,1.254627872223592,-0.006394305160610907,-0.0013271252173190173,0.9412806019796469,0.33756211270965236,9.971983740893245,77.46064515347469,-2.2783883269592202
-0.027899954805852296,0.028066492327931344,0.877808097187548,0.4773749145506221,66.46583020292209,33.15487237681873,2.865157201653542,0.020584617015448683,0.03070279519755419,0.751752722063353,-0.658408275145235,-3.8557265297669616,-0.30131870543581996,1.2491490626394048,-0.0026908811071326903,-0.00590725542750148,0.9382583512299277,0.3458744423045437,10.297019561120663,77.16417512991032,-2.5905617199598128
-0.002839096431268171,0.016936990305423304,0.8797150746833587,0.47519097767708135,93.20951987594125,33.09720237216129,0.1381073185163011,0.018442945994918684,0.034374309557323644,0.755527786644938,-0.653954148387245,-3.856841980680566,-0.2861066208348002,1.2399026013953298,0.024350514151198405,0.009040822980856752,0.9347232700630979,0.354425908171158,25.297717252612806,99.48083735835937,-1.061308877933191
-0.018342043101990592,0.024290436809970912,0.8809688934084641,0.4721941899061148,65.3049557389027,32.87939494201032,3.102777147432704,0.02126837697292024,0.034739706213744774,0.7571493018962012,-0.6519706616031242,-3.8644049905006557,-0.2677076645417076,1.2500445818322405,0.010297443326022726,-0.00038390406564856673,0.9330411888897798,0.3596219613896819,10.83209411365636,75.88828059559728,-3.193446138584457
-0.018619054411323173,0.024021914602188305,0.8821279782633159,0.4700281995760978,64.89135007165272,32.81049361546002,3.1707669219382595,0.01491789167882532,0.03485014635122955,0.7591600424584194,-0.6497991641589635,-3.871036220742328,-0.25432362749543985,1.2558721207314825,0.0074189952070224646,0.004695639810402869,0.9310398839946934,0.36481179241910044,11.048563000420822,75.45195166811615,-3.1854317026566012
-0.0022750042585040885,0.01385734774446277,0.883166776692639,0.4688488485806991,92.39208344488401,32.968237949663944,0.6842841440507073,0.0068314138591571046,0.03380257875723262,0.758484059555256,-0.6507784944623055,-3.8735803307020498,-0.24573880728895192,1.2544518097867006,0.021065113828834612,0.01710753180802813,0.9305318895725125,0.36520404683330754,26.42903351612761,98.3396667444196,-1.177920766662522
-0.009304180094775814,0.01608917516588566,0.8841081104406283,0.46691264678561356,92.03914777772347,32.89386482965051,0.8562418173297406,0.0067041184293999585,0.03332606162857065,0.762101238075542,-0.6465648701686005,-3.8737109689021434,-0.2332271997320834,1.252047680523896,0.014316742746559153,0.012945162447893684,0.9278858872454813,0.3723643832283003,26.72447212281397,97.88847217250387,-0.6978302405033063
-0.03020912142678001,0.025100254341205337,0.8850500733764287,0.463835912614587,63.84457595290728,32.593668874942296,3.340752961117282,0.010813407807864215,0.03479559247860484,0.7660530890169405,-0.6417437196913165,-3.8747398827698136,-0.22717387023942864,1.2466766140944079,-0.00280315277081974,-0.0004648221808699668,0.9246208234216337,0.3808782734286424,11.720356414491668,74.32542792696617,-2.421284884918128
-0.015637232851339423,0.017848576818107018,0.8853440367530022,0.46433053080776365,91.67114929131273,32.80209386918614,0.9422129983258847,0.014138764133266077,0.036386485836954745,0.7665916391205994,-0.640947250425192,-3.870851378184237,-0.23008485734614592,1.2400435986353906,0.0150744069498236,0.003830310043207764,0.9242320695122586,0.38151431515104606,27.143731626838868,97.37904419673501,-0.16435059688364273
-0.019797818229878313,0.022758128206701308,0.8851832636040138,0.46426361458681126,91.15578830716588,32.52115723544944,1.0086954110237398,0.019444262937661452,0.03561907093352112,0.7627618101526129,-0.6454050072608309,-3.8727859116579744,-0.24192447328161104,1.2360993082459641,0.010420027164860218,-0.0010879072753185975,0.9265719606444247,0.37597159631970944,27.077250814449087,96.80178054877045,-0.3727258604946979
-0.02611228213367572,0.0274425736462571,0.8845944049420172,0.46482017234487505,90.82543803121399,32.46016861410794,1.2152297001444512,0.020376653940553227,0.04005236514991408,0.7686951608302902,-0.6380347558998485,-3.852084726852246,-0.22972032228393732,1.2318567477998479,0.007146060793014023,-0.0019709959321886593,0.9233120388507022,0.38397907222078814,26.79975359440367,96.50943536457976,-0.4056151202162894
-0.041626298772254704,0.03489766718440889,0.8839267848997452,0.4644597323906657,62.46116436522901,32.17575104288744,3.4895807026380403,0.02376702616451267,0.036888523614724854,0.7659516574552953,-0.6413988024110329,-3.843712971527938,-0.24244512913248184,1.2450682885269182,-0.009783403511995682,-0.013375487817163084,0.9250682295739109,0.37943925992754723,11.181785442829648,72.93622055108307,-2.7548944991313427
-0.03357302727785284,0.026063788709678567,0.8837945523621288,0.4659406828905608,90.23408533004527,32.437461922280136,2.155948829575837,0.024815811194226062,0.04573761960837618,0.7637964516804215,-0.6433562201982114,-3.8300286855037338,-0.2500605798929806,1.2424787906435004,0.010478509798323507,-0.009495719550479014,0.9266609073351939,0.3756322602750466,26.22172131187176,96.07167873874458,-0.1413369530328208
-0.033047364149101685,0.022038101143617702,0.8828180350360838,0.468032595911661,89.90270959989101,32.33348623002121,2.6729031101203313,0.026020590856597883,0.04512797603256141,0.7657833587005244,-0.6409853681387914,-3.824932684176737,-0.25822596268167136,1.2480944236897598,0.013958987823720015,-0.01303110425941737,0.9263498215361002,0.37617993715873876,25.687010361133474,95.86069167670432,-0.1612499485939185
-0.029131532909891966,0.023549699807431896,0.88081705271287,0.47197254695534246,61.55015639560402,31.887977846801277,3.5541186022819886,0.026437541817387698,0.04514054689918062,0.7632882622062894,-0.6439366554144899,-3.8050162260193874,-0.2593938608545392,1.251504864172661,0.015504286113786752,-0.00905278097378515,0.9293791016316034,0.3686897743620999,9.61221747149289,72.18610207134344,-2.6126747148519076
-0.02056036685998562,0.017030188122525033,0.8792337031862465,0.4756420284084382,61.133400695741045,31.779234746293923,3.5949122444033286,0.021265587972353322,0.040451299190521886,0.7634272631273615,-0.6442750042302242,-3.781988171568393,-0.24868529151564656,1.2643671824072649,0.019433112629830013,-0.004181303740760664,0.9307802403309008,0.36503837475270234,8.844456455360273,71.83419330395951,-2.617456094556908
-0.01699934194305795,0.014958053563308968,0.878471115065746,0.4772586080965383,60.841827206688805,31.65306871009284,3.6289540399454268,0.015947583586837136,0.03405407289464857,0.7587456966705002,-0.6503006708292897,-3.7628304622418827,-0.24386446325930733,1.279457894017286,0.015122598692494632,-0.0009278373854202714,0.934205712162797,0.3564128694210876,8.51042291198623,71.53322102954651,-2.6957858820639204
-0.015656093541029342,0.01422779489403551,0.8779030218725071,0.478370923839031,60.54934298560083,31.52732552291559,3.682242810771939,0.01330079533469504,0.02547798052456959,0.7609624717755002,-0.6481589912214248,-3.7255822147130977,-0.22857572851190427,1.2992338477968808,0.0077554540792785275,-0.002180709790052063,0.9336311843114821,0.3581450950634046,8.265697504016433,71.20009927422508,-2.7579183502370634
-0.015347477189478783,0.014357953380934456,0.8777880460484938,0.47858797554158927,60.233440483715654,31.41199688522761,3.7605386064665254,0.00985292602193385,0.023064216840662618,0.7605278320041917,-0.6488207599155077,-3.7068533600112703,-0.226284739109274,1.3178891875086127,0.004083600782519492,3.303083437252233e-05,0.9340020279381964,0.35724436303593293,8.150495980985518,70.85693889889434,-2.8587064013683237
-0.02103734088020259,0.018410166410896368,0.8770767804174512,0.479536043811069,59.65710389890374,31.383240197435953,3.816423996930414,0.011754236013692224,0.020623657001253102,0.7560545966585477,-0.6540779384592558,-3.668220245516074,-0.23526292328394208,1.3361968084625868,-0.0039540409746740635,-0.00428327517307767,0.9368822669363179,0.34959639159183015,7.708309190506625,70.34239962962373,-2.916629607456393
-0.029212829018690736,0.00871244052846947,0.8771445841586291,0.47925784550902073,87.53838390135817,31.448884009774247,4.6077855620432056,0.010544032940209091,0.024151411550359214,0.7583303307891692,-0.6513375792127076,-3.6320023041131084,-0.2396063162317396,1.341902280593045,0.0006032691081605208,-0.01415212229325095,0.9355503858996812,0.3529090944477593,22.701733924197818,93.86680900045445,-0.7205404300553209
-0.02969258328226744,0.02196199720399819,0.8774213218753043,0.47829681694051734,59.15920955778306,31.20245235793368,3.8723762837548783,0.015394671567966114,0.02749286145953333,0.7551209932249352,-0.6548277882367766,-3.6007207956953993,-0.25006425682965777,1.342425505268072,-0.004541448526888614,-0.008398031877483057,0.9368862628323301,0.34950390387223507,7.761136314414049,69.76438245089629,-2.676941290195593
-0.03661774525945944,0.012281150721738208,0.8778543095901417,0.47736791388098004,87.10024562233889,31.44021000907719,4.65331865087493,0.01657875462334941,0.03153672814634225,0.7565211055087055,-0.6529980065764737,-3.561951211630987,-0.25527545762705295,1.3342066003938882,0.0023965538422516743,-0.019181639253055938,0.9357344262324405,0.35217524729698463,22.815064342896846,93.35210123453648,-0.33507112907675674
-0.038321751778225624,0.010485955004672653,0.878669007471526,0.4757754337891893,86.602826856407,31.30029779448091,4.835226469780478,0.021016159646942725,0.03624864376430856,0.756389156968558,-0.6527785229917852,-3.5238936306226853,-0.2581253517595604,1.3292948515822907,0.00890245312093845,-0.023361185227590488,0.9350571221991375,0.35361445046527556,22.969937842767774,92.75467690025651,-0.05694176182094224
-0.03562787902750027,0.01932463191583229,0.8792005737323547,0.4747247244309251,57.52675953087285,30.90164200713798,4.125065590192953,0.0232842111041687,0.038682862799499104,0.7579658308270877,-0.6507298064000867,-3.4722636041615966,-0.2562057414819961,1.3285892448028427,0.007232052359425115,-0.016537381321342613,0.9337752864644432,0.35740443033900676,7.6104420898583385,68.09378595215004,-2.1977410231110563
-0.03373877150276596,0.016926290732397566,0.8793688089682516,0.47464270119036384,57.03506023258491,30.834068203768993,4.186419758065622,0.02236690707920454,0.03621858251387274,0.7576855604102759,-0.6512300110515196,-3.4478855762140235,-0.2588852158230193,1.3349534018234614,0.00766927434323526,-0.017018346093779974,0.9339018394804208,0.35704189157907906,7.388367824403915,67.63053129004545,-2.147697548842023
-0.03482441523966481,0.017719263525089398,0.8790897385110733,0.47505212287482346,56.67193346797799,30.729480848868207,4.251046786366263,0.022752766102418272,0.029666623909562737,0.758603248342697,-0.6504792961074208,-3.418349617213083,-0.25904852788373867,1.347367423533972,0.0007939225125692045,-0.020800430993714314,0.9336420429551539,0.3576020796696328,7.205303549109479,67.25122009649529,-2.2179775319640918
-0.037972340091155785,0.008788115568166733,0.8787746784074468,0.4756426547342557,85.47000883842097,30.99889691220619,5.025322013731793,0.017070951344061294,0.03126108979990366,0.757970641947657,-0.6513154633740763,-3.3922536600359434,-0.2592271545431883,1.345457305359972,0.004198020871122618,-0.023190495466857145,0.9342197834417351,0.35591849315095303,22.564829635555334,91.53105068070845,-0.09298168007031848
-0.041429127079638035,0.010708805091051028,0.878669577329792,0.47550890927302913,85.1833916238419,30.926044685528495,5.146224058627023,0.018886294627895886,0.0305144926109643,0.7585335967030179,-0.6506450309413783,-3.3600190381359183,-0.262146503120852,1.3501960016811954,0.0007141135709170021,-0.026542653371731808,0.9338579159844027,0.35665721687225715,22.47949062171989,91.22345279728322,-0.05321103611981992
-0.04299377236166192,0.009597182214834344,0.8792121387400802,0.47438954955157153,84.78470759077922,30.87805538753605,5.358304141482856,0.02335601878579288,0.03561629148559776,0.7591848542185179,-0.649480048417577,-3.3296014267341763,-0.264638930961317,1.3474848131956172,0.007184494306368808,-0.030045941187689787,0.9329355341539258,0.3587156444492446,22.515999563916246,90.79157817751536,0.06804709547704957
-0.041876239961759994,0.004986674858969607,0.8798859945941405,0.4733097824021771,84.37527464077559,30.824015115314523,5.68857217624277,0.02616524704501481,0.040153307946223904,0.7578707031988259,-0.6506420590009273,-3.31600427947523,-0.27148469069668574,1.3461777085375113,0.01668890290995555,-0.03250971600258309,0.9330103999672642,0.35798909541775037,22.547654908257442,90.3720288260657,0.21577897699245296
-0.038458713502987865,0.0023288874326542366,0.8800680455195536,0.4732818810121658,84.09767338045822,30.616332308684832,5.730421183866092,0.027623608352201113,0.039542273439346055,0.7587261795707047,-0.6496213738070008,-3.2919368206570554,-0.27072406574657926,1.3497990307202818,0.021123054457349372,-0.03326275117373169,0.9323874434542486,0.35930636126235876,22.56285416844604,90.00583756068532,0.1043542129981947
-0.03606297087588809,0.0008806114757760458,0.8799018188127594,0.4737842081634123,83.77570208758469,30.508408983718255,5.8966143903824,0.024178307149209956,0.03671151125355883,0.7582091648278317,-0.6505278908516993,-3.270439851821366,-0.27117660766648294,1.3573227328040285,0.01963016955746802,-0.030651614849674942,0.9329734209849221,0.35810016850867793,22.37179154870212,89.69108697529023,-0.1753412601284685
-0.03543973791988733,0.01948431134063085,0.8793851561304659,0.47439027579109116,53.99336996054356,30.037339580312846,4.467744461819642,0.022687815888527044,0.03217847938057687,0.7614114463283769,-0.6470721890756019,-3.2461835367704843,-0.2640901758686216,1.3684281050689806,0.0012925098759161765,-0.01906263692476927,0.9318143173764617,0.3624320946383388,6.3432121222457925,64.4744890296609,-2.63681930670859
-0.03660789822422414,0.020551806745219017,0.8794772016227503,0.4740857906043252,53.58365730184792,29.99527123017174,4.494765426622589,0.020834178390743488,0.02883253565299317,0.7597516580480321,-0.6492395859710555,-3.2294204286003856,-0.26376794137793763,1.3789347113098305,-0.004146820231178906,-0.01912395432030836,0.9326625582598983,0.3602188649602169,6.196502422982016,64.08875702605407,-2.6978203081764716
-0.03935692802553867,0.0038740483167723403,0.879102060928904,0.4749900950931353,82.97303256393789,30.086017462544987,6.296084214855098,0.019331243985830457,0.028641423254433158,0.758469366105711,-0.6507919733364276,-3.2065494054620958,-0.26282668061526043,1.3867665914531577,0.005809363804722155,-0.030719568775562554,0.9335801299346217,0.35700238147340524,22.0475070932482,88.80109489956472,-0.5891217068468528
-0.04797678565037768,0.0041389366578654845,0.8791067761713494,0.47418601132004834,82.4012722448794,29.864518321958258,6.586240216521189,0.01810611469004118,0.03194467999431788,0.7573629895762108,-0.6519608945719644,-3.1831127186389003,-0.2651974426619171,1.3852681492820225,0.0022547854188289676,-0.034406904689138276,0.9338817184920988,0.3559157438477146,22.05403539545728,88.16542864497697,0.11639032646432823
-0.04611963285226598,0.020428663793017176,0.8803008099096091,0.47172675696179256,52.25055328252135,29.754777245795367,4.533862809386346,0.021707547237267456,0.03177769039717903,0.759286821155634,-0.6496171826586296,-3.1698370715997815,-0.26883672383593993,1.3898547433917399,-0.007257363697071995,-0.025866002981882283,0.931943473371458,0.36160702841932185,5.956819065497814,62.79253142994671,-2.0823430936612795
-0.05272018056783907,0.003256262021886883,0.878856734167639,0.47415273923782303,81.87261901222415,29.69302760132723,6.871401260620914,0.024751811626024064,0.03475306719468051,0.7594780916045999,-0.6491321903236866,-3.143330440484415,-0.2659069546393643,1.3870608506633573,0.005583680468194515,-0.04320111195128328,0.9325156007183574,0.3584928742046108,21.883572772786916,87.61389133043991,0.4926453516399041
-0.05682081882953251,0.0023483158928233284,0.8787157301623557,0.47394572001996915,81.28175077409844,29.65230270545635,7.5200691393266155,0.029379191615726594,0.03178384713514925,0.757759821865647,-0.6510965385620159,-3.121308999537328,-0.2682378697408193,1.3922596805119474,0.003077810675853451,-0.052279692701979324,0.9331407705073833,0.35567634617629157,21.651963905483452,87.10731078908113,0.4173276381491833
-0.055676134730380904,0.003419138232948464,0.8787643486785202,0.47398491221434985,81.01581946495935,29.570981791695203,7.61126574144337,0.02709768139783944,0.03560894460407565,0.7569680930444658,-0.6519179586724622,-3.100011624487204,-0.26761997527628884,1.3858171539007638,0.005251312502444068,-0.04685043377976244,0.9337489345912563,0.35481035458585986,21.583033149459013,86.82593956842229,0.01742189389434734
-0.05178164072529085,0.003539014044792392,0.8780574486952789,0.47573233425333333,80.61406874231969,29.38161431739013,7.707097282407174,0.028877238579377667,0.034997733347440406,0.7583842323199567,-0.6502265912134333,-3.0739308033857102,-0.2653327384487742,1.3911542929673353,0.008114124383554968,-0.04567553986453537,0.9336386398644945,0.35519965680663074,21.19666796687077,86.44568782126652,-0.5984962405278547
-0.04093656187119795,0.02277861622272811,0.8794258744851736,0.4737250930984456,50.56647397459544,29.388119497024945,4.560071325771329,0.02665783434726061,0.03592543800383638,0.7587200944009442,-0.6498788665008032,-3.0525007108112163,-0.26549928194558237,1.3983826389703642,0.00033584451262040263,-0.02268085861583278,0.9330229303311702,0.35910120765203246,5.0168366177075,61.085323108977775,-2.782531109988685
-0.043766118749851333,0.022196287511328003,0.8784597930524012,0.47528964186127687,50.237317009527374,29.31053412117103,4.574095199145269,0.023360056401688246,0.034880120202701245,0.7574329073404162,-0.6515620276362025,-3.037132768450639,-0.27145517850312656,1.410455415574015,-0.003584963640363438,-0.022630350943928117,0.9344161332328467,0.3554455024416918,4.666112207524888,60.78603379311928,-2.560312348343886
-0.05092701187761054,0.02248835588942018,0.8774617593139884,0.4764048428093577,49.906329487912515,29.254907852027827,4.576113860912622,0.025485064503944665,0.03273888669421344,0.7565796590190065,-0.6525840147781258,-3.00807375645347,-0.2734461597883054,1.4156263448634538,-0.009380057236785998,-0.030620005075693964,0.9352961421070728,0.3524138992364311,4.3513749676220455,60.484016873549116,-2.1437540495566365
-0.06451205342062216,-0.0009246298822432512,0.8745951478207388,0.4805420558405431,79.27827196608243,28.974534087119537,8.363802873577763,0.027904553335061415,0.034760007331674544,0.7556420996302805,-0.6534662156988791,-2.9982964835988777,-0.278568790043045,1.4119467059326296,0.002352487027299671,-0.05705377945304582,0.9368528276170373,0.3450305949345238,19.77884326615505,85.33356570267121,0.6971165565008322
-0.05302304339683748,0.021756214144273214,0.8764559015478567,0.47805886317165946,49.26335284936796,29.091559305715236,4.62776932741879,0.03412437319394101,0.03607832898897462,0.7547903694546302,-0.6540836181330539,-2.9787454401676303,-0.2825308871206941,1.4095480378063678,-0.003168361565406612,-0.03845184258159284,0.9367650731473015,0.3478255525668036,3.887989584266775,59.85952610469799,-2.037554449060189
-0.04614494132625401,0.02052645306515185,0.8751490292162863,0.4812104381415186,48.69735934206287,28.8992813105574,4.702961980972409,0.03484832554299297,0.036757758088177835,0.7534913076527019,-0.6555038601861946,-2.95590028307783,-0.2824388136623618,1.412000117495885,0.0032232031811198158,-0.03412390435538995,0.9386629462897798,0.34312831911019426,3.318717593164579,59.27361971228474,-2.4670972898547303
-0.06074751622967287,-0.0014780848563599037,0.8715576749688968,0.48651287109376024,78.12533445214609,28.667726667551733,9.053284291784855,0.030632663458480234,0.03941619553121157,0.7535028350388882,-0.655546703940797,-2.9346241518838014,-0.2705859218402149,1.419726986669228,0.010547579874479428,-0.05426402584285586,0.9402847470739986,0.335870151216365,18.339818452281264,84.4381536154196,-0.5131224951754507
-0.03393792303195421,0.015908644209181658,0.8726303459840556,0.4869408708328458,48.16854732082142,28.745385029735644,4.730754658022178,0.026786905443921056,0.03415173690758886,0.7505359989867084,-0.6594026348051371,-2.911682949437076,-0.263643309655869,1.4403781231220596,0.008526715016258913,-0.02172662111374535,0.9424665846575419,0.333484611144142,2.363349201168642,58.72011375045024,-2.8112362204547336
-0.028559937620878283,0.009829756961594062,0.8699567546807685,0.4922021442725264,47.782386557370415,28.69604418507697,4.74943420160071,0.021358379015411252,0.0322172282621667,0.7516079503362654,-0.6584765438800805,-2.8923032028329265,-0.24581003433992793,1.4552664998779485,0.012346062793100862,-0.017716689046041404,0.9439192316594118,0.32946953996729367,1.4651513035305508,58.375164847278405,-2.569067828755245
-0.05885521242239069,-0.014512570088890656,0.8654835269494848,0.49725618534032406,76.91338838504177,28.517304585952843,10.28612937909374,0.01851868776706727,0.026105545884158116,0.7467902371171911,-0.6642890187440444,-2.8870292057777824,-0.2410333939128245,1.4702061878794175,0.0035434263111434757,-0.05663951402483752,0.9475449611089394,0.3145440450208308,15.75256174084202,83.81253282659829,-0.4304561976558161
-0.035057721569416896,0.008929180337531015,0.8675895847744539,0.49596324287970356,47.00407444657917,28.574951607160756,4.791129499507505,0.014513055850825964,0.02552511933846341,0.7460177107731578,-0.6652784490011721,-2.8758653822867615,-0.23409964350147458,1.4659622564071602,-0.0006412033736564278,-0.02014514508176556,0.9482104586288023,0.31700266266204236,0.6755640834365875,57.652856401152,-2.1721718271063652
-0.07224752079693979,-0.014006561375628872,0.8628202945222696,0.5001252356536615,76.20944493232844,28.38583591266456,10.893620510818174,0.01953415275151383,0.02331642826854033,0.7442967102888765,-0.6671560298028002,-2.86302023137596,-0.23689058762076856,1.4661925218367373,-0.00788792132962696,-0.06831148318214202,0.9492882775830361,0.3067948630697487,14.973840214640742,83.28448821891554,0.264100743160226
-0.047063327878278674,0.01623796896216798,0.8653117099861567,0.4987554672320282,46.20764308788377,28.488377345746358,4.784589984869081,0.023164387423115967,0.024171496540450196,0.7432451412227116,-0.6681809709645571,-2.8541772156114056,-0.2474052770238344,1.4640823231418234,-0.01104636777628674,-0.032118437548816964,0.9503961299150158,0.30918211457154837,0.00017535504216104059,56.90983157104594,-2.2592600761258588
-0.04897020094887797,0.019079160785879654,0.8641341502070946,0.5005098155766734,45.76738172338047,28.43053076145361,4.766855511684481,0.028718204725812328,0.02753850663906779,0.7423224163318551,-0.6688604679457835,-2.84029488940355,-0.26071247961781346,1.4618974706547385,-0.008746412874690964,-0.03462347004240768,0.9514213132215293,0.3058139962981889,-0.40079819093555,56.485707031090044,-2.453706191110011
-0.04567424403451435,0.018392801667528366,0.8625592023068118,0.5035545559266952,45.263310820073855,28.23960241450709,4.750695432208428,0.03720648836168805,0.027481859141333043,0.7411282676042341,-0.6697681058395316,-2.822970391128641,-0.26660501946438386,1.4651901345513663,-0.0017823499254747915,-0.03978574496743137,0.9528527034837869,0.3008083163573908,-0.8960163556533263,55.930247283169045,-2.587168642812754
-0.042413930778690725,0.01691175510063173,0.8620264260652549,0.5048024284613538,45.023097079883755,28.268831912722362,4.742767102528418,0.031261744828725326,0.03706711780213245,0.740476023291625,-0.6703312546930265,-2.818009140639731,-0.26274354843094033,1.4565621103562687,0.006779707191851168,-0.028306899864194032,0.9537382036790731,0.2992259912398753,-1.2071502032403947,55.72405124543384,-2.644671460229544
-0.06715947333465391,-0.020224257468411864,0.8558901249625647,0.5123794282978471,74.72376231454413,27.62961509072511,11.756054029103685,0.029895907795377093,0.03309457622882298,0.7398095277325741,-0.6713366118404617,-2.8108267475654656,-0.25457589388648766,1.4678759497737566,0.013518854213682263,-0.07189313494728228,0.9552715512422499,0.2865394931164407,12.561527843862939,82.07807603726233,-0.6202163636540061
-0.02469895157231039,0.0058967705306508114,0.860080776345305,0.5095255126583899,44.523444228894206,28.05694420890859,4.724216430352165,0.025318749697524633,0.026456078002701874,0.7375927775075056,-0.6742521274858778,-2.801322784200585,-0.23530997281968197,1.4881071408626299,0.014652177028788375,-0.022537981404838873,0.956536367599636,0.29037136663556545,-1.9375568716942004,55.1409986627811,-2.5047480314135315
-0.019465941250880442,0.0023447143586733856,0.859668492756495,0.5104759171670782,44.17357819695053,27.97212830874946,4.711212728891075,0.020454929499629796,0.023821247172984953,0.7357758078704586,-0.6764969361311718,-2.7933899328843323,-0.2112638743298086,1.5031769965006962,0.01602629083308296,-0.01816066198377408,0.957670595755187,0.2868455653907688,-2.1648453075757477,54.77179135200069,-2.4198141254323198
-0.012623163174175058,-0.00282007441103642,0.859430285029562,0.511089315194321,43.5998918632102,27.88682137428168,4.71471014114679,0.019754017739878074,0.013257857462501665,0.7342898284641772,-0.6784190856783774,-2.784088083045165,-0.1830677731963757,1.5313507103477408,0.014997228753433206,-0.021383504430529186,0.9584532420561205,0.2840514243233055,-2.46418986124307,54.206167923848454,-2.268298263296213
-0.048159448385483146,-0.040920921499994566,0.8543687423939003,0.5158102342286961,73.49829059956585,27.169916657119074,12.648234825391194,0.010608669609429924,0.00979533016082827,0.7347187740662338,-0.6782181291227541,-2.8004012082790832,-0.15625312707787992,1.5496437510189582,0.011243642561485166,-0.06714814586727044,0.9584614541516683,0.2769771613581289,11.596914362981005,80.96903186391933,-0.9571346700968915
-0.0543857708375135,-0.041663176432919585,0.8564925319113792,0.5115925238311874,72.89049314061938,26.96733751664806,12.952520283658904,0.005904789145071256,0.0007500042638123013,0.7353812246315072,-0.6776274975369737,-2.7924947435003977,-0.12438049329702265,1.564570405123984,-0.0025517570546897232,-0.07290009997775691,0.956393205033585,0.2828269812531217,12.329582430918002,80.24467900485668,-0.578040414626414
-0.07040286795270637,-0.03852366424220613,0.858236771879958,0.5069408317254162,72.27143763598218,27.069632985412,13.788038740057079,0.0035394743617888536,-0.000719853382545391,0.7371860023023131,-0.6756802142595889,-2.788919505685949,-0.10457661120158054,1.5589454113738719,-0.017994219432452267,-0.081332316608793,0.9534162577882327,0.289928787337763,12.94401705249034,79.71482350649241,-0.2119928081609237
-0.039328696655468336,0.010464151838302797,0.8684596705406837,0.49408658734077565,41.720647422581905,27.611543155003346,4.738681739854444,0.013011544291407462,0.0034272838301925832,0.7394558195295384,-0.6730706087808312,-2.7763138058188948,-0.09868063674859784,1.5435200209819555,-0.024803480472733102,-0.03164534706524959,0.9501608268942704,0.3091565338160512,-0.8725103606023124,52.46433882824969,-2.185634128984542
-0.09540905658456736,-0.028746510062222615,0.8621005275957765,0.49684346669747925,71.37774990025305,27.342140225126514,14.754842265628806,0.021961571526478145,0.012313323633131036,0.7437919946889554,-0.6679367785006437,-2.7673021915252103,-0.09553999495828981,1.527954405365912,-0.02081900770343501,-0.10298063183188048,0.9459203263435115,0.30691414857568206,14.332103205861678,78.8659902400876,0.10958634516706
-0.03898861965579753,0.013000718807328771,0.8725510723796334,0.48679101772421823,41.16452330431652,27.47941113284719,4.760428148534238,0.02885759690060606,0.022225122940521036,0.7502194874677641,-0.6601848253595398,-2.7532274973893553,-0.08347286136263285,1.5155956764897263,-0.0020529138389768402,-0.03502788188654409,0.9424867815250931,0.33239659999131094,-0.15463503472460638,51.89286729974666,-2.47320818928762
-0.03243726624730163,0.009515266642476835,0.8753606511317665,0.48228727321928583,40.73902263848309,27.41934112373633,4.776928106895555,0.025345965752340358,0.025832535336809848,0.7547771247034258,-0.6549822548455666,-2.745301837065164,-0.06476131577691535,1.5125106064482354,0.006409082277741171,-0.027978733807032766,0.9384442048918835,0.3442362392656428,0.18991279745407064,51.48408087631697,-2.504422701515075
-0.0919631743439698,-0.03050623301868554,0.8723054984226525,0.4792653354178643,70.26613972376175,27.226754849672716,15.161008075381757,0.020338161394741146,0.021298061068123007,0.7568701879157751,-0.6529014247420197,-2.740553822813416,-0.0446006740982204,1.518825211074822,-0.008627837717423278,-0.09705541567933935,0.9336093438222002,0.3447889206913605,17.067622058392114,77.25457198733388,-0.490583669086901
-0.10342628783498357,-0.029240320676270852,0.8727961491059635,0.47610386339245864,69.59395691591779,26.934311371524927,15.7611063550994,0.016229950940150548,0.014338207962651218,0.7585988783782084,-0.6511979316676492,-2.74128258218439,-0.031446481077375604,1.5192097718407895,-0.024927835209607854,-0.10483926476772602,0.9305432824800762,0.34996647128822267,17.59534386756824,76.50333566791835,-0.11871800645630026
-0.10786270577310927,-0.029947220959767318,0.8733449988963814,0.47406467234204486,69.25228814061677,26.709135370992954,16.17396660169168,0.015643736013985336,0.01575182071505991,0.7617734574898882,-0.647463012944822,-2.7395238374260025,-0.01783879096964433,1.5047121035388922,-0.025851197978817145,-0.10775166110872501,0.9278190164336859,0.3561925993551776,18.00159469919448,76.08075247744125,-0.029291976875257753
-0.042410868935379216,0.013373258740231096,0.8833215961336369,0.4666534388073627,39.26540765332339,27.11655979784041,4.787407918357893,0.020258318240610085,0.020594408256835305,0.7635408275823032,-0.6451130718761979,-2.738622415658437,-0.007964110013958109,1.4877013932570136,-0.009925735541539483,-0.03203932450852227,0.9272956076783141,0.37282411059305587,1.5163261780354296,50.030100969755054,-2.378267077812214
-0.04229050254112716,0.013104030717773614,0.8844524751610235,0.4645251521234406,38.99841138009842,27.054553880486765,4.7835491244378066,0.025040105257152383,0.0238542039792873,0.7659162084539223,-0.6420096040627377,-2.7430821967330523,0.004274107587209822,1.4882179149658261,-0.004457829858621861,-0.03504397312788625,0.9249512592187726,0.37844050492774994,1.6673031442921578,49.7653486066797,-2.3578184573030185
-0.04469202206775064,0.012241649695808982,0.8868853079800972,0.45965989129493195,38.35339337712037,27.02126848532157,4.766990986972425,0.0263357110596175,0.023599096519642655,0.7687082944718263,-0.6386212265315465,-2.74415249914611,0.017986868602411513,1.492977518151619,-0.0049163695405548885,-0.03904654778979691,0.9211052381412071,0.3873194246162589,1.875916084644628,49.200798382720635,-2.160332535499605
-0.12207770978779307,-0.03401406836599755,0.8769266662215246,0.4636158948911948,67.99378270762271,26.121403601669726,17.31941892679134,0.025740257908584235,0.02501110451555628,0.7705461897743615,-0.6363728884843578,-2.750506438900386,0.031018688440172443,1.4910244140529954,-0.017611036812705653,-0.12668891802179874,0.9174675843658524,0.3766868740356307,19.682789274625918,74.48591386200312,0.6611710301823814
-0.05463276721350647,0.016760325951412358,0.8888567425574946,0.45460757080219955,37.791284380201716,26.917745237028385,4.734714754375668,0.028640935632420105,0.02464343654546478,0.7735338795831869,-0.6326276432296593,-2.7568606808736487,0.04072541231667108,1.4846132860659007,-0.012602007815089154,-0.04591184679450582,0.9157960746923355,0.3988117868130987,2.2394983029375153,48.66101003539376,-2.0445468428764686
-0.056538372409506245,0.02026148497618396,0.8886017330986645,0.4547305186656089,37.355169326150275,26.841406236205557,4.703695480947973,0.03421428386560883,0.026404572227960214,0.7766844487785344,-0.6284054808565932,-2.7622487451253366,0.04404469095497296,1.4715401036116136,-0.012244375699531919,-0.04957595351573113,0.913770425346896,0.4030085729337375,2.0594639086245303,48.255611117997205,-2.259922767115778
-0.05319608099924891,0.0222794517320387,0.8877875115323834,0.4566258176712956,36.99357902630662,26.784351947512505,4.678019156711514,0.037705981727511814,0.030976100225163252,0.7775636692780313,-0.6269078723191227,-2.767741770050663,0.04701993942218545,1.4583561642578324,-0.005955014519922243,-0.04672658884538844,0.9141045019383548,0.4027333152757214,1.7103255539717046,47.92165882306181,-2.608291837995699
-0.04053015096348176,0.018286666278165668,0.8870870304134353,0.45945566181252046,36.39394509914088,26.571982810860618,4.632425037739903,0.036456576438204304,0.03583875702812295,0.7789568972830561,-0.6249901228853454,-2.778559504659146,0.0575169831623938,1.4520826486452303,0.008966808143701438,-0.03601609113928628,0.9144360083923663,0.40302509113726015,1.2132693443464782,47.30731942509286,-2.8569387611715835
-0.029221269467537926,0.009382860710011848,0.8866138096370005,0.46149109622674916,35.99944293181322,26.50765160518563,4.611180308970047,0.030417289651580606,0.034833402796100255,0.7768369450662456,-0.6280014198391906,-2.792240846462939,0.07225558366201522,1.460265363769215,0.019281132736159966,-0.02770079567121871,0.9166013421106838,0.39837530480752087,0.7744006558167541,46.968815427313004,-2.623707136806023
-0.03199728594896704,0.0055318994582341545,0.8862800579409416,0.4620099898016117,35.438243779917656,26.319961032976607,4.5969202163698295,0.022156857363545432,0.024995614007772858,0.7751181896142669,-0.6309327104226307,-2.8153985638767813,0.0834283817479868,1.4821920801062947,0.007913793432501402,-0.02940037949350026,0.918217787345058,0.39490389281734356,0.5602940374961447,46.43692866458915,-2.167038596833364
-0.13444727502950463,-0.052215404751010525,0.8730554406324922,0.4658021890522132,65.03046412839188,25.805384868175224,19.890226199323614,0.015599179703264581,0.017087803455273377,0.7732273915684411,-0.6337066146837383,-2.836169817686718,0.08900114134680782,1.4926122368341954,-0.022641014468802012,-0.14270697560743154,0.9149149104709603,0.37689893894082294,18.109629353381173,72.64433976416885,0.7251341809975946
-0.04370829957717775,0.007232073670342956,0.8853876368462815,0.4627375219044329,35.17910797972522,26.289930115102607,4.5841106119164845,0.01586434645949681,0.01336742567703774,0.7733414809370848,-0.6336502097405307,-2.8547004784319263,0.08833671245580976,1.490988148520315,-0.014112253958738082,-0.03707932291603504,0.9195791818324446,0.3908965290721631,0.4074049081776716,46.252581109130794,-1.787246828796984
-0.045327453469274054,0.008317841607919279,0.884927727765213,0.4634427171779417,34.75204849224133,26.2933505896292,4.568096708431254,0.022718531009752664,0.01338331321555233,0.7719638282094822,-0.6351193613898843,-2.8789506987038003,0.07706296376270413,1.4838148388735475,-0.01283741345566453,-0.043610191236128984,0.9205913480924779,0.38787230096178643,0.0993401109550538,45.92973519812014,-1.8298054035540476
-0.04925697644747721,0.01884248378749645,0.8807071543675072,0.4707160708132436,34.32029646387069,26.171043027332416,4.545362838030005,0.030487622285529686,0.02123826336781946,0.7744421583065563,-0.6315526775289426,-2.8897754963898525,0.07296304737268093,1.4643107033745375,-0.012645084909566576,-0.04310013324747381,0.9223759264570136,0.3836732081267152,-0.7282106765993983,45.47578281147228,-2.5719648284720993
-0.04213239436425731,0.018610806837063554,0.8787905961381152,0.474979565195414,33.67494079294953,25.934102929042865,4.523814554854335,0.03366171978378106,0.026778231739867854,0.7713922282407233,-0.634904595302236,-2.910710501811966,0.06186967710344868,1.459014787663214,-0.0015851952875198614,-0.037547004713946085,0.9260984357461217,0.3754056431401873,-1.3289151955275382,44.802517181515825,-2.8711966705006966
-0.0359227837771615,0.015068397896257536,0.8776422743598066,0.47773060949355683,33.31375823911428,25.83939507209243,4.515841282405253,0.031524024867226,0.03127925491542722,0.7698771426415127,-0.636645136089365,-2.928115251698187,0.06184376353053665,1.455811154057079,0.008041107354689672,-0.030786667266974346,0.9281392162478952,0.3708707550803185,-1.7453122728998984,44.45366889365377,-2.853863511007403
-0.1291595820642824,-0.050085799991324856,0.865864505914005,0.4807159997321754,63.597989721219946,25.520000192208045,20.172424777654722,0.026928571278418977,0.02902810992435123,0.7684549333195241,-0.6386777249442858,-2.9417838557096068,0.06629811179422483,1.4611036974470317,-0.005923262814251969,-0.14060421999559797,0.9248174737778242,0.3534232709829196,15.332005594689695,72.03983224421768,-0.8591440528338272
-0.02664153566782263,0.007325398466592284,0.8763963801931707,0.48079720454561037,32.608785078446616,25.767203291237138,4.499426435151561,0.018265667179910634,0.020427594789389054,0.7657030658852769,-0.6426102190811164,-2.9669597084693433,0.06914934845909526,1.4722729051138341,0.003955548711877092,-0.021878563755228557,0.9320071892530154,0.36175721314590287,-2.4065681137787545,43.847860989435524,-2.600147812915737
-0.1200785408157362,-0.06221514307197059,0.8639300643759928,0.48511366078001816,63.134740212092396,25.234383291566246,20.154361990619904,0.008035017936564807,0.01572360549559888,0.763297606742957,-0.6458056753060104,-2.989640364341149,0.07170035153419295,1.4750535405698397,-0.012576740857585493,-0.13114851305225989,0.9296052027269702,0.344203515636507,14.375192550562323,71.74679675531213,-0.5117401839866864
-0.02613665697284478,0.0014963580132732594,0.8729433342773377,0.48711864182737274,31.874378696326005,25.54753281106082,4.461852403849242,0.005809384145261599,0.009148781021136981,0.7621263625550079,-0.6473375922656993,-3.009081848142018,0.07449612163274517,1.484781500591487,-0.0072434277605539785,-0.019565507895052642,0.9365828062939017,0.34982477129232314,-3.2402762964572642,43.12173912105875,-2.1472292843103213
-0.13816504295356732,-0.061931817238797926,0.8589177213867253,0.48921898860017154,62.12376004986744,24.987734779009315,21.09213473100585,0.008987483830452985,0.005155728236254203,0.7599766908123406,-0.6498677350220391,-3.032174687829161,0.07733365918375817,1.4888999088807553,-0.03389707190395396,-0.15044693090398858,0.9301336724139954,0.33326875181985344,13.584004421860968,71.17292653431312,-0.009131981935039946
-0.14459414545419447,-0.06469350734961725,0.8579478277942885,0.48870523630327317,61.606076637513596,24.99712721334663,21.875409459433357,0.011715155121219324,0.011044734658464216,0.7588228457176138,-0.6510980400783221,-3.044404704932308,0.0778612534394074,1.469487977884135,-0.029852989604897233,-0.15649652899613828,0.9302879567908361,0.3304269251646149,13.475702545191018,70.96098606709991,-0.00908845848302331
-0.042333450346289894,0.014037248399879146,0.8728551549756182,0.4859369435138964,30.91333829002042,25.383619945136843,4.395181310958787,0.02205683444972605,0.021153504654473326,0.7592273201026156,-0.6501076077886576,-3.064004811315987,0.08074896106539733,1.4485973824781524,-0.008996584318771747,-0.03198814233541565,0.9375914982131348,0.34614737135932944,-3.367426497433384,42.255688017618205,-2.5484799493381836
-0.1534207932674758,-0.06161340194059108,0.8582397806354197,0.4858912716126443,60.53073791877489,24.95317109223697,22.357940766070897,0.026580790294276305,0.028738537073177403,0.7613894294651804,-0.6471118101015558,-3.071780899031496,0.0832866662815957,1.433293963835099,-0.014788684537555778,-0.1655326176188119,0.9281009322622247,0.3331799916680204,13.621788059199952,70.11411221374955,-0.3009213785756777
-0.1462738996535907,-0.06645796934100298,0.8600737919032482,0.4842110666562359,60.17594631017268,24.927635647440866,22.401133892151538,0.027910862407816404,0.0332808650858677,0.7626346857352854,-0.6453694321024437,-3.079738910338257,0.08445810402536233,1.4287487115458224,-0.0015788026978597527,-0.1623339295097857,0.9273547119774959,0.33713267549303055,13.638841881747698,69.79935265249154,-0.5817944237681263
-0.02569815067505402,0.008074346281344546,0.8748247010539011,0.48369014090630763,29.642422389458545,25.12833949894116,4.247647506165887,0.02010319668318838,0.0321043803084591,0.7621615516408695,-0.6462777571977154,-3.089948418072835,0.08402808344234322,1.428528935009909,0.015047323469548974,-0.016426072780744736,0.9350171174186973,0.35390217903176924,-3.6622766726203926,41.06736261607269,-2.575367897918499
-0.021171318551059953,0.004573179647213456,0.876233755906122,0.48139927950649736,29.072738077919553,24.945064473917228,4.219119564858254,0.015500071910440215,0.021782924466114944,0.762357895789745,-0.6466031941612314,-3.089771997821987,0.08672870314784958,1.4404007625653608,0.00937281535690964,-0.016278491377686923,0.9341061450063007,0.35650087084356435,-3.624598146217413,40.50976223470388,-2.4303583712904295
-0.023196497120442795,0.005357553818925505,0.8772405073616779,0.4794604377654578,28.687648298055592,24.859534582736387,4.207627338184542,0.006782256113753296,0.01600160984176875,0.7617652593217056,-0.6476199805248553,-3.093900941786014,0.08415147492723238,1.4433255069939854,-0.001814629566055355,-0.012478157679035177,0.9337623026008468,0.35767158811127264,-3.5729812778656678,40.16129374809354,-2.4149811809782937
-0.03129186934582468,0.00960441887938794,0.8800096058916553,0.4738266218663177,28.226731390605963,24.814240320468116,4.18815736678553,0.004865958803402299,0.014305969264408072,0.7617669405381098,-0.6476749107318713,-3.094577172449837,0.08374216343147907,1.4396453564671738,-0.012688276274361525,-0.015120111834737293,0.9313999942513648,0.36346174567875544,-3.2366244531191213,39.79545071311595,-2.454097014716728
-0.03536458606971771,0.012135357307886412,0.8815667859739713,0.47057632858299375,27.96313332496355,24.743391029365284,4.175192632029599,0.010051782003566833,0.015858754640485747,0.7646779088333598,-0.6441390822811837,-3.0874838666423754,0.0871255129816528,1.4349766796607146,-0.013348669636424192,-0.020624222422670018,0.9283737636338065,0.3708350165030255,-3.012587958496444,39.550712087641465,-2.4993054660231264
-0.15217952725540154,-0.06381902697778521,0.8687098555006662,0.4670243143948108,58.45338836803545,24.3578412230479,21.851292524392264,0.016998079832403392,0.020791205187105612,0.7691995045066492,-0.6384441348588021,-3.070456974640815,0.09244740565816105,1.4298433011773775,-0.022068521258855802,-0.1628577015543197,0.9159367782245329,0.3661286218114535,15.857503277429505,67.376184489236,-0.13350924183526613
-0.0365644233944546,0.013609607570279595,0.8852964070433225,0.4633876273702157,27.23010836202691,24.593524730408717,4.116285567451712,0.019232726531612877,0.02469598210563035,0.7721392705641114,-0.6346819341612935,-3.0715598410244898,0.09739448337511646,1.4297254621990456,-0.002939819681599356,-0.02517790629508857,0.9208461647208263,0.389101235430807,-2.6587589812000827,38.885134319050515,-2.519211748915643
-0.15022136686166465,-0.06509052264280209,0.8728026994717586,0.4597958379488781,58.00775891282876,24.182326848545927,21.743346947869618,0.022720777646961066,0.026837527293428025,0.7758794267017433,-0.6299004910403436,-3.054006075703117,0.10858238509285789,1.4295619656205258,-0.010251330093214463,-0.16504519288776182,0.9090776428675358,0.3824040190353213,16.80547022148955,66.6204804160399,-0.14810834567300546
-0.03137429582647816,0.011305490079313607,0.8916091890702766,0.45157601067915776,26.249774240430412,24.432990125869992,4.008955906125344,0.019677308162157087,0.02667253490678817,0.7772665964944586,-0.6282977139852238,-3.041192561202476,0.1203347997588485,1.4286788106058326,0.004167499398139052,-0.022782770427780447,0.9122502577530309,0.4089780489829868,-2.1028012174114745,38.01940209829878,-2.4139316888078355
-0.1469484762270532,-0.06670373115384735,0.8793119864075727,0.44807051693307265,57.28414428722442,23.94467483681433,21.59724808051277,0.02102690841477073,0.02271923465863798,0.7800584295751312,-0.6249404387202213,-3.0237839031738467,0.1283456475692183,1.4339420566761656,-0.010402404351673264,-0.16462364999407714,0.9009747860034639,0.40129201192192226,18.259257944909365,65.4014657571912,-0.265376321139442
-0.14920700299428513,-0.0640581009329737,0.8812588240466334,0.44386564972102666,56.97586632097875,23.899137089586702,21.50399838327752,0.018839891993794287,0.020649622365497246,0.7828308556183861,-0.6216063891705186,-3.0082872901989623,0.13312170291838424,1.4412744482202007,-0.016041325584258973,-0.1640599336521992,0.8971420624542222,0.4098330560349181,18.76580885321521,64.9091594188229,-0.28373425853363177
-0.036433677634698694,0.017799544465674996,0.8960904661838721,0.44201542932933463,24.701448989903,24.048511334156956,3.824296633323268,0.01953156056242939,0.01896156082814702,0.7864254183619366,-0.6170851146375269,-2.991860333915148,0.1336049053997053,1.452061535410459,-0.010856169333402846,-0.02678927899871322,0.901614749258801,0.43157307844341136,-1.922986118077359,36.529380882430836,-2.525091463023903
-0.04139697601592534,0.020123317026129697,0.8972852234880444,0.4390450662501662,24.076888328737297,23.970072058162486,3.8117320511569908,0.020206687553223225,0.023144200879610728,0.7874649681361348,-0.6155931771081669,-2.978033870387077,0.1283064516832263,1.4524323267062638,-0.011691507254873609,-0.028180706685894067,0.8994599961126337,0.4359367750280469,-1.996230176861847,35.99308816557742,-2.545106483179067
-0.0420803378507734,0.019955238169683084,0.8982966854410859,0.4369142920087586,23.68423289689609,23.88444072652601,3.8050599065183945,0.01944179488253491,0.030029901528126686,0.7877236325056478,-0.6149891872367056,-2.970102878978677,0.12033592708660804,1.4433485496342784,-0.0061280064187105646,-0.02521942762254022,0.8982620957208686,0.438693099328992,-2.0105385197956895,35.641776031640376,-2.526956524330494
-0.03595395698398211,0.01619580779334329,0.8999593872600368,0.4341867225856338,23.043555950320524,23.795988901416422,3.77274999520521,0.028546722361198866,0.03085146016738066,0.7914868130139765,-0.6097392039822859,-2.947848037933531,0.12037919946875734,1.441313771750311,0.0054183636049174935,-0.030877460264141048,0.8939651550168504,0.4470386173466223,-2.1667637965186577,35.08402736179253,-2.43707398958553
-0.02742018942673881,0.01154015442630061,0.9005156025647834,0.43380480355224743,22.56458660933913,23.605407744637432,3.7571756015113777,0.0302452780789374,0.028301817544576634,0.7919233328751011,-0.6092139731864274,-2.9347154352728473,0.1157388599579614,1.4445896550826403,0.012763095093892188,-0.029643144883555215,0.8932719103790764,0.44835664542053155,-2.3364540581564683,34.588121509325426,-2.351560274395747
-0.025579954847142962,0.01053119178562382,0.9004954281298996,0.43398472764227736,22.249569668286966,23.518663373537947,3.7479326778198647,0.027380376985788973,0.02374248708759567,0.7931045656641612,-0.6080063792310683,-2.9301872836447354,0.11181967061375925,1.4545014609317912,0.00935755450916482,-0.028236574696102645,0.8925979134418581,0.44987120039215733,-2.493660794893973,34.28618294589945,-2.323711229562347
-0.14330374116644193,-0.0659030978960865,0.8880844751676887,0.4317716808934219,55.16038972193513,23.52155917187929,20.621973160647045,0.017834095994168,0.020739136134596957,0.7937419912038148,-0.6076392718153301,-2.9256429699540747,0.10282065433841237,1.4598333067120943,-0.008648562346108318,-0.16067511938831858,0.884146991161613,0.4386260439129918,19.427434841542116,62.54687249058998,-0.2750064389264031
-0.14227214338830257,-0.06045075991077791,0.8887514124168671,0.4315382599132221,54.9873983020569,23.6821302884357,19.882786552067387,0.018383084213503983,0.015006252771263372,0.7918706008919051,-0.610227683767016,-2.9342818934797994,0.08582183118823108,1.4774319082548413,-0.01767938843061407,-0.15941207472798535,0.8850868773649233,0.436916982013801,19.192457956206365,62.306227116037384,-0.21796608023056585
-0.149716387601247,-0.05611396007520602,0.8868894304749526,0.433432076431966,54.75526326202399,23.512855029577622,19.80788428049074,0.018635141687892844,0.017076880723971434,0.7937278188897556,-0.6077476953140362,-2.9291883988397993,0.06781993765477526,1.4752998416630048,-0.023228205199681672,-0.1620628340206647,0.8845431013295529,0.43678323022145465,18.98281103236927,62.07174684937614,0.020358268589656614
-0.0440637961482119,0.022187828895883194,0.8984078622940187,0.4363821663246418,20.946538766905732,23.21902872403325,3.6999463602620217,0.02098404194650667,0.021511839381902893,0.793135016533534,-0.6083039999032928,-2.935687491589363,0.038681991054299245,1.4680126371533682,-0.01591866017008874,-0.03091643981635327,0.8940285565184026,0.4466583819174251,-3.2166821888897994,33.098649520068115,-2.608273281465091
-0.0466369713505172,0.024417681182772048,0.8975095226997056,0.43784178239662547,20.545868958009464,23.144027781537943,3.676674052037985,0.024598383765983292,0.0278140145163345,0.7915017539550387,-0.6100379280001235,-2.9429168593107815,0.009074940068059784,1.4591527124502321,-0.01204341576945725,-0.03191667896933373,0.8959651852003883,0.442812227302958,-3.516055820625745,32.74468093821571,-2.6999490293715365
-0.1501261886387873,-0.04898418368098061,0.8839401034005202,0.4401279028125537,54.164164142322335,23.295833764947474,18.79205511313001,0.030261479925492225,0.03223142214019151,0.7906740014631101,-0.6106390109302334,-2.9399259222470313,-0.014262266113532068,1.4476985501886777,-0.011132818510712036,-0.1611759152327783,0.8911224472036168,0.42402732080695127,17.781668848816988,61.553803544666124,0.0768491889533176
-0.036859893216113916,0.018125251338177224,0.8950936292672733,0.4439822275510199,19.85884878008592,22.950842584164093,3.6267448095463664,0.029098071304115552,0.03451146832485982,0.7886688533202215,-0.6131587890612101,-2.947571661766075,-0.03644291228952032,1.4344504768238437,0.006914233270941998,-0.028679612219662497,0.9007889790081747,0.43325383843494697,-4.306659158760051,32.067558952045125,-2.545311779460009
-0.029913546220282975,0.014314727586992912,0.893914092716386,0.44700991395010214,19.47534735534525,22.84276581466588,3.591526776972035,0.02763546853646379,0.03125991520822318,0.7866820225021419,-0.6159468272926522,-2.956765058817743,-0.04968119626459558,1.4346700657992923,0.010610714417047218,-0.02544558077626655,0.9035889015878841,0.42751261044058037,-4.705264622255169,31.68334571621425,-2.4376048580192595
-0.02585229363477967,0.013025188222847685,0.892415247177194,0.4502854983132906,19.042848995260428,22.736304230647193,3.5575728668010314,0.02315259212502574,0.027158284163011828,0.7838554921118852,-0.61991689165988,-2.9614562525453914,-0.0615204991920357,1.4378886942866491,0.008425604519882944,-0.02062267285929042,0.9071857177782536,0.42014020042334416,-5.132369447240446,31.244634401193785,-2.419695814573128
-0.1283477135728297,-0.05410246322258211,0.8805487203185212,0.4530273049599667,53.45112651041367,22.850825557266262,17.67484313321411,0.018565055627550384,0.02391042648307119,0.7821949264450132,-0.6222979409082309,-2.9673430098412314,-0.07404732782069309,1.4437343315345408,-0.008087073076450256,-0.1395761417443738,0.9043837483346758,0.4031663870574186,15.666443166401972,61.04331074626618,-0.5649463567193744
-0.02987569999607399,0.01798283049946923,0.888815854829523,0.45693592172276876,18.411427384990404,22.558887937287636,3.5199921006260695,0.02245735071067521,0.019469310547994598,0.7785866876560555,-0.6268328191396932,-2.9772446942232307,-0.09938937093296649,1.4575523522152014,-0.005162059541481692,-0.02305281597181617,0.9138886797564029,0.405276944607214,-5.817735103167322,30.568565530528105,-2.615958959801773
-0.03529515985528766,0.02258486864531019,0.8855790021645996,0.4625948619734292,17.887526143854828,22.39253193109039,3.490017055972004,0.023670631081649737,0.028828942789244198,0.777992072688593,-0.6271657899754719,-2.994248548668715,-0.130209891870384,1.4529235076678564,-0.003226546874917603,-0.020920990629725644,0.9168521101979891,0.3986654105535486,-6.355109279183705,29.987662181093555,-2.7972963053366593
-0.12677196069099803,-0.04259078311421457,0.8762316943857641,0.462961027441977,52.58254853594936,22.694976401721988,16.25883565330676,0.02634438162420816,0.03202980969132933,0.7716556980238777,-0.6346869689502512,-3.0164223769094787,-0.16048999226283447,1.4554071349799438,-0.007333134604713062,-0.13311134940150235,0.9163178069275284,0.3776099449232039,13.89355239142668,60.32603035638021,-0.7061656607914815
-0.020504615636215327,0.012380900526613801,0.8849327124375577,0.46510253546682373,17.048797216690232,22.09841166609135,3.4494726898793786,0.023859745110399854,0.033077021910018406,0.7727682418022139,-0.6333765607020408,-3.0149049955815923,-0.16824259004016975,1.4504595410670198,0.01781345700256544,-0.013733605782661223,0.9208857431983355,0.3891831404311776,-6.855888379543421,29.146693504111234,-2.4122902185656034
-0.1048602738628143,-0.05024680454411985,0.87904970062562,0.46233235386302823,52.09461156621029,22.547117891793278,15.5475295642626,0.020891059605681998,0.027206501780424063,0.770744433518582,-0.6362203927017303,-3.0197503316667356,-0.1731360746266262,1.4590151174557717,0.005587680296005833,-0.1185743477796698,0.9174126061506608,0.379819709801095,13.576472465548141,59.7207751930277,-1.182147521557499
-0.09721225400256707,-0.04866034160536448,0.8795090039951553,0.4632988891828249,51.72368607095662,22.383504745989285,15.07333753833985,0.01268838048066635,0.01954534099582226,0.7698158018935712,-0.6378405880791005,-3.0202347822075817,-0.17858968030868905,1.4716134009894972,-0.0014776053939404218,-0.10797728028136173,0.9189239719466555,0.3793645442145618,13.32025317407847,59.25465589038476,-1.5519295982142705
-0.09838302083626471,-0.04535233489421103,0.8791485380079839,0.46407089442153004,51.54535246006449,22.303683076389007,14.7670527013763,0.008569599634859117,0.013192806881036818,0.7703017482947377,-0.637485473075872,-3.013538218620214,-0.18211326900710068,1.4871803963601584,-0.012207425073111712,-0.10610762091891071,0.9188283398033047,0.37992977447196224,13.192664165872575,59.01153050337377,-1.493813130456385
-0.024686018679983154,0.015642160855838718,0.8853281817758165,0.4640473400839817,15.540343054565056,21.683790259626903,3.39412845202396,0.005459942615710122,0.015864479246608543,0.7693019829342987,-0.6386649875938267,-3.0113076236047576,-0.1906962145313337,1.4915748271906124,-0.011220698763714829,-0.006472874324690013,0.9228976872639996,0.38482730758093514,-7.306681309760845,27.691407518736582,-2.464745333130241
-0.02718072638794578,0.01639586237225399,0.8856734453618064,0.4632223353758337,15.237307729964414,21.68341730399561,3.3724046373439442,0.008237857398056372,0.018904848404657858,0.7690107602754129,-0.6389031186282609,-3.0114611624411247,-0.20646397746427675,1.4872180615651784,-0.009414963681081353,-0.008965806978403438,0.9227314009198502,0.3852242652281923,-7.431988846543547,27.466674199363453,-2.4669307329567567
-0.10963047499154996,-0.038378293169471875,0.879103682236391,0.46226072885866437,50.99312635793926,22.143623639633006,14.204333960848926,0.014791970696838437,0.022998905267305768,0.7694509431060409,-0.6381202818533772,-2.9946085655679195,-0.22506514591371132,1.471177070121525,-0.013371046263806237,-0.1112174248250736,0.9186145335889957,0.3789449012932648,13.251435912564784,58.31710729852845,-0.8255223476740983
-0.03278821475529335,0.020446963137216518,0.8887140531306581,0.4568305883363152,14.265422070473988,21.50703217697037,3.3182722311341237,0.017310422468390613,0.023429285305167677,0.7689995441264732,-0.6385852480267074,-2.987264196360095,-0.24888183493613353,1.4629876103378536,-0.00793190999705706,-0.016837794696197433,0.9199443482251662,0.3916069070409015,-7.478969355223199,26.677239967637238,-2.6090120797284877
-0.03015157231659927,0.021332234206863653,0.890189641753498,0.4540905418364923,13.841926731689966,21.407284576105667,3.30112621457463,0.019469662642397283,0.02763499475976429,0.7710150393956423,-0.6359190579994872,-2.9789932345137444,-0.2677877391735731,1.4590301604805898,-0.002180057118462998,-0.014464643704257273,0.9174477653744212,0.3975872473344058,-7.507380971677389,26.317671271699197,-2.6767211351575955
-0.10806106872967064,-0.026961933919506867,0.8835333201148808,0.45493376637824673,49.980803844793144,21.70764669547566,13.358385017230564,0.02024942604049674,0.029096140562665504,0.7736931962653474,-0.6325679516084408,-2.9584573730364765,-0.2884731582857031,1.463383006355923,-0.012576146733806295,-0.10531559477490937,0.913472218639392,0.3928345348929542,13.958519363645888,56.84484960349015,-1.307115327985104
-0.10668465504826122,-0.022145289393084303,0.8839391029620488,0.45473028576242713,49.74917995243105,21.734767789518173,12.818038934790792,0.01709563800551853,0.02862521926984459,0.7753908730946814,-0.6306007690325197,-2.943800565687562,-0.3123172210307716,1.4729299154038822,-0.017027315240945754,-0.09878189312997622,0.9126816751981985,0.3961872888959885,13.785105855955681,56.563927166980726,-1.3522765972867417
-0.11400844833634291,-0.016591497898341565,0.882394011683988,0.4561881235298292,49.408275547535226,21.605715870572112,12.548406752681554,0.015901924706657,0.031847277273521,0.7761182172023238,-0.6295819189331711,-2.925352420785682,-0.33123563026047875,1.4688404373556385,-0.023544577961574106,-0.0984331542300813,0.9129622501893299,0.395292925216432,13.508727580778743,56.20580474294765,-1.10319515869051
-0.049853392635595614,0.032490359594034283,0.8893785577176646,0.4532822485474346,12.291146015373386,20.986165981580143,3.2784904634680174,0.019729818160293622,0.03814649030170205,0.7747233444455698,-0.6308401692378942,-2.914422918679911,-0.35324656142690525,1.454720832322164,-0.013750715828603228,-0.018382513450991473,0.9147668202850759,0.4033294751427881,-8.039378513606051,24.811579237144336,-3.1080409955888832
-0.12380464424509331,-0.011840282229147242,0.8820328934121519,0.454477934248812,48.73852248272193,21.51370230104294,11.850332115483805,0.02832273579669226,0.04398686382921055,0.7730469383552705,-0.632187796107299,-2.902488142589863,-0.37762956140698867,1.4362815141588863,-0.017444772034088646,-0.10818260871248682,0.9140536354439429,0.3905101210372801,13.272274254948785,55.4820140682229,-0.2639887826776497
-0.12362223339749238,-0.011099113140243663,0.8815264758343179,0.45552763417870007,48.471067018530135,21.449521424131035,11.59736800199424,0.033664873761008435,0.048136572189499974,0.7735426559141478,-0.6310160902653645,-2.900163991395617,-0.39858216893766896,1.4246843447764936,-0.011653037791331379,-0.11037972841049824,0.9142045465506969,0.3897570645059475,12.989162577454984,55.23655511290095,-0.17644736989780085
-0.05364445853922646,0.03082847690376093,0.8879440848725467,0.4557709723311513,11.42084568526478,20.70084459842701,3.284477991121289,0.037065035240864096,0.04777420612286255,0.7747445583640082,-0.6293764197022967,-2.890835685125002,-0.4192383976725987,1.4230568299162598,0.0016672389113686792,-0.03329561834183719,0.9156626297092108,0.40056281738032057,-8.511602451998167,23.9258075416926,-3.0749594023505167
-0.11684119924422602,-0.0016797763577628883,0.878630942714966,0.4629826983963535,47.79698503605873,21.349074223955085,10.746327404870295,0.037298002536730275,0.04537175466883209,0.7721125162629898,-0.6327657742917796,-2.8943060115571577,-0.4497471783010878,1.4333121748544497,-0.015502778122043882,-0.10304229906198084,0.9186809629532575,0.38100818466510045,11.729557073907005,54.71010382426048,-0.8659593897328812
-0.11318960245068017,0.0019554539235383216,0.8767122349118738,0.4675039542643865,47.502960044339204,21.27056225136812,10.34701208598807,0.037335532804562525,0.048731342752462825,0.7709997525946475,-0.6338696204447205,-2.883596800149604,-0.46551329645916895,1.4392657030146903,-0.013077231199490787,-0.0959800756227746,0.9217555738848424,0.37547765994773413,11.04654497226025,54.47265281754441,-1.1462877833405825
-0.047981556915171024,0.034547139909664064,0.8795089324888713,0.47219519585902625,10.31446501651294,20.367676248894668,3.2893231480704372,0.03625556068039668,0.050037134552027004,0.7683716965968752,-0.6370139365464558,-2.8791920027107807,-0.48221857516151206,1.4453602364489406,0.004017843413994918,-0.023120455622775555,0.9267342566263099,0.3749838917358673,-9.783630453505893,22.476283796993528,-3.359782844290724
-0.10451714086621298,0.00253282241073255,0.8728292199492458,0.4766958200766806,46.958529266797456,21.09046770383793,9.807692523761528,0.03493044750772545,0.04983397508005336,0.7638607977077091,-0.6425053466625573,-2.8831172142453783,-0.49915011062175396,1.4480336400421185,-0.008939797655105872,-0.08494186228733122,0.9302236671420333,0.3569158011882824,9.691888746407052,54.075400470560986,-1.450370450455318
-0.09927887907558665,-0.001473264795730926,0.8685218854147035,0.48560402409373143,46.64751045493918,20.936114353649373,9.76390755384724,0.031104416692324655,0.049258013248195454,0.7615957821684418,-0.6454285614816796,-2.885500031993912,-0.5089633971575678,1.4472676401002804,-0.005069299401837342,-0.07965623991832411,0.9352472629710431,0.3448793162119488,8.52249418194965,53.92154974199436,-1.5525957078289887
-0.09477238355047847,-0.002575079718050417,0.8664248278859115,0.49022401196134324,46.38207476339112,20.83642252641539,9.516749872095925,0.02940506936469345,0.046864054356808536,0.7584617706729437,-0.6493649549618168,-2.891885808249032,-0.5203151971441817,1.4526718843144224,-0.004569513747208506,-0.07605679378343483,0.9388077892130349,0.3359083484768312,7.85715921894856,53.710278924712874,-1.5917842941548723
-0.08934751316362123,-0.004928395579756218,0.8635424344035072,0.49627330856389024,46.11696729759717,20.731316553149327,9.274306558108512,0.0281178588725804,0.045626152369741414,0.7575886157981246,-0.6505283463811827,-2.896130134075852,-0.525600719297173,1.4555604126402555,-0.0010351320639684837,-0.07253264255691427,0.9416678480930489,0.328632938296099,7.018075074423696,53.51146250857891,-1.5946929184921534
-0.08726218003065128,-0.007119573912639476,0.8600275334798301,0.5026800824184307,45.86765604460963,20.64625450771041,9.163020271701603,0.02748782640798951,0.04234995682411275,0.7514029959906744,-0.6579091412745369,-2.904983683009556,-0.5398718931241243,1.46349587467321,-0.0018212050068848015,-0.07260490403043719,0.9470351439230876,0.31280928262701957,6.137325390921254,53.35686503458671,-1.5110276435469379
-0.0849227886659797,-0.005720474204425851,0.8577645287412602,0.5069471465284658,45.57015875456473,20.548330564699654,8.823546625746106,0.02647231593247492,0.03740512507734331,0.7452040515958185,-0.6652600954456055,-2.919769426121128,-0.5552287527943847,1.4697236272002159,-0.006727967430805647,-0.07083500157894355,0.9514406931297619,0.2994958171032096,5.521949864235745,53.08422663534056,-1.511626856625674
-0.08827448254684163,-0.001626963597644722,0.8539064558958228,0.5128827675989654,45.241542136776616,20.49482738130655,8.687601461631608,0.02523489826250112,0.03798477038335171,0.7415599032840475,-0.6693349437837227,-2.9283047934027344,-0.563020186885594,1.464983781636716,-0.012500719727896983,-0.06861630870745225,0.9551947548797196,0.2876430330043134,4.703116165032933,52.831833492444936,-1.615973947277361
-0.0903861773457311,0.0039571718287489946,0.8501196531148779,0.5187593422038619,44.94492030514664,20.368697132638772,8.586530087461878,0.026586087058234596,0.03907801965641553,0.737857075995733,-0.6733000993299286,-2.9447639845656,-0.5797277066114359,1.460976597183263,-0.016764075870873987,-0.06635698367742725,0.9587932167983114,0.27573770851839496,3.994349879648341,52.56680755535202,-1.9513558451460153
-0.08644040555632626,0.006122953549371559,0.8483530717680462,0.5222907536505031,44.655922893879506,20.299850182511364,8.320452197496687,0.031026496028661227,0.0450860557993759,0.736370237532999,-0.6743615331498629,-2.9542039861213722,-0.5906041661719161,1.4552583710963356,-0.008347099251364475,-0.06229645077853028,0.9607832751990218,0.2700832765136095,3.4840622115928324,52.28138804493268,-2.187218621713394
-0.04075529359223644,0.032564444905370776,0.8512250995159547,0.5222014869054554,6.892531644409672,19.628500286444932,3.2921656448332346,0.035182112684248035,0.050013022990780684,0.733022521071919,-0.677450293438393,-2.964852550041218,-0.6058449604822197,1.4586068603673983,0.00946433492353971,-0.011644777699613727,0.9626321252937357,0.27039640690890676,-13.29695887731139,17.921836135343852,-3.457941974342377
-0.0709728356170817,0.003534761856043178,0.8455330940652797,0.5291730802898867,44.1302177603344,20.23059048252526,7.814665097427661,0.030945726075495703,0.05309964175780456,0.7302375963222292,-0.680423282229809,-2.973039340155937,-0.6121167148671433,1.4557795862441996,0.010400363817351663,-0.047488633146644345,0.965620499205082,0.2553697587210718,2.394619969258165,51.783663761913395,-2.507720146147403
-0.05798910750680989,-0.005020247383547392,0.8425596005756041,0.5354487650603466,43.706776513897154,20.097546359203307,7.578695341284191,0.027709895172854316,0.04963322083539794,0.7255483609743381,-0.68581942301634,-2.9831552042579266,-0.6085392568861305,1.4633517116544608,0.020528551881875787,-0.042288076476465056,0.9690767886490999,0.24224053097510664,1.473062717784554,51.36435592508417,-2.3711093871873263
-0.023584270424521433,0.016527449912072126,0.8441623920452133,0.5353134422415063,5.955697253930126,19.363467446017694,3.2568052997561328,0.02420222358104193,0.040283704992108746,0.7231541141608145,-0.6890860633172967,-2.989245329183995,-0.5937142229625326,1.4746656335653339,0.018758278918102566,-0.004532424955808654,0.9701647204877135,0.24167746940301957,-14.110449062439422,16.594930141772977,-2.6420901990046657
-0.05383254078197474,-0.006325272689127571,0.8412292020281722,0.5379549034383921,42.98597453159282,20.004247779871775,7.067093106695744,0.0187406989613647,0.034697681251345674,0.7207064686403605,-0.6921177957386737,-3.0063309027677505,-0.5785251799867857,1.4747373618090867,0.006570559089362149,-0.04027472962157546,0.9716866040732793,0.23272283379956574,0.9310437046698745,50.647125342861635,-2.054019665538874
-0.03437447936135829,0.02109224173508351,0.8441836770952684,0.5345347807515766,5.0016595170246205,19.28093073502032,3.1911367732100437,0.017831900880162264,0.02982063094950933,0.718538815755029,-0.6946184013788678,-3.015756112917832,-0.5718800515786153,1.473017798323259,-0.004326879184544142,-0.009161573685129812,0.9718706880222384,0.235297066380597,-14.332862889628167,15.7393869554296,-2.8645631391161683
-0.0646136444261671,0.003291349640856663,0.841432410887777,0.5364752947518588,42.422382339704285,19.959928958975752,6.776462990785365,0.021675204505444304,0.03182156726435661,0.7185849694962658,-0.6943725332849349,-3.02779167231971,-0.5673707639398969,1.4711199925590643,-0.008827144558905993,-0.045311705826861545,0.9718980861598275,0.23083119579654007,0.9810160528043357,50.1019731227372,-2.016162860277924
-0.06716143855223816,0.010341163755710597,0.8418385375533349,0.5354346628617109,41.95782786134987,19.993912759118757,6.513320187789874,0.028895196879239384,0.038238682881053636,0.71938122677989,-0.6929599709113743,-3.0394693380105107,-0.5641295798908973,1.469699340919426,-0.006317140700529583,-0.04499943952910605,0.9714090280382833,0.23302284098592965,0.9124639146656341,49.66851629524769,-2.2436287438463123
-0.04267024040061643,0.030282733308609828,0.8447978622229294,0.5325211532240589,4.250974283646016,19.21319575685243,3.164940868805637,0.03282654723132577,0.0463493117658157,0.7218802167103376,-0.6896833416996098,-3.050096058001382,-0.5515105707708737,1.466601981286052,0.0053471702092313615,-0.01296711365590948,0.9700313120215183,0.24257476256197816,-14.421281788058753,15.097012508828787,-3.3076342339214593
-0.055186009889100246,0.010989661514287796,0.8436517199793169,0.5339339912650831,41.264479699326984,19.909368368495052,6.159020062829081,0.033394546698285676,0.04777310016454293,0.7222125404136139,-0.6892108397441227,-3.054346280345307,-0.5275358945155308,1.46453971709747,0.012162674149350938,-0.03494751927050928,0.970071136166005,0.2399848558388013,0.8847965736922185,48.95001102335703,-2.6414188658381663
-0.03179740523210755,0.027966898169913285,0.8465919495653841,0.5305552266808244,3.141176817833866,19.0796545052317,3.101237444804795,0.030649331207723212,0.04645933723356365,0.7228318963041727,-0.6887787730219705,-3.057765064119977,-0.49710089966248827,1.460698542231238,0.013476519951650015,-0.0050194057774005756,0.9689512579654067,0.24683324059552902,-14.717970848516906,14.082228514801184,-3.072421632666911
-0.04398021538832168,0.010840073773057712,0.846250920658759,0.5308555479028115,40.42658399732531,19.871299532354442,5.586688290217459,0.025245280462171314,0.041633144626892216,0.7227412208919313,-0.689401540980656,-3.0665621576940136,-0.46960505608838354,1.461523571236171,0.010479087747464443,-0.02357580703293094,0.9691825709375957,0.24498880430239856,0.9096538277306275,48.10754977966389,-2.694314385440413
-0.043987140352661214,0.009995454115447892,0.8481722611494088,0.5277963980526206,40.03770920739349,19.82711698097728,5.3672844306958964,0.02094150635261931,0.037123433324987236,0.7236478113342144,-0.688852051721594,-3.080577062348442,-0.44400296512840914,1.4608083112849994,0.00500609763236046,-0.023114199170439807,0.9680461841248695,0.24965427732062562,1.1298937675411282,47.73118205878202,-2.4131037536386293
-0.04092769578460547,0.02470390033909702,0.852644292371719,0.5203002515007363,2.3664603668675284,19.00538619076997,3.0788332175824245,0.020280915664813038,0.03559274850625162,0.7264515380616979,-0.6859956294039788,-3.0933414844766465,-0.4218953128445323,1.456280556382966,-0.005122287442530005,-0.011558710876465723,0.9648409228622165,0.26253028767099745,-14.557411808493821,13.741224562747574,-3.020246507995084
-0.05478241148276191,0.018185168162379136,0.8517886978625985,0.5206958817242348,39.163143133596705,19.762689291362904,4.8959811516954375,0.02347248129882213,0.03467952644010718,0.7298521916121773,-0.6823211498015198,-3.09624487376894,-0.408364655696595,1.4474017681739113,-0.008890029814910229,-0.029511045916222736,0.963551153260492,0.2657428091015756,1.6253457463008578,46.88010564249263,-2.057653520500275
-0.06460980221073004,0.03004710448048135,0.8542129114327349,0.5150175209759762,38.68979437989604,19.730568524268165,4.789588960112857,0.03114585024316158,0.039327610338499894,0.7324490515156751,-0.6789710317911078,-3.108872348025605,-0.40184491502029823,1.4406524770658493,-0.01624134614049552,-0.03327305384923258,0.9606867083393591,0.27515481275670595,2.113668112131628,46.40670841213813,-2.3680811118578835
-0.060786846377089095,0.034605628044426,0.8556236293055524,0.5128504799541224,38.22277078395845,19.731425049199515,4.582659765987975,0.04087211007906033,0.04612406382565956,0.7352378175196705,-0.675001772621971,-3.1122726639962597,-0.3884694308566852,1.4322633639934885,-0.006048475334300257,-0.0326503228843079,0.9588326754947208,0.28202353228997773,2.1527286531011858,45.94798829581655,-2.732965264364454
-0.054639456472414936,0.032897473884437575,0.8569308828007247,0.5114701830124534,38.04478942978707,19.77407599771618,4.529176345792527,0.04270064061808497,0.055218948623734686,0.7385369505259751,-0.6705898118160518,-3.1234888920254527,-0.36769179570531396,1.4247574401036223,0.008222263986957239,-0.026641198642820784,0.9568106252330422,0.28937185134521554,2.1946136219765346,45.794078118169324,-2.870792038021923
-0.04195196518604417,0.02824004336799483,0.8584235985797799,0.510442413959639,37.616891623858834,19.71560941394864,4.296808601256156,0.04075543861699415,0.05789854214375733,0.7403581093751834,-0.6684733524405949,-3.139118087361558,-0.34321637484090334,1.4270478475706199,0.021553263443221705,-0.01761331982913596,0.9553233742791714,0.2942490073991788,2.1328490454094435,45.37105360591605,-2.926225560014311
-0.027181262636132218,0.021228900267869468,0.8621814823057188,0.5054241825675103,0.5502457767905327,18.783380398243708,3.046089552862856,0.033663838218040795,0.04888390851553275,0.7419637183618507,-0.6678075696780704,-3.1538508286742486,-0.30879149307359194,1.4402715605965506,0.025258391896959262,-0.010307918833212876,0.9528210987880131,0.30230400948798386,-14.701559194067892,12.538497435349598,-2.7313458114192737
-0.033420900203981835,0.020519907127414583,0.8642735000297008,0.5014910706956291,0.1159583941483362,18.759947927057055,3.0530847162408854,0.023509328775582122,0.037631512470719095,0.7421862023951026,-0.6687232773756447,-3.173086875655124,-0.28164273294345543,1.4510171006745514,0.00673471159183486,-0.01252901384071494,0.9518996490493354,0.306079606657657,-14.72722723737123,12.30039088569657,-2.7885078899987614
-0.041193661929886265,0.02025045856355029,0.8647973155174695,0.5000186038724465,36.519499100082484,19.526219008473163,3.9871728026346407,0.018127251323970913,0.029223098306500068,0.7436817995846564,-0.6676487057213045,-3.192264895106175,-0.25794667293848617,1.4528067585095201,-0.008226772672743864,-0.018179089651919618,0.9508064351541545,0.3091423034465955,2.874600095357212,44.30091686219574,-2.0064550892850317
-0.04843759417659906,0.02606750375796424,0.8664391391075335,0.4962433908283393,36.14675290285244,19.497231234870696,3.8973824370140484,0.022330966342358562,0.02878462006205314,0.7481236226883676,-0.6625585398783512,-3.207832611189419,-0.24607231904349902,1.4457933467971498,-0.01557274113441015,-0.024030306991369814,0.9472944244763413,0.31908197604298877,3.1284090763952905,43.94125945842792,-1.9926111334508507
-0.05292187650652998,0.03188692235175867,0.8677945830464778,0.4930669942362296,-1.0887523342318417,18.644840677733555,3.083398454049963,0.030891343155239132,0.03607564311339179,0.7500694344084761,-0.6596515113741266,-3.2227608489205206,-0.23974723097237535,1.4308013909507253,-0.012289652244504939,-0.027680456794768507,0.9451707103514183,0.3251693175149485,-14.808778211587368,11.492121643620676,-3.5417450336819742
-0.052347056366405256,0.03644491827790202,0.8694847484356019,0.4898242805939368,35.511878932852895,19.449743006935705,3.8001342682513,0.041682245058166055,0.04518962361684479,0.7554238761760332,-0.6523459631724995,-3.2283521232675416,-0.22215346498490737,1.4200041427374257,-0.0019710881154510525,-0.029876622390172972,0.9411144721628617,0.33675963613802407,3.5585854877580614,43.29751806238874,-2.472939841843907
-0.04476515094146463,0.03559761316405772,0.8711898962674363,0.48760337964348005,35.05057365208175,19.32346007660226,3.7348007690033356,0.04655618959873438,0.05433447395150989,0.7545753696572061,-0.6523007723873627,-3.248031260447647,-0.20884247042805332,1.4172236353705185,0.013975175469889809,-0.024623938614576558,0.9403009228273899,0.3391644595880449,3.66260055554265,42.81252498299091,-2.7089124305528327
-0.03855587447050493,0.03278371758884114,0.8722833727028098,0.4863747424682749,34.778737458521604,19.27045907313868,3.6991909145409707,0.046050089346596094,0.05492989282256714,0.7576619709275489,-0.6486990318752246,-3.254887050911629,-0.18168198683049677,1.4219078029467713,0.020461897995251697,-0.021397768754134457,0.9379845885574857,0.34541041943088646,3.6956258506344515,42.53046198764236,-2.762346140816074
-0.03153648915675081,0.028377339960063436,0.8735013406079508,0.4849696736751379,34.48015150136649,19.22734294091447,3.661030089267312,0.03857829520923872,0.053068731282557444,0.7621132351563031,-0.6441108923922977,-3.2664604069407406,-0.1502650195649111,1.4232764462007574,0.023125168622475704,-0.013717689302510811,0.9350018858289987,0.353622008750301,3.7178713347348564,42.23698128387083,-2.7424053233894696
-0.025486064705765955,0.02437236280762532,0.8749332699396024,0.48295778447994997,34.02544465469805,19.194186553874033,3.5794825939988595,0.036075150112688435,0.04412017549579385,0.7632912506362504,-0.6435359044845254,-3.2860813376737843,-0.12982167602300598,1.4324535981233932,0.02102057499948067,-0.014023966502571664,0.9336921108488007,0.35718413448659353,3.696718928256387,41.82651513064492,-2.6559180426172864
-0.03244178662585836,0.02215122019036187,0.877101895486799,0.47869522543896864,-3.2093428809276645,18.377289575880923,3.0077009657219342,0.02889107260988749,0.03816081982974501,0.7649698156413852,-0.642285169462099,-3.310212095843834,-0.11243525025909235,1.4302115354994687,0.009519052676267717,-0.017662599617944585,0.9314149156160277,0.36340566200717156,-15.322126143329399,10.070317618445166,-2.861769585220707
-0.03480730824557368,0.022442431099611183,0.8777827909701176,0.477265293579732,-3.3050136949343596,18.30414694396768,3.00725106037644,0.023579542584572344,0.03405490804124911,0.7667304731238516,-0.6406314463036287,-3.3382037308302994,-0.09798611785263375,1.4246198863843484,0.0016405575024276565,-0.016754987840930113,0.9299836452128851,0.3672151938442719,-15.241253214307374,10.018329693238826,-2.91231777992185
-0.04387643328727572,0.025083634659687208,0.879113848537638,0.4739245838565347,-3.808447791236972,18.263282684879186,2.9891197945649672,0.026480436133046417,0.02956627468810979,0.7670816330300612,-0.6403205370525028,-3.362650054489709,-0.09638286644533892,1.424224452434237,-0.008794325560860279,-0.02686237337314543,0.9284149836081723,0.37046820504130795,-15.34399218567727,9.712849856605839,-3.1539504877709654
-0.04168243821780488,0.029813838449097664,0.8803208038892605,0.47160257804736005,32.667726339416305,19.006197187041607,3.3432309504110957,0.030920927978416005,0.03237952107848975,0.769584414586857,-0.6369735407791173,-3.395070424334581,-0.0985403142275714,1.4155191915074787,-0.006408120293734838,-0.025037599131670366,0.9259505823574122,0.37675930467075663,4.276160476186732,40.580648759706804,-2.0390624964975563
-0.06212498858250116,0.03519445368210033,0.8819401489489335,0.4659221071118816,-4.478253273111264,18.1860631357049,2.967922632147431,0.03324812900426565,0.04227278482464672,0.7701776761927924,-0.6355579601225644,-3.41191138428216,-0.10389003277193484,1.39590145250645,-0.01381690909995666,-0.035106199017459566,0.9231632337692918,0.38255233841932523,-15.32258815020991,9.41615341787422,-3.8321103465701434
-0.06164257090913773,0.036185143261198614,0.8835487511815624,0.46285249609824936,-4.8510488952103685,18.14853454910417,2.957234627365068,0.049427980577495194,0.049585617916113656,0.7746123768429924,-0.6285489693520766,-3.4387237764664658,-0.09562442916533281,1.3902782921986103,-8.565926737430141e-05,-0.045726167353581364,0.9187300725846381,0.39222973371516295,-15.41389517114743,9.207171941382805,-3.86512247107595
-0.04084160777146656,0.0351449105981704,0.8854828391020486,0.46153758242364584,31.743002796723232,18.800492441352844,3.2433471101887434,0.04721760794818735,0.05273001299577788,0.7741152677345149,-0.629075190648492,-3.4525627799024785,-0.08634793862600063,1.3849600665134632,0.0155855681611887,-0.026980819622178263,0.9181316121300671,0.3950486909800519,4.895086524024494,39.61688307662564,-2.3312832124706118
-0.020779226225405747,0.028229808313153325,0.8869301127093169,0.46057168481086025,31.19538274939103,18.715506814899527,3.1425718324930685,0.04640132088232826,0.046675214323203436,0.7782762216262729,-0.6244633413094726,-3.4833972783568465,-0.05953830971871174,1.3991896485536681,0.027822334046896435,-0.018200943911547442,0.9145871075646166,0.4030199325659963,4.728872998282986,39.09872211090938,-2.6621747770666166
-0.018508498550275917,0.018172566776164308,0.8878026837616926,0.4594927507629652,-6.050125406142001,17.798954574601566,2.928310854605158,0.02998463442408224,0.03850320359145263,0.7809252672575363,-0.6227151451268829,-3.487642276857599,-0.028720956129161757,1.4058264075325064,0.022244030706810625,-0.012065917601453213,0.9129352105143514,0.4073191845880405,-15.936426416265094,8.17223110617751,-2.440337135449376
-0.014590116160629142,0.015260946692210463,0.8894799218056195,0.45648625469026566,-6.847978268707038,17.62830812108723,2.909562508354746,0.015276199938463197,0.02486432006006015,0.7781154869313425,-0.6274429793224169,-3.5128017506323967,-0.01562678600240172,1.4245276001054015,0.008060443839653037,-0.00401507426798603,0.9138928591218208,0.4058555783402195,-16.20482096205448,7.552020923321159,-2.237839952394011
-0.020492433408867416,0.01692682784115299,0.8907555425492261,0.4537048667251133,-7.038082752225577,17.6507827515004,2.904353964456856,0.028854533280478382,0.09073105439976108,0.8683223925730699,-0.48677665744451304,-3.5134564328471423,0.24554028038368866,1.377466173914003,0.06923744987698217,0.005908331367438502,0.8299088168067612,0.553554534749185,-16.047634510408844,7.360613954630206,-2.4477808982356395
-0.017563856868589533,0.02432800034240307,0.8921728494918885,0.45069642328374854,30.332027056390316,18.42550457521179,3.1091963880485345,0.00980276928408243,0.018253985131093598,0.7826870687089565,-0.6220704543835672,-3.5326501432927704,-0.0024791423423599357,1.4299311939216328,-0.00926338471491529,0.0008679677837094856,0.9083077244462929,0.4181991320492512,5.371554288697025,38.13626199321745,-2.449245400861398
-0.03736399023288473,0.030693085822243466,0.8949649400958173,0.4435083118904037,29.810399391584525,18.288927228667262,3.0827646509133366,0.016210240473088295,0.02395199314518477,0.7842136179663002,-0.6198165305349507,-3.5520012559517595,-0.01409500521304799,1.4148931472134343,-0.018603184174387492,-0.01416195684413844,0.9039118063262837,0.42707939180072096,5.81360731671392,37.593011011275976,-1.9492789145309157
-0.04810281543488559,0.03479661627968619,0.8965095316996231,0.4390284435141352,29.292607450601906,18.218373106446506,3.0486950565418454,0.0289138314158411,0.0330181198210832,0.7888711512082663,-0.6129894786272286,-3.5520344850787713,-0.024295229635944993,1.3931985611613082,-0.014641512955712498,-0.028042595426644553,0.8984821520897751,0.4378687717983912,5.925356031656902,37.0975312439322,-1.7232098111310181
-0.06257871986798019,0.03138178770139343,0.8974539397486464,0.4355175234706203,-8.759037603581547,17.27775605849365,2.90526149680289,0.03853105760639754,0.04388669477863463,0.7906813431720641,-0.6094360747287281,-3.5475756913553846,-0.04386605019639442,1.3630966375642763,-0.006783485531694779,-0.045821057592737,0.8952519333711666,0.44314601521430014,-16.4508142803297,6.6193835474600755,-3.8898163398327297
-0.05659564470133983,0.031846183201554065,0.8993091851617395,0.43246473046950407,-8.959906456197402,17.19269296762218,2.9021417200952015,0.04540719065284469,0.0503665889215438,0.7934219615081112,-0.6048826206414314,-3.566972079151905,-0.05393645662639435,1.3508440773823192,0.005430961483308272,-0.044694355003239775,0.8914000867033545,0.4509753925808629,-16.49344065541188,6.533325971102588,-3.7707504784174306
-0.04433455337646345,0.02965120059878774,0.9007771959156939,0.4309938479818701,-9.52915875205467,17.093131548222573,2.8991783396352595,0.050756702196353504,0.05096971699042382,0.793001109245198,-0.6049587472447624,-3.573555682808535,-0.05928308325947296,1.3514633183662168,0.017454174302154794,-0.04097244225898975,0.8904763603123396,0.4528448547788217,-16.829488963140147,6.086468656867568,-3.4341167604302627
-0.03318274311320906,0.02507666692706948,0.9011973633801701,0.43140859816644955,-10.239829014667166,16.906734867407295,2.8644719980978337,0.039420619219337996,0.051467413501545996,0.7979831277272224,-0.5991828168351495,-3.5579671895680782,-0.052786441678632445,1.3489790318345567,0.023495404827531777,-0.024776034603175272,0.8869351249069655,0.46063021857841496,-17.21551652921587,5.393570320408912,-3.01740770280531
-0.02968410301793378,0.02182010711426027,0.9014753814241584,0.43125963599635797,-10.467116514001617,16.805785874424373,2.856350217647197,0.0331579967856044,0.04104227556412672,0.7962916138175693,-0.6026074548406244,-3.5667036623551405,-0.05822910218983432,1.3699530108375755,0.016035276566264214,-0.022679484063719526,0.8885860309009027,0.4578682961243626,-17.30458099445582,5.180348578218345,-2.8170091454443664
-0.035079263278617503,0.0205986037313258,0.9020008259150635,0.42981350939761354,-10.998682244238836,16.705574682654515,2.8191619727715107,0.02527091502170838,0.043107732846485045,0.7933033014297488,-0.6067725901550455,-3.569967414757748,-0.060497299115602976,1.3716261558918494,0.012118915516823371,-0.019595927515304506,0.8903145865410328,0.45476265073528277,-17.524358269016354,4.776143383495876,-2.909923589417003
-0.03132917663565836,0.02791930837110829,0.9019290923410278,0.42984056032475615,27.087149269284538,17.490737827994963,3.0291393373551365,0.014328762349156296,0.03287701130222467,0.797923121988027,-0.6016913495258638,-3.5861759842554983,-0.06772235260199638,1.3735092204465424,-0.005316140069041792,-0.0069911227587912145,0.887092713427665,0.46150772544008434,5.8282184721776735,34.84087107186843,-2.0097486163919784
-0.05519475904340485,0.03009140387417291,0.9009347402842883,0.42937703680553757,-11.756440528253464,16.539054959922396,2.762730371819977,0.017880772442667097,0.029453522058809176,0.798625764325386,-0.6008407913672955,-3.597243134914836,-0.08081900545651119,1.3715743988996953,-0.022981738787864477,-0.02946255676230247,0.8863936441234623,0.4614218298789549,-17.729923858895035,4.112328813491668,-3.669683822490179
-0.06352527871070995,0.0365141496253718,0.8988672171055193,0.43205205919523376,-12.230117216287127,16.381327728032375,2.733493477107171,0.025087156905298707,0.03295162545432183,0.7956869226882888,-0.6042906138615493,-3.6259256740373806,-0.12268166018825746,1.3546525026258338,-0.026983467346294848,-0.03679428091967782,0.8899644932187827,0.45374141776061244,-17.863850335957693,3.560684615949766,-4.0644823354701005
-0.0636449982342315,0.03775469027587925,0.8982088218925378,0.4332952917311202,-12.37100570431393,16.372429362251296,2.725506413822199,0.03178792516823481,0.04363550558829724,0.7980541162805529,-0.6001625596063271,-3.6470576323586608,-0.1477414805829266,1.3350043685802246,-0.0153602766535123,-0.037778336960433305,0.8888417216843691,0.45639593879744167,-17.95261225437793,3.4198394478933283,-4.118886010927749
-0.044176467904752,0.03871749179504075,0.897650126093378,0.43677642637521547,25.646409877023018,17.047443044085867,3.0292785792220336,0.04262329684837535,0.05084406433831046,0.7986993196998057,-0.5980614787782311,-3.6520334630443165,-0.1623394075145829,1.3236197941426087,0.006913153962650687,-0.028181593531120448,0.8895993747660612,0.45581899752442123,4.762219861422139,33.613549813556915,-2.2215303276513714
-0.05284105890538653,0.030911182629967563,0.8961384783766578,0.4395317381656786,-13.03233593682073,16.14446025401412,2.7023569244711467,-0.017667586133630998,0.293953533430677,0.9046840799010465,-0.3079381304051635,-2.906099716100581,0.3813388156578137,0.8795361509773731,0.21142097561530296,0.10674877827397718,0.6885792637390103,0.6853936583858428,-18.30109033019236,1.6160357397460392,-4.098518545093645
-0.048547061609644886,0.028126646758319662,0.8938977154639185,0.44474593740650364,-13.475907766772423,15.945189513230844,2.6913706369315946,0.0025892384570679176,0.29480502734207686,0.900116443061647,-0.32073927203898595,-3.100651934988867,0.3455850899794588,0.9046208446186221,0.22378888729745877,0.09412213568483058,0.7014159782003335,0.670130720845986,-18.383017824488995,1.1132082974618338,-3.8744663514083406
-0.03322245125382442,0.03194660563169463,0.8913000774620096,0.45106524476788945,24.84477855961603,16.697682819836928,3.0284596912924115,0.0315029899946228,0.05061043541379046,0.7922486897416467,-0.6072793089273413,-3.722380485576233,-0.20885387903425592,1.3147662085453506,0.01383402520584443,-0.012169939870019643,0.9013117605644175,0.43277895348368584,3.4723013267356357,32.976799671700974,-2.3074035895894784
-0.03448709232479894,0.032560048282726094,0.8885041672512474,0.4564108111076847,24.39776317159138,16.523420187246302,3.0350437377401143,0.031786670022115195,0.042373197421378336,0.7899369565762415,-0.6108958375895673,-3.7199457359668022,-0.22891037044900736,1.3191813564780661,0.005368135737641478,-0.016254834157955155,0.9058155684119052,0.42332625657737855,2.9432458215115513,32.56006103837885,-2.3173360237778113
-0.03589285739238848,0.03278784321610871,0.8871121463498041,0.45898660102892913,24.10482402793589,16.503005307875128,3.0446065447520176,0.02512828038484098,0.045767407431809994,0.7924179699468021,-0.6077398085095798,-3.7581372023035273,-0.2442090189399609,1.31257632861857,0.004339172604484296,-0.009800643604109852,0.905309221714997,0.42461786590279066,2.615297099947697,32.366938514469766,-2.3141385384724833
-0.037440314426287376,0.03316222202815481,0.8846545291813226,0.46355674289647486,23.737508780560205,16.34223606355772,3.0577399709224906,0.023546059923270194,0.04214137029880972,0.7857870078414514,-0.616610465593155,-3.7825737046150287,-0.2767032749185207,1.3175825280613191,-0.0009490439843991748,-0.010267151679376687,0.9121027329143443,0.4098320259839299,2.1952334342730873,32.037996513489084,-2.3065043298155716
-0.04816570934128173,0.029546273024990393,0.8821153838303439,0.4676318336082657,-15.024534714399039,15.412050946516047,2.6697385298690044,0.02727904685336627,0.04359214970313027,0.7832391516527032,-0.6195901947298597,-3.811904258783319,-0.2969905349546182,1.3182090102540232,-0.0017749424821671372,-0.023096878255103086,0.9157232440611376,0.4011412769588793,-19.019877438081494,-0.4808961180758291,-3.512363763498352
-0.03127359742988152,0.03205512706228684,0.8804167798644873,0.47208126913261567,23.139374812150237,16.153102004116136,3.0868560058252363,0.03186131758988742,0.04148757883202561,0.7809608898903857,-0.6223855121270978,-3.8309799076126705,-0.31221233688511557,1.3191534898872384,0.007069457295171031,-0.01293853957241969,0.9189544408860882,0.39408800101376,1.3932881734772926,31.518311387687422,-2.5072250750769007
-0.03849430481312996,0.02593634152796075,0.8783053482865646,0.4758415806298513,-15.673988115512657,15.27051372877986,2.68562676997983,0.029734890223644086,0.0445177805615896,0.7771397343580964,-0.627046917542129,-3.864354232544218,-0.330615887417354,1.3178368435031211,0.008955405183705169,-0.01858505285492851,0.9230189561537544,0.38420099311325157,-19.309725266588018,-1.3919279032984844,-3.151284480180179
-0.02222500247564692,0.0263908572580127,0.8727581382745926,0.48693203221149023,22.267305717847265,15.858290568110988,3.1331470970015154,0.026050262271553284,0.0460281068780899,0.7726215024853748,-0.6326601070954645,-3.881926239669644,-0.34204522839971285,1.3174382135357912,0.01840509578175289,-0.000798091006969778,0.9300838791071976,0.36688498650792034,0.08995579831056233,30.707293802384108,-2.5659356822881123
-0.02516725906184727,0.02655884560345246,0.8710035936595092,0.4899122131808377,22.10980874420197,15.828716182344351,3.140555537771615,0.022410852216486258,0.03758734802877878,0.7625259180563624,-0.6454759246194981,-3.9101112299366223,-0.3659440301763673,1.3276667164256304,0.007221397478470382,-0.0031530238555367157,0.9373237869761674,0.3483705329497326,-0.17604292370210928,30.599734389775804,-2.493007200616567
-0.0402120417212644,0.022750339325301717,0.8684664704784093,0.4935903194107083,-16.87896153693748,14.795550118471283,2.705216978567112,0.02161701249910117,0.03731229701209195,0.7621402648414269,-0.6459742363049278,-3.9265340407651537,-0.3678585878015107,1.3268547591965985,-0.00024046558410322795,-0.016307745003155582,0.9391842197962886,0.3430262393970051,-19.444425061048097,-3.3688497049340462,-3.187382900705391
-0.04035710368800267,0.02291284890915758,0.8682695074617773,0.4939173695557429,-17.07638545500636,14.776623158868233,2.7141527727264787,0.021736663149493726,0.03601590635952073,0.7629556706795132,-0.6450806279390213,-3.9508657423095617,-0.3783726196112993,1.3253132874826647,-0.0015074450342338727,-0.017094446224184483,0.938892443589313,0.3437826157452494,-19.520456800603476,-3.5371862059204404,-3.2128056166405066
-0.03623933838608725,0.0292258935961887,0.8644411245606856,0.5005737704525681,20.9125368354038,15.480154609555939,3.1952221118400566,-0.0752332972527507,-0.04935772724485889,-0.15490947737571684,0.9838225549177471,-3.4186945750890994,-0.7682542839329161,1.4953870026806484,0.04014621813234063,-0.017188296115921622,0.9319877486300575,-0.3598495241761183,-1.7974851153377456,29.162165792658282,-2.2904555138540794
-0.045622312157147044,0.026593295276703198,0.8644577019214272,0.49992427713453436,-18.251248301270707,14.488615425296302,2.7133746624177597,-0.14427167390749895,-0.023136591020894513,-0.13496301378087325,0.9800180443109423,-2.666248126197041,-0.5912240610001808,1.4701826453968267,0.043825716179315,-0.0932456316524783,0.9195476375329638,-0.3792317247892714,-20.596186127100125,-5.987925907528442,-3.432371792870881
-0.038935886707298084,0.03136646274498478,0.8626780070132505,0.5032760653526351,20.289161478951897,15.319876114088629,3.220292925735933,-0.10264815900878041,-0.009461584114960953,-0.08899018489295414,0.9906838955342221,-2.4400170147101994,-0.653288356787332,1.4167096163832804,0.018458198870734074,-0.05618118266761638,0.9030159435100773,-0.4255175382697181,-2.506602536157244,27.61518166081854,-2.4757092983431797
0.018933639273338295,0.009356151493031794,-0.4992984576805746,0.8661726328457312,-75.37998429643591,-24.810687885345487,2.4548906045482717,0.013472748158013671,0.03691342325107591,0.7448742085065329,-0.6660467684350131,-3.108129290173404,-0.4618308594753855,1.272977879859472,0.001119556238596345,-0.05903513341554661,-0.3120606777308649,0.9482255707533892,15.214014444563032,74.70106244807089,-2.4020440902101425
0.018637753556353588,0.009155190013741965,-0.5013874855166983,0.8649736446883382,-75.36360008805889,-24.72274700578396,2.4278314724053764,0.015159384949038833,0.039701211342946977,0.7433136700615923,-0.6675917875209638,-3.1422569281633677,-0.481910100875593,1.2597280709727008,0.0011559887537680238,-0.061906854039473866,-0.30762341229990775,0.9494914645840148,14.920608971067974,74.67683433122745,-2.3771599494121753
-0.02710593872583399,0.01930962257246305,0.7847368830231295,-0.6189349165987033,-92.52965396062882,46.30764452070764,-2.679017895980701,0.018649159103883452,0.04075434744435529,0.7436442116624535,-0.6670716441957573,-3.1709892217602595,-0.5015055524037948,1.2480044228271232,-0.01200226832018337,-0.047135244379621695,0.06467314776311144,0.9967204213072263,24.682067082456946,97.87133685115467,-1.8670796120986788
0.0136428770997055,0.00046640245861742744,-0.5081203709090665,0.8611778811839175,-75.77301489059695,-24.2432816719288,2.2974648083928777,0.017326700595738397,0.04426381982465651,0.7419913594375462,-0.6687221562211155,-3.2235845708423723,-0.521322378513681,1.2332807744206697,-0.0012072503566497265,-0.05735786268668464,-0.2985993920849429,0.9526526235628043,14.34216429160293,74.9328330858492,-2.580025049968473
0.008780931122082704,-0.008252340169031383,-0.511533365335613,0.8591789163374448,-75.99137215350842,-23.974998569926356,2.2948900299638044,0.01312859173725692,0.03962192240774467,0.740561242232249,-0.6706912775988214,-3.2695585358958237,-0.532224954647242,1.2276343250388848,-0.0030125311112308376,-0.041726077759546405,-0.2927373802747056,0.9552772818826012,14.03912051430937,75.05741604833608,-2.9072730665322064
0.008427109617642075,-0.012871762285044809,-0.5129147002574215,0.8583017020949038,-75.84921324357225,-23.86478345516025,2.295972483499421,0.00928345233528592,0.02930245818096511,0.7387508592429343,-0.6732773213358055,-3.3165986545049675,-0.5380604447994639,1.2342290712308586,-0.00812114862401437,-0.027471237743015593,-0.28837085503040705,0.9570901880235348,13.786755282991615,74.8675100502673,-3.320361763692798
0.01014444179278482,-0.013344164806595425,-0.5140277646754094,0.85760974849236,-75.91350297895619,-23.861591978667093,2.3077611956758677,-0.0013753853624586727,0.026753928546714423,0.7374480480610016,-0.6748723672172693,-3.3778396124615258,-0.5437935830360634,1.23605123513879,-0.001755025754491096,-0.0207128343758916,-0.2852864503599611,0.9582168541711898,13.600146753427616,74.89029225320031,-3.5736366339797034
0.01576750414165635,-0.007863551816190483,-0.5182266233967471,0.855061820670753,-76.26378691041919,-23.376030153438478,2.3853531945809863,-0.004498366762596132,0.025998312228218884,0.7370714419682984,-0.6752995941747091,-3.4401254854448333,-0.5530855881449562,1.2467783132882588,0.0008756106099539573,-0.026210514433733727,-0.2799088653078688,0.9596683121585501,13.471001679848978,75.033580434257,-3.736674415501034
-0.02767613601637958,0.02917431209150974,0.8012684916897134,-0.5969520041297136,-90.90794330722258,49.0706193830365,-3.2463821045201016,-0.00011589594519716313,0.026178123822000972,0.738229520803598,-0.6740414430992948,-3.4882494917261373,-0.5697002221347828,1.2595288574684855,-0.019147310988105477,-0.01630086491617487,0.10012170662817976,0.9946573812860235,22.543602154394957,98.0243461685085,-3.1114290987973323
-0.03292393513576316,0.021339229651971516,0.8021371192916783,-0.5958495562031446,-90.81701986239,48.946201264092224,-3.236223648633482,0.001354392532386096,0.03422588322636509,0.7346122667292257,-0.6776219979525404,-3.5373426409542215,-0.6003520794401362,1.2459502105856552,-0.011339205384983208,-0.031206281043600573,0.10698311674692368,0.9937062962343447,22.19322823011079,97.95757855089553,-2.1133650364115724
-0.035597849770243994,0.01600146479509774,0.804962485354617,-0.5920406602488246,-90.64177255059394,49.08660211389781,-3.2806781387593453,0.006364603281764754,0.04293630539814643,0.7360768345214916,-0.6755048920508596,-3.6079228968700447,-0.6393641477093108,1.2213100032476834,-0.005030818044295035,-0.04593699029813397,0.10959896479509412,0.9929010780072696,21.479372415252723,98.00351262274677,-1.3336707533248142
-0.03859594985134784,0.015706234720912954,0.8126476151345999,-0.5812637271170557,-89.97086341497902,50.44016210554071,-3.6087909538624796,-0.0904064386292333,0.22788528295851415,0.9141192305146528,-0.32292569744229965,-2.786852159362412,0.08584851404833188,0.8501040047389861,0.21091941997195954,-0.0892022253603847,-0.2615440488586252,0.937630349218755,19.422772417429755,98.87641283258355,-1.6435805799889647
0.018736367339592445,0.0027027054297104696,-0.5401822927062453,0.841335090536999,-77.15712051432595,-21.818392519124245,2.714064374897063,-0.09055308144917652,0.27013587904349584,0.8916987982538167,-0.3517101071708854,-2.8799397193524854,0.056788734881924485,0.7576609393840538,0.21792833288208546,-0.1960173881602113,-0.5549238137348075,0.7785524941942583,11.095690365594784,76.55929961723228,-3.8742681343692973
-0.03127308588193861,0.03707367520736547,0.8213819570950793,-0.5683126052312204,-89.4206984153484,51.05419762369468,-3.8014312775908863,-0.505865148249461,0.31367996809510423,0.7052112735081206,-0.38520434722295105,-2.7676335936736285,0.035785985138856696,0.4865596959357857,0.5069493040533953,0.22946703375443817,-0.09332509510555094,0.82561353559838,17.20037321841662,99.03463265381879,-5.129086855365839
-0.07992282299662884,0.033675355116648306,0.963528261823676,0.25316319141822885,11.533251229271514,48.384918761086965,0.8197851010963433,0.022030349243448048,0.034137437159961,0.7490254416016755,-0.6612943270055902,-3.216328714078451,-0.3308734718080678,1.4026039538065576,-0.03960654817090164,-0.050179428066217335,0.8302716848846933,0.5536806621326648,-10.933445207016065,49.6501140598646,-2.5385328334603567
-0.07638021305401217,0.032181392780476506,0.9629981458843294,0.25644686006242373,11.598523676622165,48.12156500188212,0.8261317061596003,0.02535267405661698,0.03441750737927861,0.7521995188151449,-0.6575473830821933,-3.2265117516470108,-0.33447066987641877,1.4093245901358133,-0.034784827928990666,-0.051880685310624286,0.8295608163881237,0.5549119408979413,-11.088281083922949,49.3907466241356,-2.3902621041315357
-0.07402827121883354,0.030859442553843566,0.9611861550476566,0.2639861458681483,11.98643911556826,47.95750026554924,0.8524507739625591,0.02413076261097247,0.03550151241343424,0.7523994563841159,-0.6573069351110321,-3.2327643952220844,-0.3378222150965748,1.410356400294199,-0.03138417463467309,-0.049236952915700016,0.8337901357618593,0.5489852143330435,-11.445537710430933,49.27632665062585,-2.2840503585177014
-0.07203476862181407,0.02985607919197646,0.9612500740670985,0.2644199344808969,11.927907038631304,47.85997849666569,0.853058324302225,0.023805633973140585,0.033360997924208914,0.7523569771104744,-0.657479516488405,-3.2422102219780577,-0.3363200449636327,1.4147497305997823,-0.0314608684320186,-0.04862795479033925,0.8340543111754573,0.5486337045607439,-11.488451519263892,49.1585911522124,-2.186217205484157
-0.04248901054344418,0.04105565019535906,0.9802306892631095,-0.18883038261054447,-16.139733130095465,42.30339808100467,-1.029930235717714,0.02021083533815914,0.02924956789769682,0.7521840203669107,-0.6579933011949306,-3.2514049088338863,-0.3308517644203504,1.4183872214515896,-0.033983984003485596,-0.03027970011865343,0.5050225849859903,0.8619051091889661,3.8430598252064967,44.41268487544893,-1.5896024427903959
-0.04032971458284517,0.04039747180028171,0.9810277702558186,-0.18527296721515696,-15.968596872724902,42.248734816042656,-1.03129171466027,0.018362840519764233,0.025161673698500524,0.7528576375582176,-0.657445871410716,-3.260566894364731,-0.3213310601484006,1.425058959852564,-0.03564598683579989,-0.026479617030600235,0.5072450643437015,0.8606570967600098,3.661748524966375,44.318159858234985,-1.4934851154811684
-0.06017108504761059,0.02238755234108367,0.9595486762359714,0.27412511004678736,11.902973772252665,47.21721294709778,0.8742908765586463,0.01623486736377462,0.018598784426426523,0.7507413372125531,-0.6601348035816984,-3.2735524954624955,-0.3192335873681914,1.4355501155515369,-0.03423146461199777,-0.040873870042963056,0.8407110965765369,0.5388528423153258,-12.165494991711672,48.37502748270058,-1.4876687355551061
-0.05942773878530246,0.02302711709923353,0.9595244381443472,0.27431906303561715,11.943548718551199,47.164972007908545,0.8787701449576986,0.014390842083572464,0.01733437366982369,0.7500689389580789,-0.6609758013451794,-3.290748018381738,-0.31413136811333336,1.4309935774398754,-0.03597178508285196,-0.038407749319283105,0.8413421651961148,0.5379351601571453,-12.100612235183043,48.35096612988629,-1.553468061985775
-0.05865551971774059,0.02684476894875339,0.9587881374956841,0.2767023595567752,12.023765692971665,46.740959527524865,0.9181115576383689,0.015694932587220774,0.016676100941039978,0.7524250177246822,-0.6582797045713157,-3.3002094344404824,-0.30558361638398124,1.4249173922083436,-0.038478741301433764,-0.03689631259522981,0.8407480218976411,0.5387957054950753,-12.007174372972797,47.96333880807755,-1.9504311343304468
-0.06376946134106967,0.027563924708542666,0.9580129715543947,0.2781812937428579,11.993678913984013,46.59267957574548,0.9272901562528091,0.011674728821073404,0.020430695512368535,0.7538238128998105,-0.6566551199016322,-3.3131729767797635,-0.30220089325929167,1.4196302616242,-0.039832323618989064,-0.03547205055051574,0.840408462023877,0.5393224792121271,-12.084617151901694,47.78665357606437,-2.017348775140153
-0.0523317880749725,0.039506367557400494,0.9822835096508259,-0.17555551129871064,-15.063021867829207,41.77364190622353,-0.8582145662613812,0.00741729321357287,0.020294027368402988,0.7564206341509281,-0.6537285066793876,-3.3335129799486474,-0.3056521438185883,1.4238549515553585,-0.04546187154505893,-0.024607018815203868,0.5107079737659687,0.8581987406146129,3.5415183494843143,43.570143974446985,-1.598877609811025
-0.053936466255627584,0.038447355608452666,0.9829177539695586,-0.17171297966668417,-14.895774853706257,41.86552719876232,-0.8276513488527684,0.010227729373309053,0.021643552519703606,0.7557353411308091,-0.6544394886863819,-3.351264778378483,-0.3206711833705676,1.4247871140814545,-0.04483658065954081,-0.02936972165689991,0.5150512309520292,0.855481928493733,3.409676336369715,43.634772723822365,-1.5508844144197997
-0.07569681568961698,0.027355889288782815,0.95728941340524,0.27770240617957104,11.79398154975894,46.19132124922908,0.9396146925627562,-0.070242205601514,0.16827237111181517,0.8685529614299169,-0.4608320679639858,-3.430223493097526,-0.025902414093059378,1.1992329430114308,0.0829353711561817,0.060831539741768616,0.6931650519649187,0.7134027324858684,-11.721484462126785,47.179820172638685,-2.132358893348581
-0.05832482347859276,0.03649488552321459,0.9833298050379442,-0.1683117132610712,-14.5795617458474,41.58593950636123,-0.7573847169436334,0.01804186346615243,0.02844120602635254,0.7550640616192388,-0.654785347891577,-3.3764889891366945,-0.34822057217772306,1.401892128221669,-0.040815787697105935,-0.042670751993589426,0.5191010867137579,0.852670710281268,3.3459572616908697,43.30459522531272,-1.4702719318247275
-0.059042893526454907,0.036426215285483295,0.9842100504820728,-0.16284239034746162,-14.31396948091026,41.61773833356614,-0.7220788910313587,0.017871140963264958,0.03083656498993934,0.7578297739143482,-0.6514781365089852,-3.384790932709316,-0.3599682163857656,1.3836814100887473,-0.03863054687031904,-0.0436240363008343,0.520256175812334,0.8520200325311897,3.1430923149381234,43.28774115269076,-1.517054374610395
-0.07620938282905916,0.02934154923400423,0.9555094370717105,0.28343062488775866,11.671691223412466,45.710861874412785,0.9802597782609297,0.02005841516895472,0.032445634096828165,0.7559124310321066,-0.6535605078491932,-3.4058082826111837,-0.3747358941059765,1.371242931181843,-0.03529980603946793,-0.04840106066300767,0.8417931723613914,0.5364657640390641,-12.339278540844754,46.840922394012836,-2.2441869866899253
-0.05981115983025333,0.03953579264536739,0.9853312580560775,-0.15486077023342693,-13.928723963340644,41.520435223750326,-0.6988103249077966,0.02023360767680106,0.0314213241721311,0.7558254297815767,-0.6537057604175949,-3.4156913127615196,-0.3824903007435243,1.3610627507467483,-0.04115403637935079,-0.04416475675972945,0.5297483086525028,0.8460038705761656,2.8348989534543643,43.11938694420327,-1.8176681740633094
-0.05899661265896548,0.04163189712091395,0.9861409253275716,-0.14937288987953096,-13.739678040466174,41.461258671585995,-0.7052129054036271,0.01728794420685695,0.03280436082990002,0.7559750656665144,-0.6535493102942972,-3.4275951719469013,-0.3856692804944794,1.3550738358586996,-0.04026249911544835,-0.03933990195432132,0.5342246174493975,0.8434662775655277,2.539663650603453,43.027291611107636,-1.9878377007579027
-0.057447302917860765,0.04151571039177846,0.9876637025555476,-0.1396304545305079,-13.413867870189165,41.38260605830965,-0.7224724247847831,0.015706388360910536,0.03712278191369873,0.7549513283988598,-0.6545408315578495,-3.4474932499108473,-0.3873812401341887,1.3565378014337321,-0.03447221204412858,-0.036892290642580094,0.5438366896057115,0.8376707470877977,1.9962776061644094,42.90244288063691,-1.9437119378714272
-0.07238211268391488,0.02794960839250083,0.9509030132616699,0.29960492072727285,11.441398355895643,45.04177888631034,1.0230622060768582,0.01449096102488287,0.037047249420484714,0.7570122833635247,-0.65218855877399,-3.465381253703654,-0.39029044510909605,1.3705072808241314,-0.02879507828454476,-0.03924569385955454,0.8500592457677325,0.5244329296152778,-13.682159606149488,45.76229436670887,-2.239786362707746
-0.07257674039655042,0.02480501921988751,0.9461589035670935,0.3144847483990731,11.708233831920808,44.75841668783414,1.0803640402152581,0.017517154937373942,0.03251702258517982,0.7490986504682808,-0.6614280039367062,-3.486218524946756,-0.41356954559894266,1.3798193974817998,-0.03031054645557257,-0.04430830837899422,0.8641905884834602,0.5002925857523447,-14.73633454849382,45.27871086137954,-2.0367088687491472
-0.05622933579488881,0.037309690035948036,0.9917031267287002,-0.1094127838143539,-12.878156706171126,41.01303573384598,-0.735081163007905,0.015059631564899601,0.035546571954179464,0.7485402230413137,-0.6619646389413077,-3.51359659204024,-0.42459690682787,1.3682953323236142,-0.03154570532977163,-0.03621615716656973,0.5771331629384735,0.8152365121067426,-0.13229744159475354,42.50459899921056,-1.5931537838452936
-0.07056438908560755,0.023858154492587214,0.9413204242834341,0.32919191102461537,11.562839807612704,44.46793135196981,1.0833493390621243,0.016839801949590533,0.034037683788847216,0.7480073689736714,-0.6626030735769907,-3.5283159298867215,-0.43449954433043014,1.356207741373876,-0.02701836293296898,-0.04162091586923216,0.8727633965629248,0.4856148278693468,-16.047540666894434,44.52253934407926,-2.0653480330143568
-0.06970203962993776,0.02519752316144713,0.9381816402652557,0.33811524716751423,11.667154514915524,44.287966295943534,1.0963359116879445,0.01640133461817621,0.032215040827093755,0.7408752097078088,-0.6706691516744018,-3.549199655279149,-0.45277438175871476,1.3512450816223722,-0.029646126892263626,-0.03923634626776381,0.8823694165051678,0.4679805862513675,-16.67588451950602,44.161385706035,-2.2412445921907795
-0.06920482247224058,0.026243747236903675,0.9342230895717044,0.34892574738567267,11.684200434560438,44.009325843879424,1.1001435156092612,0.0140877559282468,0.03308213028915912,0.7378653311928961,-0.6739895109065386,-3.5662139854333006,-0.4636446779725266,1.3540098730278383,-0.030186004962537472,-0.034993728721233616,0.8897759338338674,0.45405179398902884,-17.479154598087298,43.58069075186027,-2.384794178410267
-0.0576061180433365,0.042132839517438556,0.994504723401613,-0.07659447845671509,-12.388801827546104,40.695791071830286,-0.71095348268733,0.012719865711910375,0.032623920043791374,0.7343481637712618,-0.6778692051000866,-3.5751144949420377,-0.48152936720777584,1.364161051902581,-0.03851921568185466,-0.028891171247315984,0.6203123731606291,0.7828755520202694,-2.403017373064936,42.040143937101675,-2.1001686885378525
-0.07252924213228629,0.02771341069986294,0.9282241743467959,0.3638287482611922,11.812672914005816,43.74068175855086,1.0834648787569847,0.013877757702342428,0.03245175725953155,0.7318251141023547,-0.6805779115288706,-3.5806431343809297,-0.5011758844111063,1.3779461051704975,-0.03447153728090909,-0.035292373686193396,0.9007261865762092,0.43157675828636183,-18.593885321976202,42.91977710356794,-2.557934297746437
-0.07622187352190299,0.02720811278331381,0.9227057829629528,0.37691376027190343,11.912004431870656,43.427147718034576,1.0689714297124624,0.011307777677257061,0.03463090609903711,0.725427187410817,-0.6873341474654033,-3.608591594489091,-0.5346554651870902,1.3829519766112015,-0.035911206855066435,-0.03397324113996877,0.9105779775397216,0.4103705044570436,-19.51596187008892,42.26355792300888,-2.5586183559317623
-0.06234961442914006,0.039132869464109134,0.9962661728434856,-0.04510938877702422,-11.819296868003903,40.359795168170194,-0.6769490016170181,0.015575322844089863,0.03961962853766668,0.7217596626671843,-0.6908333255564559,-3.607240997956025,-0.5500959624293522,1.3708285999448386,-0.03254861574765998,-0.03527153083493796,0.6587755117369086,0.7508071202787341,-4.485266874886614,41.48733545876077,-1.9833871606547664
-0.07063694954564012,0.02169251552634155,0.9158856777776626,0.39457987958178714,11.849335003832437,43.08179878786859,1.0481599458897932,-0.31315433555569844,0.24287199485750025,-0.36440059516472706,0.8427097735758142,-3.4181879841946134,-0.7858362017188602,1.5933903034481323,-0.16630979493530412,-0.39010562496166434,0.9052483235403597,-0.026155806414916348,-21.291035382445855,41.23968039190404,-1.935072977812535
-0.062497715847115276,0.01787802673346161,0.9139737466226222,0.40053264805583283,11.770215688419654,42.939617162652894,1.0449286719806992,0.015919772373527572,0.036839575052634285,0.7105763448368657,-0.7024746719389932,-3.6309856636821367,-0.5707957898737677,1.3585218762313753,-0.01655997230574111,-0.03164533897532033,0.929239436272576,0.36774775310556984,-21.45997984002437,40.82715630995698,-1.7504148060445737
-0.05224272807923469,0.011420077094779687,0.910744233210362,0.40949385938748617,11.713940193418296,42.66304460485503,1.0488830551528707,0.013644688974001964,0.032332985086773375,0.7078765806541275,-0.7054637815647248,-3.634696390488399,-0.5607187466953725,1.370487796769669,-0.00990486157633228,-0.028111615892048504,0.934213170528819,0.3554678364909875,-22.104761491862696,40.17612963507392,-1.1117192986989195
-0.048365911981411894,0.00712746447953552,0.9073442929621598,0.4175359527481408,11.767811444350002,42.454822528085515,1.0683862959149764,-0.36716680722334955,0.1289233925486006,0.7597480550329827,-0.5209128405028726,-3.2776604204300015,-0.3176600971258853,0.7789789259108815,-0.06693694008259413,0.35394373884839025,0.7934879500475343,0.4905304770468024,-22.62286140408358,39.2727851908013,-1.3378099388612823
-0.03352345708364668,0.03454383344135699,0.9988405247665499,-0.0007123765997254936,-11.063443929184132,39.705434119794404,-0.5701286526544465,-0.001787623880331536,-0.015975834178917934,-0.699224434012711,0.7147214618316385,-3.6429218549540723,-0.5345492122858606,1.4507176598324363,-0.032157789505704026,-0.0005481331561326738,0.7139919654461327,0.6994147906661098,-7.388607117009771,40.27683163870776,-1.260771294322034
-0.05565084054649831,0.009731306281456114,0.9032089367537643,0.4254666875240164,11.737391608001587,42.143305287947896,1.136423127039933,-0.0028717480740267903,-0.008971270656618008,-0.6997598660360574,0.7143160359749763,-3.6399421228746385,-0.5206940508697705,1.4787391299626507,-0.037237100426163884,-0.030767808313197278,0.9434283442366156,0.3280391739021609,-23.066516528625147,39.03471178000219,-1.011683738159612
-0.06384147836761839,0.01781658548598863,0.90153292725823,0.42760404112995015,11.738360032314631,41.93783828508094,1.2452236659710536,-0.004584150997887186,-0.010862245746077217,-0.6963239783201172,0.7176307646648279,-3.6261711652727584,-0.5172625043463153,1.4732153319082792,-0.04646785092806538,-0.031156645224101186,0.9454938467691666,0.3207980486383143,-23.04532065794944,38.778578795540994,-1.9213028215528787
-0.05384336872175617,0.04074654248397479,0.9977117806355105,-0.0034371065467404464,-11.082479400812986,39.1367980981089,-0.5119712070087274,0.4831952867393041,-0.40565555179097995,-0.5197671421415575,0.5760277824237952,-3.567174889713031,-0.5834357379338098,0.4133276881721859,0.35419412636339986,0.4761804751992744,0.5750765336204635,0.5631035929273875,-7.123999341277614,39.68154474210144,-3.1075064273422006
-0.05627737798468577,0.03945511896406003,0.997613666915958,-0.006566726520642412,-11.050078717413385,38.830544855406515,-0.4787942105136409,-0.014074168279850146,-0.024232557938500293,-0.7015719879099384,0.7120473626824868,-3.5902959314100324,-0.492109680334158,1.4347354304319104,-0.04367045504783824,-0.02558842975172359,0.7076601919308071,0.7047376649329942,-6.935922080788886,39.41349766556408,-2.0125360354875057
-0.05366831660007002,0.037486136641168566,0.9978015683246338,-0.010321414725472456,-11.1192286569908,38.57562286334439,-0.4690790517159087,-0.016032788489574304,-0.02751526939983736,-0.7025991201646579,0.7108729394110819,-3.5619560954644034,-0.474849229710195,1.4271953683114178,-0.03719978269636765,-0.02734096988892774,0.704136022408494,0.7085627068083814,-6.752288081253717,39.201612701291715,-1.8132190218967619
-0.0625518107144777,0.013013536497132968,0.9006163663854144,0.4298931023439559,11.651783470194758,41.18211275117028,1.4771559239467678,-0.019117434801680745,-0.028003013644570186,-0.7055075500192203,0.7078908473622914,-3.5320230083136073,-0.4464135897974657,1.4308513333546193,-0.02002257678972843,-0.04009778360335698,0.9428313367982185,0.33024284173935126,-22.708215972209345,38.01136651224269,-1.719672016402702
-0.05795516666060081,0.009816411172665386,0.9017630428371064,0.4282151927503203,11.522080085925765,41.00823423670727,1.4921264889867842,0.019376379314388084,0.024155122419435633,0.7083124568448731,-0.7052195044551354,-3.5148040633807796,-0.417315526130554,1.445230051199716,-0.017744743532146674,-0.04125695422847166,0.9408411620927327,0.33585844565346906,-22.519109961481302,37.856856159178676,-1.3908219278056577
-0.045206412492823166,0.035169160867560036,0.9982843334949548,-0.012161409948455696,-10.914986660851127,38.12973716726697,-0.38403518913290213,0.01920673753368024,0.021131260946094625,0.708330104300491,-0.7053035051563233,-3.496636286810555,-0.38670519876148474,1.466207750598149,-0.03593419083164976,-0.026646901547311516,0.6971099001202904,0.715567232146275,-6.493557815028537,38.69826087159312,-1.4999887201741555
-0.06064643638631704,0.012113988668667653,0.9009516167857814,0.42948974986984534,11.511567630071468,40.70878383844024,1.5036133079135965,0.015360407388378908,0.01839702064214597,0.7100501701455233,-0.7037431089486197,-3.48288077535685,-0.3634205372064626,1.4867334930973448,-0.02810908838577326,-0.04047452850447013,0.9402995513230737,0.3367617042867073,-22.37101302757755,37.53440442598382,-1.5703504999627724
-0.05998358523406408,0.03673783265710371,0.9974176349149546,-0.014503886195943208,-10.776771836814419,37.84601982202753,-0.34535808308200444,0.015983068821053957,0.01432690372167477,0.7126949803434809,-0.7011455956746906,-3.445342192812251,-0.34028026586226945,1.5003269856217256,-0.05418200570857343,-0.03314102102045872,0.6904446972397893,0.7205914952568989,-6.221331830155719,38.38543786636501,-1.7897258076823435
-0.0689574806386163,0.03712594049721769,0.9968174539596371,-0.014882670714580297,-10.71822732044825,37.69248494328485,-0.3392502058444933,0.019394663403243143,0.01774082106261226,0.7169565271950225,-0.6966221704855167,-3.414487045348307,-0.3153920185558049,1.4949123926752472,-0.057259279507684065,-0.04317373238439855,0.6856783178887071,0.7243636159551186,-6.158845061273546,38.20509568396128,-1.9356592884423012
-0.08243002521020878,0.024801436557306024,0.9025296179508923,0.42193656917830064,10.927236428343246,40.396475291593106,1.4238220082539499,0.024669720387226878,0.022911400644681168,0.7195337320609301,-0.6936408876666547,-3.384197050340405,-0.2995894990837228,1.4764318916733643,-0.0439350312104063,-0.05470588873731304,0.9321294714925635,0.3552627578919516,-21.816282525590008,37.11281353713356,-2.771005879311484
-0.08468162624971345,0.02521206713673938,0.9032326004322278,0.4199574304174554,10.812831218779444,40.290540156524,1.4055352665482843,0.025890526248366314,0.03338392943016101,0.7238350340972777,-0.6886784716540639,-3.355070954061422,-0.2791871294213938,1.449901916921317,-0.035541418151147995,-0.0532978580900476,0.9294965069001475,0.3632249847948821,-21.644966173494268,37.01573042164105,-2.822292177560981
-0.06740400890869268,0.034502664216685075,0.9970530117638786,-0.012310868270207284,-10.367741468398549,37.240738159095486,-0.36873921441048196,0.030270686680978303,0.03782083903447581,0.725939117077333,-0.6860507765169955,-3.3226475654904357,-0.2607602870069937,1.4390839707555996,-0.03395268321986044,-0.055907713827539396,0.6786857476160646,0.7315102178504229,-6.12533833386418,37.66841000470576,-1.6837685368599957
-0.062068353759118726,0.03457784488632286,0.9974373992467922,-0.008398016935293936,-10.247784122274538,37.128669165610745,-0.398751693419527,0.03026451512835264,0.038910708190726714,0.7281080178117784,-0.6836875970136835,-3.3058531025032125,-0.23805116542837512,1.4440340128886315,-0.02905493606252784,-0.052065754389589464,0.6792825205089786,0.7314507674759896,-6.328168893558553,37.487630644571766,-1.577935629704474
-0.058723366072464124,0.035145264147995056,0.997651161516893,-0.0029217476073762744,-10.06913561179067,36.95235674785829,-0.421555752175621,0.0309561657180608,0.03065037490973426,0.7275281702185237,-0.6846933852903908,-3.2947610034267716,-0.217128462720717,1.4702927463213824,-0.03528873400273553,-0.04963218052564711,0.6838473532345101,0.7270791905858047,-6.578704092083255,37.22187423929176,-1.514794863444684
-0.0578752078076964,0.03598425400867013,0.9976726478453013,-0.0022094175705288078,-10.082850228042275,36.90346374210071,-0.43030040534465286,0.02967744685845181,0.026753317566402687,0.728709586624291,-0.6836562348936853,-3.289042425665824,-0.19055061378518023,1.4900745092306966,-0.03916333422455915,-0.04724084538477694,0.6830713769176161,0.7277692146660362,-6.651656163937477,37.13761792165226,-1.5370005481318252
-0.07094262216080918,0.016781931073209178,0.9026270931741205,0.4242049526095141,10.23851231164534,39.58567154835123,1.2339367397329255,0.028749308436298183,0.020870183472025634,0.7293472047053179,-0.6832207313122294,-3.2685147767932836,-0.16712744692403056,1.5013207652509042,-0.029675732647576402,-0.05737270946070189,0.9280492935616186,0.3668136200044214,-21.87610521604501,35.79120781949122,-1.794927949025685
-0.07140894301698907,0.018808411731178063,0.9025063354518327,0.42429862240484695,10.014159089989077,39.48468145749894,1.191050396013722,0.02698132516441957,0.021572518237583316,0.7329499287617222,-0.6794049134922763,-3.262426436793893,-0.13805396125041103,1.5039466527822651,-0.03138373731253086,-0.05475827948186846,0.9262048304275188,0.3717004223204688,-21.923697647460383,35.52358280035696,-1.9373527997295608
-0.061806446199750044,0.04225845484485969,0.9971895942443891,0.002664457354289432,-9.791802693003206,36.47892654374914,-0.4547864639867498,0.025012568409301113,0.022487613565734157,0.7300669170955261,-0.6825474160967299,-3.2482353554402184,-0.12196433026487358,1.502812631106749,-0.05054627083258125,-0.041161798126818055,0.6850212850471228,0.7256008681859988,-6.738529512652083,36.565035938640406,-1.9662266661976011
-0.060949229203685965,0.04231929585330878,0.9972393375838199,0.0028235143599490984,-9.770594935852841,36.45418593004899,-0.45576131477396586,0.024729874389244726,0.024375771857041664,0.7332476420857013,-0.6790744807713104,-3.2382665141562095,-0.1072977119853295,1.4993501224142105,-0.04804128633880217,-0.040545702954938846,0.6818023559979111,0.7288303150490523,-6.739111553359066,36.52380678364557,-1.957492005036162
-0.0725643089483831,0.022603940438214332,0.9049658316914414,0.4186410472164991,9.600121616127929,39.16936602066198,1.1130253793911038,0.025700905276333744,0.026361677612749268,0.734343007302195,-0.6777793690042407,-3.2289254590676135,-0.09415421224744022,1.4995081188434385,-0.031165765724642195,-0.05018896916517411,0.9232871546180909,0.3795399748882369,-21.48260240391221,35.215857515182385,-2.1677205242750617
-0.06399395568070512,0.038763704846903856,0.99719705226085,0.0004333418392504305,-9.703293913825064,36.05311447603515,-0.41658978300834804,0.02337437842954346,0.024263654583482203,0.7351038614936993,-0.6771168483477117,-3.232920845408926,-0.08219115611909711,1.5085919681523294,-0.047620960778719336,-0.04409299308859271,0.6779962812103649,0.7321947109341317,-6.515101901793736,36.137732256498516,-1.7175913703658936
-0.07026664175730457,0.03565468198694698,0.9968796897924525,0.004714529442462176,-9.463022679572532,35.91905123572815,-0.3260695643106004,0.026029616143751693,0.022229207272654154,0.7369789813284555,-0.6750483704946708,-3.2252744487301386,-0.06573966688248202,1.5116024290667402,-0.05142757058675017,-0.05355999850250588,0.6789065687094011,0.7304604044759604,-6.591876553424283,35.93122837543418,-1.6388131644696153
-0.0866019735615215,0.02460525907663038,0.9053403980796879,0.41503426726709386,9.177345274311802,38.762730622984236,1.0442741621051965,0.02881879569385637,0.023225870133148162,0.7398901039617255,-0.6717087687612995,-3.2251307439418393,-0.048962071724370726,1.5033151429115537,-0.043388386463110204,-0.06399966291560988,0.9179253313854386,0.3891459585653547,-21.139025822896222,34.75450499683518,-2.3760449317717907
-0.0888807507014245,0.026701544772061922,0.9041010645714438,0.4171192931312561,9.224288789453947,38.618140904060056,1.0501235835752993,0.03133990143253005,0.02589627412778062,0.7418277733088227,-0.6693569662834414,-3.2315606728312325,-0.0316715748094791,1.493553156165578,-0.0428155706129643,-0.06559394706894689,0.9177355262889809,0.3893915315053596,-21.124068155361197,34.587755852167234,-2.5717134255711027
-0.07786988278315025,0.03697451296149123,0.9962675099166715,0.004496157363094221,-9.307763040151144,35.59350301342215,-0.18691155683097804,0.0362879958514681,0.029038935977889854,0.7437925314139926,-0.6667927652330377,-3.233757872724605,-0.015071697687388308,1.484972824389807,-0.050330736085714825,-0.06928668713644791,0.6712511656296041,0.7362662864966887,-6.374020239489093,35.54238301062747,-1.9417015803691802
-0.08975867886861852,0.028900759188138114,0.9054050750308629,0.4139441699003223,8.956068002812309,38.43015021898714,1.0362315599371925,0.03814887892426856,0.03498172346369474,0.7478786992128034,-0.6618144704704606,-3.2386513194007316,0.0046660180572186405,1.47500079231747,-0.03355371873716039,-0.06806137146093916,0.9130326524703314,0.4007657335610853,-20.866112949897047,34.387372117612784,-2.7450870787135324
-0.07389925418471377,0.03602497866519011,0.9966025139044896,0.004952819638067173,-9.198607026152331,35.362903772810796,-0.09773000306260826,0.03779375061210479,0.03614197398927914,0.7481871781397748,-0.6614237194099325,-3.235798853868092,0.01452912467838638,1.4627664953092898,-0.039625778929113474,-0.06894904126607178,0.6669145616508869,0.7408783940774328,-6.288549368201624,35.27518629485131,-1.9008418116311114
-0.06924106606140622,0.03472491425164408,0.9969923261531032,0.0024812683693023314,-9.217462253558097,35.18056183855015,-0.0778251399150065,0.03964618951962541,0.035602250929091174,0.7492721212344862,-0.660115101877036,-3.2373999687547323,0.032064232924938305,1.4579923197219755,-0.03613193973211523,-0.06839656810864342,0.6638306845035873,0.7438717730319204,-6.139835872114494,35.11076921157385,-1.7530159631869304
-0.06635377878661478,0.03310236632636902,0.9972310155709673,0.005631249206801618,-9.067643421568732,35.13241074599705,-0.028700369679341975,0.03644668822600448,0.03506363370476939,0.7527682374518936,-0.656339973788237,-3.241163437298445,0.054647572525040336,1.4539386658465583,-0.03329726395136613,-0.06437092671282449,0.6622946803800634,0.7457301337265076,-6.211444886972648,35.00440795917329,-1.6446679345154007
-0.07762794134037998,0.01949003588102454,0.9081047368553187,0.41102290462399216,8.541464990857072,37.864163228792904,1.0918467276104025,0.03590793148160587,0.028933731466899107,0.7555383556236761,-0.653479343836961,-3.2527392047807546,0.07425367589780019,1.4657703404757598,-0.024419884934521557,-0.06663028761185819,0.9069171699407885,0.4152894422678436,-20.48763031621658,33.82223830320002,-1.906183537922066
-0.06216181506283806,0.03255953043749194,0.9975130376358002,0.006597383752827658,-8.944280380505575,34.91525352037047,0.0045115308829934975,0.03335982130505743,0.027081666119563197,0.7565520646583529,-0.652520251903239,-3.257730538174256,0.08927961496033118,1.472750936930346,-0.037960420622117436,-0.05888108506671603,0.658658348532512,0.7491736809285162,-6.1422268928740955,34.745406171425046,-1.5397510520372515
-0.07809684522900472,0.02196956603192218,0.9091249151189447,0.4085463372049951,8.37774923732654,37.62843441560608,1.1694142795980582,0.030709217349808245,0.02129794918163767,0.759277951562907,-0.649692491568784,-3.276050010033053,0.10455120703573048,1.487725795976501,-0.03551130654527747,-0.0642410660634171,0.9031898281017127,0.4229186292327189,-20.174996469324856,33.65072298076863,-2.1336659775952382
-0.06809727937058255,0.03702940900512806,0.996979642504204,0.004814129541802835,-8.814819215987882,34.67782681084259,-0.026271783755603906,0.026713922637700283,0.01983663960269385,0.7603960528882217,-0.6486067505188275,-3.284543736599981,0.11538142568732145,1.4898037758505955,-0.052420041396283236,-0.05430111868586673,0.6526483933160345,0.7538923016396134,-5.842592449871164,34.49603009470413,-1.825673616003237
-0.07105355750871085,0.038069533390008965,0.9967303156405573,0.005548015491903952,-8.732327037793993,34.59157825092154,-0.05002695721552186,0.02945057050864873,0.018690983871761747,0.7635792482409381,-0.6447713103685868,-3.283801588037675,0.12713290936876848,1.483953190282598,-0.05608913859250654,-0.05895945766914942,0.6493486915729549,0.756124373126407,-5.805817001581369,34.387894700482185,-1.8980791298410253
-0.07227201685707833,0.03923184678578494,0.9965969716036992,0.005665153795131222,-8.54435057022738,34.43857715027639,-0.0937872627532812,0.02757628116148591,0.024189196986761044,0.7669558198811971,-0.6406506082232335,-3.297560105975699,0.1343076468954656,1.466633474956404,-0.05212710043764322,-0.057640940210572644,0.6456454491748759,0.7596724566360017,-5.609943736832472,34.22821295841416,-1.9247332693259496
-0.0693292572010812,0.03860163628730145,0.9968449807953762,0.0018579652728594636,-8.523407894012166,34.287738057087495,-0.10843002188779849,0.030321066037341613,0.02645817156916711,0.7681893235512451,-0.6389567757630058,-3.303919944313536,0.13838662875796,1.4541640047084596,-0.047520732497279686,-0.05876946225802875,0.6413728920954945,0.7634977037122543,-5.3291977281259815,34.119927808067274,-1.814699829550417
-0.06628837345141751,0.038097802759420284,0.9970676267593929,0.0032490980997377412,-8.397703896402959,34.223278824575004,-0.12285193321469023,0.02975687523560073,0.02796341992289303,0.7706565613538621,-0.635941066424138,-3.3270792506307063,0.14623740388521275,1.4488594870390896,-0.04353771682855106,-0.05643637370296999,0.639567509813688,0.7654232837635223,-5.282776716346811,34.03766508958478,-1.719269754507235
-0.06229617035280173,0.0368369798712743,0.9973516699252757,0.007202122645580247,-8.15785112937715,34.22181106733581,-0.11441428186248004,0.029216879330452392,0.02665159876235874,0.7746790420493113,-0.6311168259959178,-3.334045380205021,0.16225648955616503,1.445230338724712,-0.04106155750335382,-0.05395865506385966,0.6377613079292398,0.7672437201746806,-5.313480441361652,33.985348825195686,-1.586770970890102
-0.06120596630512083,0.0353351177429929,0.9974849493817793,0.005388404176962848,-8.122724911916976,34.062903255534025,-0.08992566126892143,0.030538990199951214,0.02099040949173939,0.7776213695789889,-0.6276398476523252,-3.340968282566051,0.17750709674460874,1.453454657924614,-0.04479047204897624,-0.05576641771119201,0.6326152770119517,0.7711561654816632,-5.152381860384431,33.83450486488437,-1.4651053965542495
-0.06569795486373434,0.03526730999136344,0.9972059618358974,0.004501694307539789,-8.119279377179964,33.91787384521331,-0.0694169915044256,0.02725794325809806,0.018259747717284405,0.780010717492733,-0.6249054862450091,-3.3639975704548903,0.18679128784923704,1.4606730683060725,-0.05023245598653096,-0.05630595713436417,0.6288317886902044,0.7738713853667305,-5.061547399375306,33.6877949273932,-1.501006994650825
-0.06819748653574209,0.03563123056310223,0.997018518218255,0.005795909647456869,-8.029518689680913,33.741153021873174,-0.03170703805807307,0.025291250965902644,0.019077765979201546,0.7807176249898272,-0.6240804287109684,-3.3874308098930075,0.18724593908590267,1.4555140282558945,-0.05121117456195883,-0.056111498627159584,0.6289469271799351,0.7737277803676926,-5.026177056094083,33.49473507307816,-1.5702717883173074
-0.06759425681825199,0.03638769794003027,0.9970290738421651,0.006322799794999825,-8.013707407757352,33.73149120516223,-0.020458014976782124,0.02587837070859488,0.022424110342325457,0.7857225898361274,-0.617630537640451,-3.3976933105554674,0.19181966416757468,1.437393889489565,-0.04781779972032451,-0.05629588590294509,0.6232209649601645,0.7785498443223986,-5.028515053835503,33.4718009572641,-1.641664530095356
-0.06475861902074505,0.03809318038483063,0.9971240596147101,0.009941861403921415,-7.83906657715454,33.71117746583616,0.019562128257334166,0.027756626045897834,0.028443396744546497,0.785689557467359,-0.6173430668428422,-3.4096795703090863,0.19097299174590393,1.4098262175232223,-0.04127015074951299,-0.05475762925183956,0.6262781349284557,0.7765784406010545,-5.071169096165001,33.410448064827996,-1.7837083799396014
-0.07229061944157522,0.021677579452889534,0.9194411258498251,0.38591730329932494,6.818538819345676,36.2170143789474,1.418688709619076,0.02823091865518679,0.025878307083569165,0.7855409609959272,-0.6176234508598002,-3.4363971977208205,0.18477050084582797,1.4083812838259848,-0.026988628642710018,-0.05936844238760166,0.8735049871398435,0.48242723742993376,-18.36286831414279,32.57544609402949,-2.265346971342779
-0.07638512752901645,0.02241762247415445,0.9192444583727206,0.3855546501418776,6.702259275298275,36.117174622976336,1.4255466907717178,0.02223816574393738,0.025410020524470243,0.7862916631517396,-0.616932099423723,-3.462732886188931,0.17298634409836078,1.4194461619686958,-0.03281917798287841,-0.056876197118857955,0.8727092951458916,0.483804181383115,-18.330270558980686,32.46193455759021,-2.3528195639003995
-0.08028689548324035,0.02216552229680352,0.916779999072566,0.3906112355469038,6.683930790670146,35.97779648367441,1.485922797245351,0.02000701000840457,0.024981045001793073,0.7880481223169625,-0.6147811186543155,-3.4856580146231586,0.15782012145433535,1.4299834142639791,-0.03610928033208163,-0.05822714240258648,0.8738886004939358,0.48127376168692015,-18.58271099873807,32.17514318747037,-2.4366750042790537
-0.0836631770898532,0.022510530174200235,0.9142576694940069,0.39576086542493755,6.755650813023095,35.922862120538866,1.4915390629859502,0.020156398074646364,0.026527666822672408,0.7900177709580964,-0.6121780166585552,-3.51242326501932,0.1382290099299061,1.4250695213467404,-0.036770240297244884,-0.060244474109498285,0.8750196836553988,0.4789145080109379,-18.84176020716109,32.00959469182086,-2.520248062040433
-0.0910472254545946,0.02413778622588349,0.9114798941031049,0.400415000541846,6.557617719296161,35.72777516770043,1.4669870290060771,0.022473447351159293,0.02892902557426175,0.7897505077731858,-0.6123333986607896,-3.525264853933663,0.10086310068676829,1.4068288194631888,-0.03944715532943347,-0.06602469947903626,0.8775338981466168,0.47330636864373776,-19.155287817295402,31.567077721839905,-2.745825225015778
-0.09159531921784411,0.025891645120628113,0.9082549367609237,0.4074467941458604,6.427043290789101,35.585364550416216,1.430092368287383,0.02681018344038511,0.032513398800719434,0.7857906006758253,-0.6170552850854158,-3.5332261219120054,0.04852593328989978,1.3790093948452098,-0.03641060891940265,-0.06710116580310084,0.8842836049458295,0.46066713267824005,-19.637712326897244,31.110604196902404,-2.926949984737041
-0.0882459559459756,0.02632904899871942,0.9053703538671847,0.41451653136685945,6.3766351735096976,35.44651150673417,1.3756908074811136,0.03099693185986864,0.03370408456047811,0.7812024837283439,-0.6225961004663306,-3.5468401504524247,-0.0024123293900759624,1.3634265063049953,-0.03214648688303565,-0.06663839967025008,0.8912917645448516,0.44735323573770164,-20.081630237273913,30.71263465655207,-2.9264164987693553
-0.07206135434873794,0.03945053954556333,0.9959458544268761,0.0366424779308024,-7.7373799231950215,32.32383984656326,0.1145010094489578,0.027112101007117913,0.03914836379154195,0.7770501832442804,-0.627634728414111,-3.547830033678754,-0.046976235752922285,1.3443429751027347,-0.035900152360196454,-0.05680245147463127,0.6574539211773268,0.750492506355356,-6.493498250688296,31.94366985483846,-2.090696067285055
-0.059923508450150494,0.03801952911557891,0.9963195135433471,0.048074062378820476,-7.65650742319815,32.046281041043926,0.1332125719845152,0.028209472491926048,0.034663965109782854,0.7747328989204324,-0.6307071987181834,-3.550838790234037,-0.08511791215519332,1.3563212621997112,-0.031356639363349155,-0.048884732999482164,0.6687801443917266,0.7411883448319918,-7.139319061198934,31.563597024139685,-1.8838191849412476
-0.05056892883778823,0.03600338908514729,0.9964914493106423,0.05613671580488036,-7.58174408744253,31.885748154921203,0.14443443441926718,0.024929540928865523,0.028473703681978955,0.7694334603736238,-0.6376048276520325,-3.54348442933565,-0.12375183215417018,1.3794113339806349,-0.030171940601561843,-0.039197145369869076,0.6808986589472142,0.73070531272126,-7.586262155311018,31.339870686700344,-1.643754934021037
-0.046762016659500014,0.0345869805743287,0.9962742265756809,0.06367668359545972,-7.452061482686645,31.8055006081305,0.15824338160619789,0.013443359993649836,0.027894435333912282,0.7651102549366562,-0.6431543161172506,-3.5467064795365695,-0.16105681489656515,1.396817511240262,-0.02789151080078371,-0.02515038059727961,0.6912471177585137,0.72164183926073,-7.929943940839356,31.20068798263727,-1.509872696678127
-0.04543976286012019,0.0331934749616389,0.9960220732952977,0.06909016340785239,-7.430905312026198,31.636964883154292,0.17118024138015642,0.008724099641376971,0.018900959292659118,0.758915879167078,-0.6508558459223711,-3.5386543717774086,-0.20802095733743403,1.4273747224245248,-0.03533726839620458,-0.020264315801215207,0.7018488494675286,0.7111601981751438,-8.245271243756385,30.998532103344544,-1.391860155329853
-0.06017642859233494,0.007788795329375855,0.8927846005668705,0.44637852670109723,5.557250628453517,34.60300259456653,1.2654028755544076,0.007363331252344118,0.013129294564513061,0.7544873283074977,-0.6561419620787263,-3.5268427474365005,-0.2559416603183659,1.4502399452227361,-0.030352362346722624,-0.04100503097270494,0.9234278070910623,0.3803661481071791,-22.374210500673897,28.20470093294975,-1.26113501409753
-0.07492614068249107,0.014417183132425283,0.886948912930412,0.45552150786160933,5.135424056173264,34.30690380023907,1.2404980961611116,0.0043584270456438,0.011180703900740198,0.7482747787097866,-0.6632803717288728,-3.521182966646132,-0.3123220945309869,1.4577362143501027,-0.048582982531831666,-0.04527535778181199,0.9300516233999798,0.36137766062265514,-22.964028479333415,27.242254714042414,-1.9969459672801633
-0.06815825376656022,0.034525000843794805,0.9930813319631383,0.08917367810373282,-7.353505803968346,31.123470920374643,0.20721921471248095,0.011072438045522154,0.00866034349469761,0.7409518889554303,-0.6714109753494216,-3.4898381670010137,-0.3844858945026992,1.4521809549091806,-0.06175576875184964,-0.037545079225027034,0.7338116607532196,0.67549762293768,-9.374718587905146,30.299489482611282,-1.8123985440271206
-0.07037733262245811,0.03546422921805991,0.9926727142817333,0.09159804484514417,-7.39357873876304,30.907697063485443,0.214339040764159,0.011147442224129169,0.019451126193295823,0.738150256116065,-0.6742637374332539,-3.4708991880191666,-0.4464812906449586,1.4284073297295667,-0.0533011270579817,-0.0373208789628573,0.7387005884660067,0.6708856701761964,-9.540881735282499,30.086066700824663,-1.9354697408115407
-0.07798080302695304,0.01745003265905513,0.8803629225278973,0.4675207111536438,4.837904339312246,34.00516916628726,1.2285904937443135,0.015141554858312497,0.026448154009682694,0.7315936788456784,-0.6810594082302945,-3.4365607980180517,-0.5126933476553184,1.4097760613334667,-0.035512928497112815,-0.046130757364825914,0.9439413169692266,0.3249393408821232,-23.791522710210906,26.23352918472587,-2.397462761732746
-0.06585701148716187,0.03592096896610793,0.9921026752516263,0.10052273267814645,-7.478705398879015,30.311888258235513,0.235352378204297,0.020661004427397805,0.03013542052440488,0.7249731728253348,-0.6878072971475625,-3.3975490998404334,-0.574492391631552,1.4066174821401778,-0.039364339964508284,-0.04050640493943088,0.7579785360429272,0.6498293766799578,-10.139183960835828,29.417117842205105,-1.956101938936403
-0.07636968715198941,0.016024833801262923,0.8753047837921645,0.4772341260393071,4.29342180185057,33.66906039221931,1.243019231826736,0.0170535591370455,0.030408295117262906,0.7210867477889303,-0.6919670612623147,-3.36041836029561,-0.6391493814545265,1.4201659295568434,-0.029645536703963575,-0.0443956979341154,0.9524048352649084,0.3001252970385861,-24.527035026335245,25.06823056949095,-2.3820740933839373
-0.07002891545373684,0.03733130109753777,0.9911510713457375,0.1064043172476329,-7.581483446291372,29.929972890772433,0.24166037332821588,0.014015250561604962,0.027075250777311533,0.7159473848882576,-0.6974882404877563,-3.317931989987779,-0.6975037624782979,1.4385161206824146,-0.04724464543640214,-0.035109182404068955,0.7699153674710022,0.6354255390842408,-10.600824305574097,28.99773826948875,-2.0991331883705664
-0.07380608702346658,0.03812848430446109,0.99005370617304,0.11354531736692894,-7.565721722385888,29.791559576890336,0.23274132171303563,0.01574613595341386,0.025136516982421267,0.71218440287703,-0.7013655188382283,-3.270164062645696,-0.7478057460033392,1.4525764062136957,-0.05224515454275097,-0.03855692629909779,0.7777103396136413,0.6252602937331018,-11.021173056390802,28.74480586475653,-2.2051140163801555
-0.0751223357205652,0.0379299675600433,0.9895152807896315,0.11737743105298248,-7.55854320122171,29.712978838548338,0.2270224544055992,-0.01461015661824418,-0.028518173394460958,-0.7058307931421833,0.7076553882802775,-3.2337280298713718,-0.8004786658205985,1.448174830159633,-0.0499987937344619,-0.037291895180296186,0.7857809400560261,0.6153517282202338,-11.263442834971645,28.625720330246303,-2.2291970168493753
-0.07663910886701286,0.03468616197935236,0.9889692810770767,0.12191422494976625,-7.694763809978667,29.41405270763937,0.23402409567776772,-0.015590717925701415,-0.031590094550192044,-0.7002433085787697,0.7130345743591464,-3.1869076614221106,-0.8437429000384414,1.4365225308642429,-0.045792723807793013,-0.04050104962174562,0.7935007294914018,0.6054909443768859,-11.648814757658997,28.234582762198805,-2.1010510619696787
-0.08128720001328936,0.008842825095206867,0.8627736695739632,0.4989346556897133,3.178457615324902,33.17182552098279,1.3570936263120252,-0.01815482560022608,-0.03696337700497898,-0.6936702947599095,0.7191144785328089,-3.140715496645039,-0.8867141271195346,1.4274047407856818,-0.02363970746086401,-0.04724870816080375,0.969694376532923,0.23854043667421637,-26.194193667533753,22.541288021484462,-2.382345036605084
-0.07932346158611303,0.005925116841657293,0.8599396065126318,0.5041592551796596,3.002432211223237,33.092618748997666,1.3902895078645834,-0.021941729031558357,-0.03616179497968228,-0.6843969411324192,0.7278816607660484,-3.120626470648389,-0.9289888624729541,1.4376301448810587,-0.019634139287771402,-0.05061320878932124,0.9739778070986503,0.2200455292656078,-26.541331988678234,22.035941919916453,-2.2223485764539124
-0.07800195747434648,0.005114967182438715,0.8574768498626241,0.5085498831880346,2.892215260040615,33.05647698760367,1.40091013484086,-0.023065665960797968,-0.034719678609258585,-0.6794775702292961,0.7325112630713241,-3.092864743185147,-0.956422652279549,1.4511091214566008,-0.01911145549236747,-0.051375395553405305,0.9764858723351221,0.2084961921249647,-26.82733751431043,21.63914300483338,-2.177727348793166
-0.07709666944209988,0.007116385684675822,0.8535605823833412,0.5152084945118178,2.612084417544139,32.94890040087557,1.3548444067169463,-0.02315064459568418,-0.033015199498949335,-0.6730270766206546,0.7385178389127132,-3.0742692630338144,-0.9855276876837357,1.4721543250241385,-0.02161890429626387,-0.04938333472887022,0.9798290944323668,0.19242883082306958,-27.225198177104136,20.915522058747488,-2.2854563488748463
-0.07735584432820769,0.010210279566203443,0.8510117135779669,0.5193177128623117,2.4761581507040944,32.9209453090707,1.3331552053495912,-0.024701344135222653,-0.02994443726228838,-0.663409920233294,0.7472485878280483,-3.043177023339462,-1.0146228055307955,1.4920973859962707,-0.026266733779437536,-0.049159474056374594,0.9830064085186252,0.17490513319618248,-27.48809431092282,20.50146644704966,-2.491114472538557
-0.07511180084140563,0.036906901051529134,0.9840856081090328,0.1567533538454887,-7.97976597529464,28.4466643917184,0.19921319731854226,-0.025152165081791567,-0.030378529671623796,-0.6590417153225206,0.7510715884597408,-3.022029035949413,-1.033471001929535,1.5032151091360875,-0.046899766867860085,-0.04177203252843697,0.8456358146021652,0.5300524296975877,-13.797708718829233,26.458054851948305,-2.2254273601321515
-0.07925822067247076,0.01618965756984013,0.8449346171101421,0.5287168639759307,2.0037648354044393,32.782119096688575,1.247090233437298,-0.02617679353145532,-0.03257188061658158,-0.6509388434638681,0.7579792016562411,-2.994295767536232,-1.0612261139672494,1.5100390262995977,-0.02925333814237626,-0.04421720722594086,0.9876105931103799,0.1476969775209692,-28.049686555338507,19.367925440587253,-2.9189578929939026
-0.07894398711629061,0.01586769271468837,0.8438652973866619,0.5304784850421509,1.9166045179988203,32.7663238739749,1.2383997226134866,-0.02237500097540742,-0.037879052445209976,-0.6409493198081169,0.7663214117814507,-2.973278483295551,-1.093076225953985,1.5033614928500465,-0.026832580034363337,-0.037226806658464846,0.9900272332755081,0.13319254816826354,-28.192581684714185,19.160866430762763,-2.9119875010523883
-0.07755175310729252,0.011913196113573755,0.8389259618129413,0.538560147007348,1.5588757040828796,32.6803976028998,1.1128662777934686,-0.021339374925873015,-0.04140938459721242,-0.6340002106029453,0.7719285115219376,-2.9601161287158213,-1.1103528554608666,1.495012362962659,-0.02118543348856754,-0.03557240343724761,0.9925037061334265,0.11498771600919905,-28.683135388118714,18.246882542661396,-2.5905908854322512
-0.0722296081263558,0.03359047583175753,0.9807185667808015,0.17845351331570916,-8.271489393365073,27.766387383304505,0.16712060497408743,-0.02103104190441741,-0.03876978975563863,-0.6267919170009344,0.7779373313198255,-2.9436333494185796,-1.1173729175566447,1.491607137081485,-0.03546903136757875,-0.03284857749742639,0.8782975737499638,0.47566405236802184,-15.106340864398321,25.14131791889082,-2.0308920961544854
-0.07267630189990101,0.0320092251531533,0.9797093804716633,0.1840192774224451,-8.32451003652784,27.64813174267215,0.15559228621485488,-0.02142311194862525,-0.03596391296399497,-0.6217604338359362,0.7820879810832687,-2.9375354887562297,-1.1207484728752242,1.4973121702736063,-0.03756488347324996,-0.03452358918084915,0.883934298595696,0.46481948871131484,-15.411468692089542,24.842335606459798,-1.9527340451004782
-0.07355832625003464,0.031093035526255156,0.9777790720803372,0.1938310655771443,-8.33598805664792,27.588188599449836,0.13614144212064616,-0.02033684634549893,-0.033856261594967706,-0.6156554142790283,0.7870251438807092,-2.935517968208833,-1.125140188727439,1.5034294331724833,-0.03998899132460339,-0.034138128549729224,0.8919926040875377,0.44898180698676005,-15.9017773903484,24.472670110049823,-1.926576558833876
-0.07279146391200063,0.03089238198299553,0.9767908227712749,0.19906469316978428,-8.372786812181289,27.49882497115925,0.13627202510531333,-0.02454169815110366,-0.03323633560729524,-0.6096436284344131,0.7915981918603546,-2.9330575784795947,-1.1204064739441992,1.5094785042298056,-0.03910460184263616,-0.03727842303783265,0.8977618440064605,0.4371553736792685,-16.16412641558741,24.199593919031113,-1.9072047749517438
-0.06982726552848499,0.030952872373256578,0.9752453874322528,0.20751507649511775,-8.361112758629588,27.46550997692509,0.16355639785899712,-0.024513852696649737,-0.033757099399990345,-0.599764491786499,0.7990882827686491,-2.933003553599752,-1.113092770629225,1.5121625514575676,-0.03635413396939819,-0.03404775149738904,0.9068832764105863,0.4184278319233882,-16.552512246715416,23.88432039304073,-1.8902964811604825
-0.07180425318906782,0.00597950272194866,0.8272053902625942,0.5572608339832145,0.33920118683238343,32.450239786745215,0.9560852089912899,-0.026708688872721577,-0.030303589966490456,-0.5957490640169877,0.8021542190232038,-2.930111559329197,-1.0996294563986526,1.5200037949274787,-0.021209368588909618,-0.04318740087870412,0.9978695453810075,0.044061110863247405,-29.76775086829051,15.687703470099777,-2.0921530329875093
-0.06659287665544594,0.03138389826262525,0.973467867231103,0.21665814357443666,-8.434168635479864,27.320480004458886,0.2211289314924869,-0.024083799388846736,-0.029242207703883902,-0.5905477546980333,0.8061130276311826,-2.9321649067260482,-1.0876715882993497,1.5271041287923337,-0.038530775239620806,-0.031136546931143646,0.9153752762208172,0.39954223617572787,-16.9881202696872,23.38345368640021,-1.9022503943843108
-0.06885698426905665,0.003809866556210013,0.824919561935315,0.5610275545556053,-0.13766264499258796,32.37168488151042,0.958112042029267,-0.02256230720853754,-0.028331792959709685,-0.5859059490563625,0.8095693118328282,-2.9312198014935973,-1.0736365952906495,1.5340332916786765,-0.0219471985744745,-0.03997653772958995,0.9985757450738888,0.02768895548797645,-29.99899218612805,14.936712820037894,-1.918398683108045
-0.06866440101297498,0.0029861598428907667,0.8248611503979191,0.5611420189641332,-0.22329943859614332,32.37912042010453,0.9642818624480967,-0.022410324628584284,-0.02729876430792232,-0.5812454079042773,0.812961457024558,-2.931185979360085,-1.054642718573314,1.5399175563294207,-0.022464138249975212,-0.0406501573534561,0.9986829184865524,0.021802649449254825,-30.026980664809084,14.844250712478448,-1.8732796169282837
-0.0714819999830671,0.003811377878608003,0.8257028104775347,0.5595450525619787,-0.5627749274311782,32.353865873364384,0.9849854554213522,-0.019971594680817963,-0.024542252394883658,-0.5758630872472884,0.8169336068489977,-2.9454405774762367,-1.0415913076794527,1.5444776847333674,-0.029151266129458953,-0.04080830846680897,0.9985961651504967,0.017046541873619567,-30.042499133096385,14.644606892389826,-2.0567990399573
-0.07375398319189504,0.0056565380686144,0.8263035676057738,0.5583464584846746,-0.7927734637086701,32.37792106950269,1.0494127389502275,-0.02029241029196045,-0.02545303917197635,-0.5745306455270609,0.817835495825237,-2.951085800560831,-1.018357486141124,1.537324087634443,-0.03120634738599145,-0.04030388269765422,0.9985595869505716,0.016748499378221607,-30.061225316260963,14.52922150789412,-2.3307178836733886
-0.07357137834743624,0.03129568903326114,0.9738042551954371,0.21286874993585053,-9.02048300586631,26.691395548609876,0.2930657250938822,-0.0209769419529803,-0.026970449305075656,-0.5711294582821286,0.8201485869358953,-2.9576276855529926,-0.994496535413545,1.524337681859257,-0.047484078205885044,-0.03103793582884668,0.9228805386690093,0.3808850485414474,-16.991263824311325,22.61758669896789,-2.1271086766027207
-0.07340403571938385,0.030575175012444916,0.9736074565947599,0.21392878879699315,-9.028083340639853,26.714824044406555,0.30128212423437617,-0.02328380454991246,-0.03085296357127987,-0.5693809703025954,0.8211645813975574,-2.971314866218727,-0.9623150310193044,1.5085953066793385,-0.04266596558316347,-0.03275655889186588,0.9242755793201717,0.37791702356837653,-17.030578389439377,22.575808935287142,-2.111475198121409
-0.06936718949347434,0.02823186237318273,0.9753064744971613,0.20777015130339643,-9.188822360454765,26.55397855199817,0.29629451048781164,-0.027503853166947062,-0.03305591448229398,-0.5711570913892215,0.8197136216597324,-2.987218712303686,-0.9154363558352439,1.4988997424238928,-0.035031931372691845,-0.03643417375070138,0.9212108786153146,0.38576655102302837,-16.808516621080805,22.547894438500833,-1.8817884898189297
-0.06492972701892533,0.026107507116832306,0.9753500552334136,0.20927206783890076,-9.212151726417119,26.55105954294538,0.2700661299718803,-0.027576366628376408,-0.03171761732789394,-0.5732490319942574,0.8183025626699855,-3.0086064507874335,-0.8669432006982924,1.5042509127001837,-0.03139152211511887,-0.03611606253161403,0.9208758264326982,0.3869081475730429,-16.877493415815294,22.454922038409926,-1.6373004498872212
-0.06312778023911068,-0.006014735504342938,0.8408508847152015,0.5375392971612013,-1.9377178697645263,32.37059429704118,1.0059017539643467,-0.02726550210837991,-0.023319673648497748,-0.5720699211028971,0.8194197889879341,-3.030897113507204,-0.8287134208221529,1.5256870680022803,-0.014022656038689595,-0.05143307814556937,0.9978280422901186,0.03869368953152241,-29.635846725068582,14.957974362968198,-1.278609565914054
-0.05986314389523912,-0.007168154835797194,0.8430565037385063,0.5344349848797644,-2.1603158379240313,32.36863093074203,0.9902105981620455,-0.020712264652906168,-0.019765319823214583,-0.5728023680429544,0.819193372403377,-3.0549542211079284,-0.7849041835671504,1.5356919761061714,-0.01720091439373211,-0.04706018653745768,0.9977866707929571,0.043717581989243144,-29.57740044166678,14.975363534772372,-1.0819835769462887
-0.05353843475521647,0.026128060333539625,0.9789012969617821,0.19545641783709566,-9.541685730729341,26.23301350267525,0.22698222766013032,-0.01911303668069174,-0.012334258442852164,-0.5722968857465781,0.8197309512652768,-3.0878311977649187,-0.7376912738300676,1.550512993006274,-0.04303033234026417,-0.02552086614991819,0.9154545340470935,0.3992994765614694,-16.321278823147544,22.42542778866131,-1.2405378807205731
-0.06276969148833776,0.0012170982319509493,0.8520026025513846,0.5197596076534036,-2.704728636030552,32.354520723210726,0.9427365003143109,-0.016862193210807556,-0.012547658207201932,-0.5749046599419854,0.8179503986737989,-3.1153867659475294,-0.6910323800274136,1.5520450234280567,-0.03258728524678648,-0.04293592874930474,0.99651622449769,0.06363952526181138,-29.142906513712298,15.51621727267171,-1.5768571131229312
-0.06581202061166924,0.004059904650045175,0.8553130178325222,0.5138987610838007,-2.953693347102046,32.37629708241229,0.9291881219031204,-0.015886550704818612,-0.011552195976145228,-0.5750011048160089,0.8179168012305414,-3.133779585789189,-0.6559824836231822,1.544537942272113,-0.03811838471238782,-0.04217263476356731,0.995892014223953,0.07048087420694235,-29.00908462248146,15.70513171340451,-1.8342374475087246
-0.07021386478035811,0.006449544579638676,0.8632948155742399,0.49975041567762585,-3.2201324656663246,32.38353266534705,0.8993961925866483,-0.0154637521578852,-0.01868203484945014,-0.5822823184119519,0.8126248553963173,-3.164888069341357,-0.6113248585857578,1.5191735239059352,-0.03695686708574183,-0.03965665412307988,0.9939421273661638,0.09560641822489585,-28.54642398299417,16.426837696530043,-2.075687833794678
-0.06893004725634322,0.03436074767763019,0.9816369703530207,0.17451889880587493,-9.824942160628268,26.14052458427568,0.08595184920524446,-0.019439705268642145,-0.02352625356055147,-0.584439130570126,0.8108634385091661,-3.190402126571478,-0.5613037297575619,1.4930530702328872,-0.04948778440780052,-0.027400500397076165,0.9002588312116889,0.43166446297762434,-15.396975238362629,22.768728930121355,-1.8715840984926995
-0.06956991368637941,0.03254182799842843,0.9830813571589998,0.1662892111551723,-9.912957927849504,26.039454915002466,0.07569143812176549,-0.01862486854473671,-0.02573848573161064,-0.586777241415504,0.8091249060440213,-3.2164787142218576,-0.5216623823685175,1.4793815980465337,-0.04698541375609566,-0.028521367073908864,0.8954070468431393,0.44184287136724515,-15.032446684657845,22.873509154816613,-1.7703834685617377
-0.06950168412773877,0.0308744707065215,0.9853372020901603,0.15273140194188808,-10.076604456042276,25.916791135076096,0.06668544674633381,-0.01621747145375069,-0.026842674966951256,-0.5920565764271599,0.8052859583586541,-3.248737340494094,-0.4801971790754711,1.4769224571824422,-0.04532216033621509,-0.028166109996516395,0.8862701610022736,0.46008452891520535,-14.48159172439414,23.08662806712558,-1.6433610220554093
-0.07443009868982156,0.00392680156898039,0.8822046124069859,0.46492984684390953,-4.19620244893116,32.338023672884674,0.8509510149710433,-0.019100472448827756,-0.022609530115086117,-0.5988312218281844,0.8003281507381645,-3.2899946680116914,-0.4390283047510587,1.4923189384649576,-0.03309338314294992,-0.047767016621089044,0.986225527593268,0.15486235449151237,-27.459690621642086,17.822020545228916,-1.9770372655215704
-0.07503170620060132,0.004915371143152224,0.8850656934150941,0.4593525884664311,-4.310168514417796,32.36746336344663,0.8426360222239779,-0.01825712747703308,-0.0224598090689355,-0.6018648753759225,0.798073246050511,-3.3209445218199103,-0.40679305800914517,1.495103863874776,-0.03457432131261709,-0.04707790805585994,0.9845903776756261,0.16483347678012536,-27.275274457129004,18.09724096082832,-2.026187371705425
-0.07299999131841531,0.03399572910005037,0.989008264939264,0.12400783665677788,-10.335883958483635,25.68257376548138,0.07341787671681743,-0.020307979397138583,-0.020106868351701404,-0.6062162394617839,0.7947862422253583,-3.351887846093845,-0.36530202978130855,1.49508819565474,-0.05622394426145316,-0.03482579265640152,0.8633839126040314,0.5001942139950167,-13.172017188211042,23.508636659569742,-1.7695048010286425
-0.07554695121545561,0.009570521661809536,0.8955762349727601,0.43834264066958645,-4.782111216192106,32.30575276917921,0.7951397612266096,-0.01958311872857551,-0.02252084816275127,-0.611733516116081,0.7905007388479464,-3.394097631419653,-0.3267298911088338,1.4861653153326368,-0.036821277238751476,-0.04631542534024297,0.9779913623605225,0.20007990920196964,-26.511907441042894,18.96050401945034,-2.2138368882826445
-0.07076379413292395,0.03702879906313141,0.991531494376555,0.10240434140821918,-10.536756994279585,25.447990279463966,0.07312477159446473,-0.022450652213218323,-0.021680415653670834,-0.6170007276913778,0.786343455381041,-3.422754418128717,-0.28733550367258803,1.4750915664603286,-0.05469558317597726,-0.03458431872253401,0.8452333637344871,0.5304647763137739,-12.192234243034646,23.725673921700565,-1.8230079088342246
-0.06808655458425422,0.03616794881589684,0.9927535647917629,0.0921762450772591,-10.571796021566854,25.449888093556183,0.10234986511315469,-0.018525273003645374,-0.026984063549604528,-0.6220375516918211,0.7823029840539638,-3.4620962671704394,-0.24490233918606838,1.4581718827905912,-0.047266021770426214,-0.029961840589114778,0.8364784350203813,0.5451348815113227,-11.69131947149976,23.93507386067514,-1.7417312143906292
-0.06774743417796177,0.03554726419166819,0.9925867352221892,0.0944364878198378,-10.528105479413284,25.528209766320742,0.12292375908134545,-0.017330155615566948,-0.028585318330919672,-0.6259341599545896,0.7791591446451761,-3.5042861963765293,-0.2061303953190511,1.446579128055174,-0.0450262729894218,-0.02921064285616905,0.8350466768666701,0.5475549475062228,-11.721510481529897,23.936158175909767,-1.7346147182506821
-0.06713047366959324,0.005215978531712506,0.9208858419998146,0.38397338329257313,-5.747556818025771,32.138367994482905,0.6881774911480427,-0.021251742423729212,-0.023950630037756226,-0.6338183965478927,0.7728188474424056,-3.5484057511303986,-0.1593986532004124,1.4443225337844927,-0.024969778890949253,-0.04889154693185282,0.9567659949272574,0.2856308066921401,-24.445463351798274,21.183852834317523,-1.4891110699342633
-0.05921733789747409,0.029534779225826056,0.9959876115943138,0.06024683609180081,-10.72745002716033,25.220515533366324,0.16447201502745656,-0.013928495261475427,-0.026976147388060204,-0.6395555388306848,0.7681451667769844,-3.6071994320450393,-0.12403102848418432,1.4269617703321986,-0.03666958715928897,-0.027433159731497105,0.8056030984030067,0.5906830037915338,-10.124991028936813,24.30220332584551,-1.2350544597343542
-0.06904945365343669,0.004467041833010818,0.9307974021143197,0.35892675395497825,-6.15665998911436,32.05331091191806,0.6428444846204808,-0.015463407498410584,-0.018677076267514005,-0.6457233413793212,0.763186357483256,-3.639630965078478,-0.09116823407650446,1.4267433294109413,-0.03264726947108757,-0.04886725571754017,0.9434979793490389,0.3261252981278811,-23.406121077960012,22.145243078043713,-1.3997061020855461
-0.06140287040386073,0.02958990594336492,0.9965936452754367,0.046424467353394,-10.721953907712134,25.256983029929188,0.16332510672110345,-0.012552252479898373,-0.01584569305284252,-0.649724110936831,0.7599012663739286,-3.686731748739469,-0.06770764888716736,1.4193852395407702,-0.049510945673732626,-0.029183385579405394,0.7888202598891547,0.6119310368440409,-9.360359802349826,24.561549539353724,-1.2352912440040462
-0.07682057108385493,0.009720772750411076,0.9397880790581081,0.3328700540687857,-6.63094550691909,31.991924725553645,0.5915023881721515,-0.011946577894086994,-0.015943172894510325,-0.6555796763215265,0.7548631548226732,-3.732753721356773,-0.045329176176085846,1.4065740895385868,-0.04540189783878291,-0.048944398607277284,0.9289751301415852,0.36407186254369284,-22.341102264797723,23.08719710198936,-1.8182339332194088
-0.08190093317242797,0.013101738764175818,0.9447707858330531,0.3170626812212942,-6.813948267629826,31.93153520077726,0.5724080702489145,-0.012697006931568965,-0.012957825830766974,-0.6632623753686798,0.7481670282664262,-3.7896924384671196,-0.031595894813891856,1.4028051661091856,-0.053697545804019614,-0.05240683674030424,0.9183697092125799,0.38854494493983827,-21.591657647015754,23.684830033949936,-2.0752297241397546
-0.08509705212184812,0.015205558227058555,0.9477525413672019,0.3070706808719862,-7.042552729190277,31.900185031993715,0.5432484142141467,-0.010935239278234248,-0.018055707736104192,-0.6717936626957344,0.7404374968367864,-3.8278902799642105,-0.019335769488944082,1.381477358584477,-0.052753811652238004,-0.05072841720615077,0.9097424206799866,0.4086714952859293,-21.201185056761823,23.986149942861797,-2.2509672875052242
-0.038120586143576156,0.04301109052103015,0.71023924855416,-0.701610345432195,-10.589266482969151,2.0180379914195328,1.5310523503470268,0.007296010256361931,0.005959433751560612,0.7886174433990507,-0.614811988619647,-3.161790772394019,1.138835908158371,1.2980382901724137,-0.05824262214550477,-0.012981938304420768,-0.11609756561248354,0.9914437056647902,0.7842359945770143,7.361694063014644,-1.0886329565184827
-0.03950985171474383,0.02937250198212977,0.7362297679607787,-0.6749384835029093,-23.38789334352157,3.065371784350873,0.6905375032242702,0.00517817285753785,0.008502923362718772,0.7849257088595366,-0.6195099017703423,-3.139550637529556,1.0704915201418739,1.2945520313342107,-0.044766819135522884,-0.02236701774757285,-0.07318689123659299,0.9960619094075881,0.2388035074789563,20.308475938732037,-1.359610638659536
-0.04101937858516878,0.04013633043139114,0.7097033804988919,-0.7021592392530585,-10.473415851564198,1.8674915510985102,1.5529261544853439,0.0014910958508374047,0.00991382556068396,0.7840001026242287,-0.6206797336639202,-3.121999913397706,1.0171860516569835,1.2968964870455293,-0.05093789536665632,-0.015266710117716013,-0.10952790436483692,0.9925602735064729,0.772957163578084,7.282362714557182,-1.096183126041837
-0.042052963046757215,0.02296558041789132,0.7338021373967389,-0.6776714200606623,-23.063218311623814,2.938512452152736,0.7103126769317711,0.002284006318990316,0.012423199125470054,0.7812004365892626,-0.6241524856246022,-3.106183847212983,0.9619640102152707,1.293426575236933,-0.036619818596538053,-0.028612624702116733,-0.07081789533809485,0.9964061081173153,0.39539385973586627,20.021727872328622,-1.2264040433340666
-0.04330459405446674,0.031591861786807625,0.7091481498896116,-0.7030188958418984,-10.273308990159592,1.865037938337764,1.5820340387487466,0.005427203129743524,0.013490752330326572,0.776751993841476,-0.6296386941183347,-3.084668814452333,0.892964792077934,1.2803942925736576,-0.04605377397795812,-0.02707841603996573,-0.09880854701618128,0.9936713140287914,0.9211156468370912,7.125430473074202,-1.045106144122233
-0.045416969279935604,0.028112971528926663,0.7094294636092837,-0.7027494545684708,-10.34150464678271,1.824493459611631,1.5801431885062431,0.009391579604291269,0.01721263441501826,0.7760810986898975,-0.6303282095109759,-3.0720686404997495,0.8313507414292265,1.2580921649267778,-0.04483432020334697,-0.036285685138033166,-0.09717139433557237,0.9935949642127057,0.9415030494507939,7.207036906053969,-1.0521122623376955
-0.04820876610576825,0.02568728440444594,0.7099188222253744,-0.7021619073551497,-10.499444286698292,1.7866752000377346,1.5675729933115292,0.012788044240227276,0.021005612972085207,0.7726596339022144,-0.634344007842963,-3.055231729602428,0.7725716611940245,1.2398298687744402,-0.04449546718237353,-0.044782207205673656,-0.09085826653145579,0.99386089706805,0.9549886065446648,7.381768352111322,-1.0722009585604637
-0.05564086871805633,0.01295504238411343,0.7334068964187509,-0.6773851082586193,-22.77840378232503,2.6176037198664517,0.7205541941656151,0.017772486553415942,0.021861261557995754,0.7706653611026266,-0.6366169375388622,-3.0387954767492755,0.7058536138943035,1.2250529553684755,-0.04141153959930582,-0.06247604800632199,-0.05369136379275382,0.9957404607966882,0.36762406083779076,19.789083289248545,-1.3485097872734004
-0.05648284612127458,0.015523064904468685,0.7338800558106874,-0.676748687648018,-22.75578243013905,2.56137232615788,0.7146579329941467,0.017520922260742616,0.025093656502977443,0.767834768231119,-0.6399164745354721,-3.0255656780382556,0.6469900071945338,1.2139347875468456,-0.041504979816256116,-0.06327638260615855,-0.04831989413234181,0.9959611558116965,0.3421307423982176,19.772992668552167,-1.4516534056098107
-0.05359210649367844,0.01983686094849924,0.7344724614933672,-0.6762282073214296,-22.674403410914124,2.5124462646176653,0.7157319021472581,0.018750979383750383,0.024716085535045864,0.7649639709108282,-0.6433254534808273,-3.0160402733134934,0.5979717073203084,1.2142298375003733,-0.04417830712739724,-0.05872026522431256,-0.043088837696327,0.9963651738681574,0.3134207602568787,19.698385942262195,-1.4967675065262025
-0.05149271157776016,0.032580459304912476,0.7117227200243044,-0.6998126778839149,-10.016471659893057,1.621637397315908,1.6332913898325323,0.013450583725076673,0.028996463037763643,0.7619370183843438,-0.6468618607897131,-3.012495498820939,0.5514116351688048,1.2121744127531198,-0.04690837672010179,-0.0480243250790699,-0.07089556946953486,0.9952221292876154,0.9747441266531114,6.9232901305674694,-1.2232466679933025
-0.045044926366931054,0.024310504099093917,0.7368023728731666,-0.6741677961216457,-22.708873030412292,2.4145694688553476,0.6907200836552505,0.010709692327940447,0.026467080989619873,0.7606015433711264,-0.6485908481744022,-3.006784909778893,0.5186443395554473,1.2186716853375446,-0.03542545553387253,-0.04422785042306109,-0.03343722452895192,0.9978330954438089,0.157083355059205,19.751283214240175,-1.3811869943172053
-0.04177144240499933,0.024002248215997894,0.7377027732451287,-0.6734045270314343,-22.599925029389567,2.3582845303340036,0.6970099214438328,0.00815116443030781,0.021002508713818983,0.7549675254137835,-0.6553750748363445,-3.005092503365262,0.4814069268971438,1.225912886163413,-0.03549230223685545,-0.03596192833698456,-0.023853587797850573,0.9984378010378933,0.09805526418161556,19.650022672640787,-1.2754856867804512
-0.04237193421802794,0.022846050592917222,0.7386289148755752,-0.6723912575819672,-22.57236114449472,2.293348033042662,0.6928988714549718,0.00477374689377234,0.02061551174336333,0.7517940296664319,-0.6590583805506622,-3.009789884671986,0.4515528645658341,1.2217494967784572,-0.03308371539242155,-0.03418580341963927,-0.017717576213723607,0.9987106117957784,0.012698647828518317,19.616002157121397,-1.2563378679018946
-0.04236714879646611,0.033736190251826344,0.716680155303705,-0.6952959435837436,-9.911433382171367,1.421726796494795,1.66014732031406,0.003652306498034583,0.021136967499566665,0.7446412564452576,-0.6671201454474259,-3.0063489768677054,0.40884444739005943,1.2109909822696314,-0.040776326306656605,-0.026356218114501565,-0.038615547631962156,0.998073885271385,0.814591897561054,6.845001098559542,-1.1790940228191475
-0.04569966227978656,0.034103022708226516,0.7166668068045722,-0.6950807238977454,-9.892213430130084,1.3074311317027423,1.6700730848319427,0.008075595797781783,0.020429192195260366,0.7408623716122544,-0.671297534024836,-3.001843359683758,0.3750525653867512,1.2070690004714293,-0.04691598391380542,-0.03095133428482474,-0.03265348403263695,0.99788509125045,0.7365952187208458,6.8205078819537555,-1.2243373704689189
-0.048989827571152555,0.023390097870858256,0.7365801713435468,-0.6741680438137452,-22.45288103784776,2.0096930980204206,0.7027394710073622,0.00559568303866032,0.02602034192992888,0.7423947054546485,-0.6694338887822202,-3.0056047729780806,0.349193286757066,1.195104000571162,-0.03476649837192899,-0.042375416622939956,-0.006001442173239106,0.998478641408432,-0.04331818321173919,19.468411071732724,-1.4749001499694283
-0.047178898417427416,0.03498555597287742,0.7158188308912,-0.6958114426760617,-10.042350643465682,1.2383024440432564,1.6822935229343834,0.007601503668690399,0.02671055310940297,0.7404707132094364,-0.6715146211168252,-2.998534268259376,0.3182939877893406,1.19397883366675,-0.04375639601374184,-0.03546808815876615,-0.03301906689953638,0.9978662905175896,0.7368294087075792,6.963831072035557,-1.2893235224618893
-0.0467592459708405,0.035380336664096186,0.7152740722361425,-0.6963797859505253,-10.054269350781738,1.1803404299300837,1.6900548319527324,0.008318723486382677,0.028378415673291815,0.7359229862821862,-0.6764191175779556,-2.9931542034239498,0.28377125522395336,1.1905302044526287,-0.04316069685030065,-0.03619159008131867,-0.027035562338603908,0.9980462922248735,0.7231964827020734,6.977891294454313,-1.3033526740464532
-0.04791873875593428,0.025458604490651158,0.7330121023025583,-0.678047868377604,-22.219140829570847,1.860527413825821,0.7276647240435565,0.006451215888907179,0.03177275334715098,0.7347831546999702,-0.6775268183086597,-2.989590171496867,0.2609383002567231,1.1844524769112932,-0.03225720478355296,-0.04423326173385832,0.00010395491170655982,0.9985003157181837,0.11791997085671273,19.241349195438183,-1.5164217469212953
-0.04061075162664527,0.03834264615567444,0.7107830648216464,-0.7011904470975392,-10.010494196652985,1.0197465103913146,1.7302198912626903,0.004646742572668659,0.0305160731457541,0.733648775276313,-0.6788274092866258,-2.9875427799483254,0.23889748601599292,1.1806393552569614,-0.037265670214077874,-0.02846639393885972,-0.03051103721749059,0.9984337788994953,0.689084536575545,6.927987350365289,-1.32731471040188
-0.04011199411889867,0.037200220757620285,0.7075087976878367,-0.7045839003963271,-9.964250033115547,0.9619980903814849,1.751022889123222,0.0015978265094138825,0.027514120490259912,0.733253540441344,-0.6793965451445331,-2.9899547310516716,0.21684495502834233,1.1794393762495923,-0.03618846432561965,-0.02465504288409465,-0.03479652095692493,0.9984346378403701,0.7203844780777379,6.873398369592906,-1.3267241327148958
-0.04461965728125976,0.02636343597191746,0.7228172726388833,-0.6890930603356442,-21.991855992058277,1.4749178991937697,0.7650352535186862,0.002002833013118162,0.02328012555640707,0.7318681545886271,-0.6810455408510043,-2.987993209509196,0.19787193587894272,1.1829076458857324,-0.034235439328062583,-0.03219086098338299,-0.010962233243185725,0.9988350777808541,0.38314360291274174,18.99058120717656,-1.4708129656265145
0.04276550255216617,-0.03392093547978461,-0.7050480510024568,0.7070556751100116,-10.105331107839334,0.9021845025033599,1.7616386320246278,-0.0027387367247113893,0.02398314863956703,0.7317981044511955,-0.6810938571328641,-2.9924326972307638,0.17952600000315042,1.1758247266090815,-0.035104885821729534,-0.023218853282742657,-0.036285355373075874,0.9984547585289617,0.7548146206580311,7.006033846555508,-1.3433099687009966
0.044590953351221714,-0.03198340884020564,-0.7033528118251504,0.708719641703152,-10.227437838793719,0.8349326363299951,1.7597547254533588,-0.0006270114335730053,0.025023046387536736,0.7313650837853198,-0.6815266452794356,-2.9953312765745057,0.16049673915548712,1.1707426595913297,-0.035737065977776296,-0.028108035217563863,-0.037883370312330064,0.9982472893653591,0.7463426882720433,7.121302962606966,-1.3546885349965052
0.04509608606411051,-0.03015913966858252,-0.6977762564802862,0.7142584022666496,-10.24989368990424,0.6967239215941845,1.767390870245535,0.0048354549648732415,0.026614273578285958,0.7338580352925664,-0.6787640848289758,-3.000349571291958,0.1520297540876291,1.167998485143388,-0.037625086721018906,-0.035006718469300264,-0.049192772899913986,0.997466266901124,0.733193625843733,7.130612627000207,-1.3522734804126633
-0.045997517997820585,0.02325405464010749,0.7089009966193843,-0.703422244653152,-21.742129414107808,1.1237146588439373,0.8091049954123655,0.0007910802636718907,0.030341995132882684,0.7323710325120955,-0.6802289381234379,-2.98431211954233,0.132234893232861,1.1497730556158183,-0.027366431696491268,-0.039773200765103094,-0.031537051152663226,0.9983359080598545,0.8642655493715199,18.70980611435563,-1.4666276734566621
0.04198650659685059,-0.03215310114863751,-0.6905743192413502,0.7213254611856315,-10.173251677412964,0.5721849698823007,1.7845701580221203,0.0028922426663143133,0.03378807733247325,0.7352393600891904,-0.6769587019443444,-2.9827716815749974,0.12651788948060794,1.142656647153112,-0.03081642629118201,-0.03547331960037498,-0.061344937845628826,0.9970099247589693,0.7700863196775249,7.057743677372285,-1.381627995262453
0.04177153957856727,-0.033131277074610874,-0.6886990126569532,0.7230844535225325,-10.16650231986614,0.5766766841313711,1.7876688921517943,-0.0005416411388364326,0.031078219756098216,0.7345761517366104,-0.6778139333043404,-2.986035086247891,0.11290843950882773,1.139526310929868,-0.030855586009472125,-0.030326685397659963,-0.06307056879339934,0.9970708742696682,0.8226434857407182,7.040747020598506,-1.3947826248847148
0.04409904142702154,-0.03369425077619749,-0.6803225576049783,0.7308085861726513,-10.150634383950262,0.3690893627949663,1.8004716601130148,-0.0012436189876300068,0.029263382430446166,0.7403545618085919,-0.671578164229415,-2.9836698809629434,0.11453825839089085,1.1438848303322235,-0.03374425894137548,-0.03056047250079064,-0.08291911195754247,0.9955158478804836,0.7773292701184051,7.014972529001792,-1.430804787538334
0.04374864933504228,-0.033515543846308615,-0.6771034000202389,0.733821333624935,-10.127123739426736,0.36595218295656196,1.8084686444836144,-0.0024432680374320377,0.030247855328455635,0.7387082887458185,-0.6733417867825748,-2.9890897095807363,0.10415019584284382,1.147082389182962,-0.03194215585782459,-0.030292250147882192,-0.084916473042201,0.9954151248932305,0.8444461830912033,6.9792313538198805,-1.4264439085071172
0.04712217391851296,-0.02500327205349028,-0.6880137776693867,0.7237343289142172,-21.63394827962145,0.6268548483080849,0.856332408323432,-0.00018815874762891622,0.029624508921676656,0.7396855441967615,-0.6723002668256023,-2.98685446250892,0.09993055277033068,1.151666625394426,-0.029656561754656592,-0.039356702658660245,-0.07139270795266979,0.9962302040953761,1.4876247176777169,18.530871048867862,-1.572504437762402
0.04194904262639841,-0.03227229159012063,-0.6711743196558554,0.7394077424890482,-10.32145764872962,0.2581897337565806,1.8099595716011656,0.0012011839488019465,0.029841113407706395,0.7446827090154766,-0.6667501241102851,-2.9902306449867924,0.10131806775140836,1.1514396805271405,-0.03286172262763435,-0.03259212639836637,-0.10182802871657644,0.9937247672522173,0.872667875652264,7.172343186600493,-1.4145990737214176
0.04172548824679081,-0.03158887031348069,-0.669504872764591,0.7409617751593897,-10.38780255360939,0.2020324303016423,1.8074290222588658,0.0008408568892637862,0.030368741117878417,0.7417329326571066,-0.6700069321540599,-2.9982560146023447,0.08979604891853142,1.1465410068099517,-0.03167789444498355,-0.03284944078761304,-0.09972913234278087,0.9939675675823783,0.8679045514992265,7.232048005738095,-1.4138569088163018
0.0416393751572234,-0.028658241702880095,-0.6625558425256592,0.7473049064164702,-10.440725044797318,0.08197197784761556,1.8123940339549485,-0.001255836769866786,0.032289254869127114,0.7475683537063635,-0.6633983595327634,-3.0037498785378576,0.09333108703919515,1.13607342808282,-0.02671556029709251,-0.035414305201959866,-0.11781452525272573,0.9920442749517533,0.8924617619031855,7.280380888108342,-1.402035785012735
0.04279621688679649,-0.02663362349990957,-0.6565494604385566,0.752596797705972,-10.482022405483065,0.02115021742861245,1.8149465686800141,-0.0005949392808254736,0.03513984019951709,0.7497637403438963,-0.6607716484108069,-2.9983387052532464,0.09202686737776465,1.1242333394483397,-0.02472865943176943,-0.0405438324846616,-0.12895251394792256,0.9905129682122663,0.9621961686087723,7.319434748932088,-1.409852289734355
0.0453834323319721,-0.025329025842560738,-0.6512967401793094,0.7570411750700495,-10.477149602412737,-0.04590813977074504,1.8236857466503018,0.0029994670348817906,0.03204207958062432,0.748891889583164,-0.6619103006074265,-3.010844829364938,0.07935313155486413,1.1244332020695502,-0.0304102814312327,-0.04343245796481526,-0.13431182188528126,0.9895196667475914,1.0132095368475849,7.292841416049335,-1.4276631206379653
0.0467459112034015,-0.025130925784878553,-0.6497902396133771,0.758258465734573,-10.462363758320294,-0.1026063071756198,1.827280019896623,0.0038804881709821847,0.03390653614025121,0.7527753254951193,-0.65739227098,-3.0098708482755763,0.07368513836693924,1.1214167522467549,-0.03055861832653583,-0.04689971355867549,-0.1419486698848355,0.9882900195954694,0.9916315259458588,7.279868277665261,-1.4453916345575457
0.04954005969115806,-0.02512145895679922,-0.6466265220760287,0.7607817267347695,-10.411939177107342,-0.1681707111454216,1.8360119036486005,0.0035249086006329576,0.03739510004217147,0.7575457938393101,-0.6517005077093024,-3.017977534297695,0.06818484175295383,1.1176201308097025,-0.029816960189324268,-0.05188600445960653,-0.15297905804750045,0.98641583484106,0.9868475368469777,7.2164435137288345,-1.4804372375041486
0.05540294406423415,-0.018378094388560858,-0.6549406235134222,0.7534225501718875,-21.165831710931002,-0.009567407339773126,0.93343316403908,0.004503118894827263,0.03880235858673498,0.7561496913984894,-0.6532317682769989,-3.019632751707624,0.053060863821135944,1.122431974661007,-0.028067063914114305,-0.06207161141757236,-0.13963968354458914,0.9878563224269175,2.496000879875771,17.900266653885776,-1.6354243626438347
0.053509789514816136,-0.017314932917537156,-0.6495247027223952,0.7582575789779655,-21.240877085356715,-0.1060307550573043,0.9340426300857061,0.005436924135335952,0.0395637542838269,0.7596851827109387,-0.6490636119613881,-3.031292465470114,0.04716667782708382,1.126916587556923,-0.026310108427029185,-0.06294303439532314,-0.15224300967986037,0.985985810556767,2.6745336025022324,17.94600106411905,-1.5612679659328355
0.04691783450122341,-0.02246458987867762,-0.6360899962824945,0.769859451871986,-10.347380485717792,-0.33821807979347795,1.8741060649388501,0.0056767821954438035,0.03984741799946744,0.7580652393183477,-0.6509355193564855,-3.0432942894578785,0.03254744690450406,1.1232317783556847,-0.026593890132936532,-0.05523163570484138,-0.16755303639036706,0.9839553909712234,1.0410311553625067,7.131622998391407,-1.4516066873686524
0.045405132213995336,-0.02209198803391746,-0.6336763870405712,0.7719485439720366,-10.327189286092448,-0.38598052322572585,1.885487787402905,0.0009681417186326099,0.04276806913920678,0.75975803170134,-0.6487971086780694,-3.0541408208812424,0.024080155108782697,1.1109851198411274,-0.019889523901827463,-0.053791933165600464,-0.17340342058435584,0.9831795809997842,1.0411794585682395,7.103934225857226,-1.4544077726130846
0.050236332969501155,-0.016511664255286794,-0.6425220909233151,0.764440343302752,-21.27216207983662,-0.33828874714606627,0.9359479352057285,0.0023251172531550727,0.04111168481067478,0.7624503859330899,-0.6457351099268718,-3.0663950552511863,0.017965019030270493,1.1082112766220331,-0.020390936521510746,-0.06056191977706197,-0.16584506991867196,0.9840792022821959,2.806572370267246,17.93123704007217,-1.4833860257496605
0.04889282197311242,-0.018641476942884972,-0.6307513146138597,0.7742188104210471,-10.278922242114675,-0.49199762532589375,1.9075010469386555,0.004197099446661003,0.039316235042107336,0.763195749618142,-0.6449564836352534,-3.0826191230430195,0.006599221594604285,1.1089097918008037,-0.024211544906533457,-0.05837854721594632,-0.1820728336529602,0.98125186856575,1.0035696311452789,7.035603767629144,-1.4718196256565024
0.05205214531047792,-0.016333223513775915,-0.6297736732370891,0.7748605813149163,-10.21099738170983,-0.5852800312156887,1.9213455224058116,0.006991280642504329,0.03881432740192325,0.7596248102232316,-0.6491646306420534,-3.0994306656393964,-0.016750170152794466,1.1091432756411002,-0.027170559737238965,-0.06341576677853247,-0.17764196889632694,0.9816738420137783,0.9435204675216993,6.960856991166399,-1.487789946729087
0.0567182532534737,-0.010617603697354025,-0.6394492564096217,0.76666482553772,-21.57212318643525,-0.5367558221691979,0.9521236461216418,0.0075710574425326424,0.04281231653232263,0.7605976319449381,-0.6477661822927239,-3.1149989216226976,-0.03179183064676906,1.1064993131104977,-0.02324405006700011,-0.07392604873749406,-0.16640122090614434,0.9830082843676796,2.8544949427223862,18.179013252372737,-1.5230208134013068
0.055282202952965834,-0.010985110454522525,-0.6401185950293237,0.7662058402822663,-21.37849074409513,-0.6273335814478287,0.9709839346442521,0.010064989685645625,0.046999394007681904,0.7620587123482961,-0.6457215126349711,-3.1289121965802833,-0.044160064906713536,1.1028779910402837,-0.021694874660655308,-0.07748895949393114,-0.1678466935295213,0.9825234251870096,2.709705853052209,17.994030975389805,-1.508955930790827
0.0536797991856731,-0.01272208953010227,-0.6414914010246601,0.7651440452678128,-21.49274822378294,-0.6883243725569628,0.9900481495754825,0.010222696826076136,0.048850465624508364,0.7596755482186063,-0.6483842918490785,-3.1558527998825663,-0.06517349545488271,1.0977666386005163,-0.020954480888747486,-0.07646584285418745,-0.1625759370252696,0.9835054393889427,2.6213843431541886,18.09297276799035,-1.5538129288287241
0.04915592925778658,-0.01929425918530002,-0.6334096596110127,0.7720127131678306,-10.055992792769132,-0.7752398338539024,1.9627533921742568,0.009685960524617104,0.04667396611104452,0.7578009959627837,-0.6507421713505234,-3.176269207019884,-0.08364942535962581,1.0959896815393155,-0.024522988644102715,-0.0668629002027792,-0.17036444007569126,0.9828041173917266,0.7046694229019596,6.761658019182748,-1.5308804902924753
0.05350997808771765,-0.01489417513301993,-0.6434863650416777,0.7634396792134973,-21.664285072985706,-0.7555922606367176,0.9998845568283627,0.009016043798481916,0.04405333691823191,0.7566989325977238,-0.6522152557753138,-3.1929954165575927,-0.09824700262906606,1.099752603394657,-0.024705914413910433,-0.07021050171443942,-0.15551078657149048,0.9850261410246408,2.514593954755165,18.238355131729847,-1.6339636832656306
0.049494322834939125,-0.02124489914436505,-0.6357537467366691,0.7700104803038358,-10.026284936642924,-0.814662845410794,1.9704911752965728,0.005920607475911965,0.04442102237021152,0.7532063211364451,-0.6562560148134291,-3.222407053397181,-0.11803588251033857,1.1050861590553134,-0.024800837787470567,-0.06130604512869196,-0.16043516973949823,0.9848284335793605,0.6403485200420064,6.6879362371997715,-1.5454552331679376
0.04507976651635756,-0.025162579388130164,-0.6399509323653636,0.7666795050176236,-10.02487090686077,-0.8844915607376151,1.9801207423961067,0.004493789693864985,0.04517753539805312,0.7523161192814044,-0.6572360708443448,-3.243589204668508,-0.1313884308889799,1.1101924477997553,-0.02309215325437203,-0.05488897557567265,-0.15403684553900593,0.9862690317731375,0.494239029441136,6.683960373826256,-1.5460021310826753
0.046075636340243566,-0.021667884970920964,-0.650669973541645,0.7576517168383131,-21.447247653001796,-0.8997813459872077,1.0290533650022802,0.0018214457079031468,0.04605400021634509,0.749317245593223,-0.66060531095064,-3.270545936993379,-0.14778549092617083,1.117030663897479,-0.01808799632150091,-0.05628940138432317,-0.13572402314047688,0.9889809488677885,2.0233143331759424,18.005930432993203,-1.6304574190291774
0.03828635242418794,-0.029952006130362852,-0.6445256441836874,0.7630358618940661,-10.039575447058269,-0.9487849250360796,1.98473034056412,0.0017827824258381912,0.04360868587628057,0.7477820239613485,-0.6625082254910012,-3.2804660972203394,-0.16109153690949812,1.1256993595956073,-0.021016005739392538,-0.04321043587966251,-0.14185794492429496,0.9887201369425562,0.3578885974134297,6.680295624613113,-1.513116129926895
0.04256694536193557,-0.024207165734872558,-0.6542862242726617,0.7546599267330039,-21.5245891719141,-0.9722976533096244,1.0321165508642949,-0.0015117790937028178,0.03426707459026881,0.742880175851572,-0.6685450818379675,-3.322829557967176,-0.18475873029380754,1.1417730664834567,-0.022879591557950864,-0.0403094100231468,-0.12178001292300547,0.9914743083944231,1.814987490274276,18.05814924275778,-1.5954189064400806
0.03714191308228013,-0.03248959292660604,-0.6471611511682961,0.760754460428973,-10.02314706482315,-1.0064921378952931,1.989337803459339,-0.0027875499521586486,0.030910217034533824,0.74098535156798,-0.6708036201525893,-3.3524847817653187,-0.19690739501412924,1.1488991916737485,-0.026864709493304006,-0.027438568416600514,-0.12853237006081836,0.990961574529324,0.2687351378164046,6.5986224463921355,-1.4984869189849601
0.042648566099902425,-0.02776299291781743,-0.6570427921825384,0.7521336884323433,-21.402469643656445,-1.0655426004178707,1.046492192122745,-0.004091365931633112,0.030173984051647954,0.7380471281655795,-0.6740617390252951,-3.3681797551635198,-0.20649961213362777,1.1536572975790254,-0.026335310943060145,-0.03276934786758585,-0.11104941304153823,0.9929252988523332,1.5828789070058518,17.906804754667906,-1.6810380250621115
0.041423324336836584,-0.030165384589828835,-0.658272179068475,0.7510338847468032,-21.485256605961126,-1.1507226153389638,1.0477647866894557,-0.0035538667825096943,0.03101238217090331,0.7363955425688127,-0.6758307532716767,-3.392191732088441,-0.2148121829425732,1.1629070748867876,-0.02712514847611942,-0.031069195035979116,-0.1069999902012019,0.9934032079356838,1.4510809405532066,17.977986867109944,-1.7130484301825861
0.035048160038994663,-0.03778088466477796,-0.6495233445813182,0.7585932085615624,-9.918341603271756,-1.1443014378332919,2.007065615713511,-0.004765515174630012,0.029252611694955702,0.7349942849627068,-0.6774252546564115,-3.4161018434018016,-0.22574654978214864,1.1750153764978633,-0.02889590141648398,-0.019261991121540895,-0.116712950958925,0.9925583557946718,0.07990816699097614,6.4465763182600115,-1.5001470046207102
0.03310973829230908,-0.03791691008605587,-0.6493601975405561,0.7588131436722948,-9.8876725558668,-1.1790245387185223,2.013452858023909,-0.007336721000050362,0.03076899803135364,0.733013808659164,-0.6794778860272794,-3.4425076670993167,-0.23151511031221772,1.1840734703220954,-0.02474359069048198,-0.017089938985319433,-0.11425405052689923,0.9929963245870634,0.042985978895540455,6.399283270466163,-1.4741507924954471
0.03299262768912881,-0.03589096317768715,-0.6491663027881608,0.7590826283117632,-9.984226760225113,-1.2179761107346394,2.015595593280194,-0.00763763170920118,0.02656537003527857,0.7343180179025731,-0.6782425792298795,-3.4574293317116935,-0.23672315830753157,1.1984026166195192,-0.02568944924080044,-0.015091519303133528,-0.11651348408944423,0.9927421146844564,0.030064600522814233,6.490045899369152,-1.451945844195606
0.03552668573852527,-0.03104927296918564,-0.6477942144831097,0.7603528476508337,-9.959682625371784,-1.2645891375161682,2.028907096285975,-0.005146024104960577,0.026190058359187647,0.7327109001172029,-0.6800164234255608,-3.485006498787671,-0.24747366057427542,1.2094978564250656,-0.026030308152969212,-0.02149689514195206,-0.11583744889468633,0.9926943094378493,0.022977471931805382,6.447624646636704,-1.4335253021237524
0.03851363550581893,-0.02815248285380566,-0.6464875634120602,0.7614315254458727,-9.888404472669777,-1.3152082352349908,2.038980847646073,-0.002264429683220396,0.027580147198392743,0.7304870895938825,-0.6823656056509471,-3.5065937391928625,-0.26366431612623414,1.2112548442183135,-0.027290975173671825,-0.02845989542208109,-0.11407655877594518,0.9926891637186701,0.005381986235585945,6.359900726542179,-1.4387553548948802
0.04224421091877457,-0.024873347866093045,-0.645101433868963,0.7625227099765558,-9.909882111250965,-1.3795378557733784,2.048513462014199,0.0004825939795653871,0.03065742278130194,0.7336856694752129,-0.6787968974134814,-3.5207577643508556,-0.26901633392848195,1.2075909159601335,-0.027515299660740896,-0.03779832397789254,-0.12025203076983144,0.991641893066632,-0.017464638361447404,6.3733464891803,-1.4633756231243373
0.049235094517846203,-0.020265543970842077,-0.6493871580034261,0.7585918086926711,-21.016749162128463,-1.541510609646366,1.112000634513766,0.005664253423675239,0.03337500948386785,0.733474138783241,-0.6788738562585005,-3.5365526283510973,-0.275960320934155,1.2072105663969739,-0.030912224582062428,-0.05135122280724095,-0.11379749848705228,0.9916943156162984,1.4703555993406412,17.38895670488253,-1.6217868081469515
0.04565036340902,-0.023063186228450615,-0.6402903626545462,0.766428330147918,-9.99679782460538,-1.4985063171437787,2.065164238267535,0.004149370013317364,0.03796668036386917,0.7348788322179558,-0.6771221572719458,-3.5552447845655557,-0.2807313430564372,1.203035104824734,-0.026730015106054588,-0.04968643240292769,-0.1278482741473846,0.9901876506627593,-0.024866361751908872,6.4370512188661,-1.511158948502193
0.04654268423231798,-0.02353340536501901,-0.6432606776877394,0.7638688748188963,-20.87538340968223,-1.6896493065041795,1.1332147445328609,0.006861792762090238,0.03883027349124793,0.7335465426764513,-0.6784943591424399,-3.565983585222446,-0.282721662656215,1.2104198010004028,-0.029105318729526576,-0.052249101096885374,-0.12191588440391939,0.9907368111593665,1.577947151994778,17.216941124966386,-1.639435690635311
0.043553497200536466,-0.024570040485787963,-0.6411433197963955,0.765790212442407,-20.853894853054328,-1.7504417158305614,1.1406022141309755,0.006504887710411115,0.0359258524150904,0.737156787708705,-0.6747346811148123,-3.585465561098302,-0.27910887194996975,1.2222298222710677,-0.029446786221158438,-0.04720972911235377,-0.13018129776411072,0.9899277539148176,1.6012647195187315,17.18413422113906,-1.5848078694527665
0.04027070894065112,-0.025016920686801745,-0.6388978298633934,0.767829399460983,-20.965911145273537,-1.8131755647091268,1.134063661251428,0.006102297460489076,0.036637393399282486,0.7368103838034564,-0.6750784559516124,-3.6018091809754775,-0.27520355982991657,1.2320318881984385,-0.026896587204321185,-0.04481350469696259,-0.13281043951990593,0.9897624515751571,1.6533212681153706,17.288041367944825,-1.5090219125144697
0.04019978637352529,-0.02460724721965675,-0.6376782883544718,0.7688594547257025,-20.971956209753785,-1.8683998160598776,1.1336753636518964,0.00574773372628269,0.03115203079914596,0.7380488861116069,-0.6740032316269092,-3.6239312378435242,-0.2739095341220036,1.2433629454035333,-0.029810363067141094,-0.04070078182573684,-0.13626489615946957,0.9893870156249415,1.650299320038207,17.27944358921658,-1.485174216100748
0.04064273096365048,-0.022452112121954592,-0.627575355812718,0.77717002249033,-9.515522509602476,-1.8132171275499331,2.1245449538895187,0.004637814781095059,0.030950363016387403,0.7419780662498485,-0.6696932991357651,-3.644700814282701,-0.2624068532705768,1.2472010059642116,-0.028057824855594587,-0.04208425847097325,-0.15499806392943719,0.9866191128451989,-0.26100741371107544,5.960032373153817,-1.4321946547014108
0.044256001481190556,-0.021171209329138192,-0.6338768968275241,0.7718764576645326,-20.93518945532611,-1.9833182484379677,1.1340233509596196,0.006498443475796787,0.031764579348081745,0.7419187997246007,-0.669705365326006,-3.6685248370264514,-0.2595189986621779,1.251375102036498,-0.030226962398258957,-0.04729343119241964,-0.1466155430667369,0.9875998909687403,1.6828956669275028,17.20689581536602,-1.4878040533705577
0.04346548282213232,-0.02036943181006701,-0.6251585471772731,0.7790203007251962,-9.393483885073636,-1.8974815623749919,2.1402088348802017,0.011696295305774755,0.029647322287125143,0.74232368939277,-0.6692830291615272,-3.6733424684688747,-0.25833136641680016,1.2588954457080668,-0.03478879633700825,-0.04904044745015008,-0.15835033551791358,0.9855505798307237,-0.3352790486024281,5.831008885323612,-1.4389120263749158
0.04604267255624707,-0.019032787739834744,-0.6231460134972358,0.7805170537260743,-9.337242545330867,-1.9851023056525037,2.148588520008076,0.012455015569936908,0.03300577032814869,0.7453425363042897,-0.6657476964193617,-3.6992460619876906,-0.2558034993654867,1.259091123883814,-0.03399268733263039,-0.05516938766000574,-0.16513780989092597,0.9841393903393738,-0.4052758436165497,5.768416340946555,-1.4593864236072738
0.05117645871300455,-0.01713021299792775,-0.6295885625508474,0.7750521064943953,-20.794479863274148,-2.157039818706835,1.1559400438180951,0.009751087899178206,0.03667932002730941,0.7460318241200306,-0.6648278432551215,-3.7128484837492683,-0.2573636602418441,1.2517612827060536,-0.031267939567544124,-0.06135818194945185,-0.15760137469764057,0.985098622553332,1.6690041853969282,17.03389050426631,-1.56878332494487
0.048773761644795355,-0.01795057222784249,-0.6209677199546889,0.7821112375525522,-9.217744433592259,-2.0763771579519243,2.162867500900024,0.01563635866745193,0.03472268483765296,0.7435147616661699,-0.6676343599829075,-3.7426192203950475,-0.2657678031805455,1.2565550982800051,-0.036577259965311304,-0.061146268963875386,-0.1649576265637455,0.9837236498548173,-0.48325158619454545,5.624874900461837,-1.4845722500138598
0.05165551831695142,-0.015988249571167706,-0.627306027444084,0.7768933203699071,-20.660061667216667,-2.2657326425999145,1.1863511792024184,0.014778141235338783,0.03744175421951283,0.7467775877674661,-0.6638546196199876,-3.760993706802722,-0.26223561398700757,1.2524162578709435,-0.034225022024191344,-0.06631997585357347,-0.16155616567310513,0.9840375572117301,1.6316698650022659,16.86623287808883,-1.5699378403899371
0.046159366251079706,-0.0185348626312251,-0.6195144360919693,0.7834077069114074,-9.01949696868985,-2.1702117465886204,2.1824486017564837,0.015584562015275293,0.037339045331545154,0.7478831907790641,-0.6625961440203578,-3.7865525205331423,-0.26375818310249544,1.256167881267091,-0.03352391867250187,-0.061147242636880636,-0.17339717462128243,0.9823800595635593,-0.6151524089999909,5.417159596336278,-1.4670508450277675
0.0467837155318614,-0.0169628764348008,-0.6269196956245517,0.7774929195961279,-20.63845604709269,-2.380440355538667,1.2068934346416107,0.016001045302641768,0.037308583015355175,0.7477350743591936,-0.6627550790115911,-3.8050920472219247,-0.2619943238655215,1.2614091827771343,-0.032741096676867275,-0.06277812208561531,-0.16384765575140137,0.9839414991149473,1.5214077407850135,16.832388029010904,-1.4862573246720656
0.04369682078541171,-0.018890052819348226,-0.6269741021934719,0.7775842262651806,-20.69162774777334,-2.422771549131312,1.2117287204118554,0.012873577272965496,0.03652530429968279,0.7500243794209801,-0.6602753996842426,-3.842181392153069,-0.2576398146518401,1.265877095882305,-0.030129806704506545,-0.05677394375260156,-0.16739232860384515,0.9837930282245895,1.4744407780667226,16.86085649473275,-1.4601755446328277
0.0404532873639863,-0.02182310445163048,-0.6266898172243421,0.7779120494251651,-20.718760839319316,-2.4697807404488685,1.2161628949919674,0.012243297551957842,0.034825898608024715,0.7453071197288798,-0.6656985471913238,-3.877553331878908,-0.26071534347279296,1.2768695279737372,-0.030893782406735182,-0.05038675022446361,-0.16092087924821072,0.9851960313726429,1.4379321184694176,16.86290320914077,-1.443873995158935
0.039336495650787166,-0.023075097205138267,-0.6258263464127518,0.7786280011241281,-20.694997448752645,-2.514787278288054,1.2186639601401374,0.013365817678089916,0.030635859764723654,0.7451196829624921,-0.6660926790441007,-3.892392134546082,-0.25539505835083826,1.2867135796211633,-0.03462973260237101,-0.046158862947220276,-0.16179917673833688,0.9851351010892387,1.4159947259293506,16.833555752207985,-1.436450128849906
0.03900818042734,-0.02553172931042167,-0.6256921618348816,0.7786756778509006,-20.57628934182293,-2.5827502476915924,1.2332572051923698,0.012524315280259385,0.02613987070870774,0.748449735454131,-0.6625578029007988,-3.9241596572395205,-0.24683252654645776,1.2929769422549153,-0.03835125784382665,-0.04047026329146376,-0.16690294483401583,0.9843956246431865,1.3107480980801318,16.698406015362067,-1.482793663541209
0.038411117239155336,-0.026591620243746405,-0.6184262496802146,0.7844529594001907,-8.581656534282729,-2.4318889609797907,2.2327362799283215,0.005287760041950669,0.02906407027131728,0.7501477527233912,-0.6606100729606298,-3.9319143564010117,-0.24116297301419345,1.2812973869572448,-0.03149643016415122,-0.037316806635686796,-0.17866002117163698,0.9826983401147982,-1.0379558159292384,4.921866847549671,-1.4221438398939228
0.041170279109808514,-0.02602000464545407,-0.6187512991559118,0.7840757599040683,-8.420963960177062,-2.445938946177762,2.247001036187637,0.010367343023512315,0.025396597122224952,0.7444208076751775,-0.6671470543691851,-3.971413398971035,-0.2548426014318022,1.2843662316710065,-0.039251068205377326,-0.03961650612542818,-0.16956886054174775,0.983939168659183,-1.0844636084501496,4.720633644800454,-1.4372285236106286
0.04305307134099935,-0.025051047195622494,-0.6192599635306842,0.7836044765380589,-8.400962082887133,-2.4828297026186874,2.2496068211617697,0.009842405148800033,0.027198624810408644,0.7461875276440034,-0.6651071608829956,-3.975335372407449,-0.2509151089313804,1.2771108564544762,-0.038197218345022446,-0.042872005594610255,-0.17142410391606613,0.9835226180640545,-1.1314664301416142,4.701615784014454,-1.4587514086938589
0.043439997877047255,-0.024282923361256068,-0.6198472218307182,0.7831428527454067,-8.349395895898112,-2.5187923682609608,2.254159287836753,0.012762125142068469,0.029735297832149295,0.7455970024326255,-0.6656110352061292,-4.006673850041801,-0.25319455045980943,1.2778674097151121,-0.03858264216403384,-0.04742330423196012,-0.1697302095096692,0.9835924287626298,-1.1883487522952894,4.6273018508986405,-1.4564404877873622
0.04423162096064335,-0.022375936296054683,-0.6272110844567741,0.7772703112280992,-20.26147668266094,-2.7756219036104994,1.2757446911818775,0.01225001191101921,0.030691923906393977,0.7458663772609752,-0.6652753492251855,-4.027641283574331,-0.2542972541705565,1.275598381500017,-0.036386921317580374,-0.04964398455492813,-0.1608400589073979,0.9850593597368654,0.9816581695910634,16.32396127973234,-1.5681597972757566
0.04073958759592401,-0.02276492003580539,-0.6268022301844789,0.7777795373073535,-20.143641812636247,-2.8249486872986154,1.2863309263258458,0.014909165882188673,0.03236034682621832,0.745229351733325,-0.66585564354529,-4.065638134984764,-0.2552855563174928,1.2781498266231037,-0.035404277498268355,-0.04971649998004297,-0.1606065848706254,0.9851296014539176,0.9177221086409144,16.18791712019083,-1.488140865924703
0.036436459559581635,-0.02439932464715324,-0.6197901646686705,0.7835414533714908,-8.226336209473345,-2.655572613327422,2.2605119518082937,0.011867158216836269,0.0315563314561161,0.7451699253847551,-0.66602188462765,-4.085261265437883,-0.2522211098729514,1.275321912582419,-0.03218922891887329,-0.042981711423719045,-0.16963836115746556,0.9840423021641426,-1.3770905698698828,4.479181635682329,-1.3913134052422131
0.037747519036443876,-0.02327519807601247,-0.6195271614193224,0.7837215616689595,-8.109074593538821,-2.693165841356631,2.2700873385778877,0.0137758071000575,0.028905679595524154,0.7430118594940688,-0.6685118289731523,-4.115128736866889,-0.25206040065515406,1.2772417887019074,-0.03541695461779867,-0.04367560009771397,-0.1667414267525682,0.9843959456876198,-1.4408127348803192,4.344309122312607,-1.3954850330103687
0.043989637332446783,-0.019174676115431857,-0.6258722255088427,0.7784479436287545,-20.163614164454486,-3.00937678266655,1.2899993757221928,0.015146152955642238,0.0264084855840732,0.7441812104404925,-0.6672836817779405,-4.142087229800695,-0.2520226688811166,1.2768690036777706,-0.0388851548180421,-0.049978500837210144,-0.160219887713803,0.9850480606395905,0.7668317202628916,16.16990319852706,-1.4962282901948178
0.0416786889029437,-0.0233420295866287,-0.6206916548113993,0.7825981767124144,-7.961781201549172,-2.733483553261749,2.2759169467465874,0.014520915579175956,0.027971398646188486,0.7487229843764424,-0.6621333978398555,-4.159813349645745,-0.24311175216060224,1.2701840040974388,-0.03907599429768617,-0.04665363167845497,-0.17346380916113796,0.9829581945495783,-1.5406142147774688,4.15432643800245,-1.4270563038283148
0.04620711962477309,-0.019543372915912755,-0.6271169419174847,0.7773077253128993,-19.746343649043354,-3.0310737425589878,1.3248005977073518,0.01283668030692844,0.032345035256597855,0.7462630692598464,-0.6647408892130983,-4.200712392636261,-0.24790039529603583,1.2676026622826722,-0.03499419041688304,-0.054683533301417994,-0.1614603322969563,0.9847414274403692,0.5894826331617269,15.704427671579005,-1.5618701540964588
0.04301682580416881,-0.023495548694361608,-0.6212206841016926,0.782101255294677,-8.03967293126243,-2.8520478885884586,2.261042882842986,0.012472463480395872,0.03245840836838007,0.7437701178822815,-0.6675304495873569,-4.217315585463785,-0.24994458081535087,1.2659828094994336,-0.035781222784169495,-0.049444549641541574,-0.16533051522332853,0.9843478863403952,-1.6492249637893839,4.194604059715934,-1.4341742062579443
0.04425198816438266,-0.022654879589081325,-0.6285479400784489,0.7761803946232101,-19.52200611457505,-3.1538537582021036,1.3565872756456727,0.0127680468221428,0.03496359899605904,0.743096290952827,-0.668148506020736,-4.2307370331998335,-0.24467173355619806,1.261664017986198,-0.034335666269385404,-0.052910053915808636,-0.1549769378966811,0.9859024986968193,0.3507762933458367,15.479427301713386,-1.5998584310450439
0.04291860356240624,-0.024204836157548492,-0.6288992428894759,0.775923876206863,-19.48627028647968,-3.225681242386486,1.3693378202137403,0.012787984828817683,0.03184015516393954,0.746602659749384,-0.6643847834036384,-4.257795822055416,-0.2336788101485888,1.2647475954985614,-0.03648411546698542,-0.04870970933532596,-0.15979967639484582,0.9852717071748089,0.2399116610119737,15.434749663722176,-1.6063615397487534
0.03440632969248573,-0.03136779871044981,-0.6249491410187507,0.7792758412918229,-7.688725696810934,-2.984016576545514,2.2771736319059777,0.011850744557542984,0.03515646546962524,0.7415672883060654,-0.6698518789280983,-4.303245110631697,-0.23194047360046188,1.2658986592304635,-0.03357247405988608,-0.03930552654394618,-0.15768077941167347,0.9861362666349557,-1.9581133988954607,3.792176618617919,-1.357669752344521
0.0353456491642187,-0.026892929924537914,-0.6293817386992274,0.7758260645255296,-19.508194008001794,-3.3388472413088266,1.3843542085305813,0.013262681131248656,0.03160594045291309,0.7418806339483128,-0.6696553522445311,-4.343293927016651,-0.22618967951549712,1.271747164036554,-0.03401807899415519,-0.04108125985517181,-0.15262767782188996,0.9868433980895636,0.08331245956236177,15.409843175904335,-1.4850266791671938
0.031258519066868794,-0.032870132501544816,-0.6256666955299001,0.7787705987515017,-7.729656920052264,-3.029096905635356,2.27121715392526,0.008377463811080853,0.0266787348713018,0.7411162193904198,-0.670794165569597,-4.3386377386083534,-0.21899466524869782,1.2694392811945792,-0.0351607471651374,-0.027135216800301867,-0.15635664687830844,0.986701576387188,-2.027524254722937,3.812140025768614,-1.3251333582257045
0.034202152980749495,-0.029837724400831322,-0.6310538711278325,0.7744100558932835,-19.176714282559885,-3.398368317739255,1.4146851808158694,0.010046348970365215,0.02205234565836504,0.7388254872386752,-0.6734609597666843,-4.368505583282074,-0.2151623033822166,1.2759436124831056,-0.03894246161354369,-0.02859222547069884,-0.14610974326204934,0.9880880083524992,-0.13042442979992286,15.071049736048355,-1.5104780553380628
0.03577625411833741,-0.034902687250668515,-0.6278579067616951,0.7767215144315013,-7.3871002693630885,-3.11421874988082,2.301400259107229,0.0061538987060102855,0.023120742781440953,0.740507400846254,-0.6716221780702867,-4.411461579052853,-0.20915229420457251,1.27180589476828,-0.04013714828975534,-0.024873314425346252,-0.15244277380403498,0.987183634523788,-2.227894195175759,3.3997297359921275,-1.3535975988299327
0.036747385235553584,-0.03467188834806826,-0.6283392798238063,0.776297133362754,-7.379362837218309,-3.1210546357847306,2.300923024092633,0.007375669688512788,0.019807773730666323,0.7420710762130638,-0.6699878875356374,-4.450124199106683,-0.20370433176100516,1.280821883396933,-0.043629017462200256,-0.02405056742428231,-0.15410433018292746,0.9867978184312755,-2.2520689702335366,3.3533957373318097,-1.3471824356033448
0.03678476052083187,-0.03474937369670856,-0.6284779176926655,0.7761796630895469,-7.457158262665075,-3.1495571456383686,2.2942047152039216,0.008297516691297654,0.018487240641824148,0.7370419069084502,-0.6755431893009982,-4.470284470132706,-0.20395804294321973,1.2881133504078757,-0.04528298030068708,-0.023201433531151207,-0.14654457983576336,0.9878946458494178,-2.2689572038981023,3.415728690763724,-1.339708803660249
0.03840188700181409,-0.029010686030338947,-0.6317420649217453,0.7736831642081649,-19.135755346482938,-3.583403431756551,1.4038499941853573,0.012287283497628166,0.021394165701107738,0.7396882475764862,-0.6724972927346468,-4.4954769292114864,-0.18978256790181983,1.290443633395465,-0.043274898514066816,-0.033210516348521665,-0.1462614766886315,0.9877408188382835,-0.39471510780237173,14.942725776565338,-1.5576976778324043
0.034312935637750105,-0.03151792225993323,-0.6302346155697207,0.7750055305364102,-18.790305864014897,-3.6033731039448185,1.4290736659036405,-0.20587810967670356,0.23218861399810642,0.8078565989350303,-0.5010692238031702,-4.940934728649603,0.05055041056447385,0.8967348134151018,0.26323485798976587,-0.062123219310914204,-0.30882393970545063,0.9118529977065164,-0.760261071273011,14.192301537156826,-1.8547783508454387
0.0328546177505307,-0.03262081349602441,-0.6291563457106877,0.7758986720386224,-18.834097691449585,-3.7070249433536446,1.424654090460173,0.008121033787104319,0.022495693796107018,0.7417332020724331,-0.6702684906171821,-4.539923494718294,-0.1735885517829569,1.2846510709857453,-0.038365146326076245,-0.025068436286156556,-0.15280213014396332,0.9871935970583545,-0.5112422246173469,14.640682626786525,-1.4890376606103963
0.03199504269030161,-0.03270073974710937,-0.6286538007677775,0.7763384427190663,-18.66616554869438,-3.6772545059885715,1.4418709227940845,0.004924684598251249,0.02238442172283923,0.7371603096487164,-0.6753290775794795,-4.56176945926554,-0.1694292186905952,1.2831889622404198,-0.03546404028271593,-0.021975523958973675,-0.14686046407964812,0.9882769765019647,-0.5070300266890472,14.451345905090832,-1.4715737636143325
0.0332691721829302,-0.030582741237415768,-0.6278023410053732,0.7770598939263569,-18.67486620228982,-3.723512019085888,1.4539909887007454,0.005453800316893171,0.021997901667273865,0.7356611713693673,-0.6769704493726375,-4.610281497676709,-0.16004541852697504,1.2852838645296858,-0.035448377017157445,-0.024288821842538798,-0.14575051474033504,0.9883877038658859,-0.5334624874690901,14.425311870917435,-1.471425982342929
0.03696423320811102,-0.025772488889932416,-0.6265274905968111,0.7780955775521522,-18.522229945236518,-3.7915017591618607,1.4705602222181184,0.008937389251621453,0.014609932932227745,0.7383018546840925,-0.6742529527581691,-4.613392673881691,-0.14080336711040603,1.2834311721476495,-0.041751738168005134,-0.026881029463764913,-0.1512610137759241,0.9872458196044177,-0.594309620804462,14.292415821677196,-1.4805459557295817
0.04198623562201114,-0.025942311387046352,-0.6226800267838731,0.7809185211932327,-6.465998581392228,-3.4399666949093444,2.3723957845786323,0.005511119741323397,0.015033948369391386,0.7394293723608648,-0.6730436919291651,-4.662280170421289,-0.1372133854447687,1.2737657838967766,-0.04238347416495311,-0.028757499737122296,-0.15756903779073014,0.9861788101841783,-2.8036952863183995,2.37264708092124,-1.3705495169912136
0.04433658266848918,-0.023836936322006688,-0.6221529583960136,0.781275728704757,-6.470671756241643,-3.462703355594954,2.3684681110228176,-0.1496154322193629,0.15236931969619422,0.8124098946178229,-0.5425762397895708,-5.045547968705978,0.033693838206746346,0.9947520629409452,0.16826658961567362,-0.049044890676641195,-0.2939615582757787,0.9396103212362573,-3.0615327188645427,2.02242275165462,-1.6369760390102572
0.04386046228676297,-0.016895937410695172,-0.6235728627740472,0.7803509927966931,-18.49826622399786,-3.9673740778848696,1.5016103228157789,0.018049098981980594,0.02061909397257997,0.7442683231857811,-0.6673183244089093,-4.691233840781709,-0.12406704924222312,1.248599725111375,-0.043071126059698366,-0.04871404285285623,-0.16345960753161987,0.9844047830209322,-0.6772681397739247,14.233679907299845,-1.5533289006260216
0.04168866028479102,-0.018410097093135992,-0.6228172138852759,0.7810389503839504,-18.33693655091156,-4.030332984638335,1.5210696656782439,0.012568717442246092,0.03602855568780911,0.7459071486152309,-0.6649560106966501,-4.743843248351131,-0.11967600279834151,1.222971299590542,-0.028830801467705676,-0.05482168390077491,-0.1667031129729012,0.9840596729803318,-0.7654083887377445,14.040623593068442,-1.5586293060926477
0.0406280856144726,-0.019602636941080342,-0.6219656637018799,0.7817440811801131,-18.25182582034779,-4.048133425514266,1.5269900608603884,0.023200337121241775,0.023895241429383304,0.7394354357686103,-0.6724031514829312,-4.73478251753116,-0.12695583090401752,1.2387039417573444,-0.04508804372560229,-0.04997074796573453,-0.15841199723956192,0.9850764598706622,-0.7648515889404541,13.972072322810833,-1.5379854739884937
0.03876942697077359,-0.03275658241151888,-0.6191069732219898,0.7836647839152795,-5.827964343345457,-3.5161761679455594,2.4249584098539323,0.02753494247745488,0.026694018938166933,0.7471651216375933,-0.6635311125365355,-4.773902970338305,-0.0989715022959366,1.2406042409209972,-0.05525100837103103,-0.04519838952609566,-0.17279339244580505,0.9823679937708177,-3.084726389551119,1.6874697475627345,-1.3520121505147724
0.03742815479367195,-0.034882302244163686,-0.6181649375246302,0.7843815833088241,-5.949661559018523,-3.5861051755655353,2.4136226989968463,0.022025959258554533,0.029396121946744277,0.7484757829172987,-0.6621440383478276,-4.812150069480836,-0.08839526705916571,1.2350555391592593,-0.049996492955592886,-0.04159041139223439,-0.17590783280476038,0.9822560881614828,-3.1456161888138703,1.7948742034352447,-1.34180957279948
0.03596024922158541,-0.0258980447159712,-0.6157102912621348,0.7867254851533082,-17.878031263292485,-4.1330886191585705,1.554830596632069,0.013262893700822495,0.028796863469346474,0.7511819629097305,-0.6593333715989907,-4.85448327350806,-0.07070983636707377,1.2295407447799973,-0.03586766771524421,-0.040758571983918246,-0.1836366265412274,0.9814936773179226,-0.810363437448955,13.535828963184333,-1.531725328992312
0.04099869817363962,-0.01817210424572312,-0.6139149237199245,0.7880972959028021,-17.85501086088823,-4.22974436144284,1.5526407287803323,-0.09473757644791819,0.20349291644954587,0.8968484143769111,-0.38115396651911326,-4.975831964076196,0.36725378273250164,0.9572938457033103,0.16766532678898588,-0.1320546530061178,-0.46618633837724127,0.8585570480303546,-1.2796493459249207,13.507987356169995,-1.8046756057128
0.04670685763070854,-0.009829797633970055,-0.611715913394349,0.7896362997157979,-17.808460217664276,-4.2524135541922305,1.552761182285117,-0.012573898353103652,0.04870720931207037,0.7863050428748516,-0.6157872070697911,-4.999026284121509,0.02543732941719512,1.199224952807824,0.003233076740319899,-0.0614421008754498,-0.24205680885967018,0.9683093084027827,-0.901429979379692,13.390343218957696,-1.5468439535186087
0.05137730933947053,-0.004009260103834289,-0.609821505492493,0.7908615740806514,-17.8092128440515,-4.326960901334132,1.5463339914997292,-0.10831198501135153,0.426343194487933,-0.506770851443371,0.7414062978853674,-4.410188059286139,-0.5340421224709331,1.4815609259384916,-0.38577627254615354,0.24806344002080757,0.02986979621966254,0.8881154162265368,-0.22357104258498245,13.865037163914556,-1.2786923117065416
0.04977841159640116,-0.018967708308159293,-0.6051426979860705,0.7943328338011815,-4.789076858049043,-3.70634872099572,2.5076751394713632,-0.4371200543463462,0.6233827107581602,-0.5489639659869494,0.34490378087799295,-3.3269194939270963,-0.12538764087311544,1.7562656135285837,0.7520356576905534,-0.20986882620780986,0.25008393372275567,-0.5725866497237297,-3.036533680870334,2.266775590970276,-1.0802751110748896
0.028091304382177856,-0.03071382262512135,-0.5761515699834815,0.8162823703372686,28.711810960958417,1.8060445192331827,5.127798640650919,-0.0018189710759288502,-0.03177584815682536,-0.635870908448563,0.7711388815297401,-2.895095316590232,-1.0482981272133856,1.4431283415783325,-0.024369412554870542,-0.021163888104443113,-0.07380884253067811,0.996749956777684,-7.939161795443839,-30.929290294684485,-1.034071296786179
0.028434957833042993,-0.025596324189283842,-0.5715098831426119,0.8197028332458954,28.82590196259804,1.7376102271400669,5.153339429662342,-0.003664294444285702,-0.021375878494991278,-0.6368031664374096,0.7707213322466698,-2.882187642315516,-1.0098488257007407,1.4578071140451323,-0.029002355593440228,-0.017995886760931713,-0.0808128865487196,0.996144712778913,-8.41009318066249,-30.890951186304683,-1.2758935041575017
0.03110690435619083,-0.01788641270940217,-0.567310376807274,0.8227219293956813,28.978700802497883,1.7204580058426018,5.165076943866225,-0.0035882206964110066,-0.01987259780495699,-0.6345056661284256,0.7726543626872491,-2.8734978557278716,-0.9897740879132483,1.448827466462983,-0.02706209247691222,-0.024302749100521027,-0.08300453281628657,0.9958851676116469,-8.774380830501524,-30.923954986063116,-1.5613060573352489
0.037320144786384575,-0.00632142654096594,-0.560211530390307,0.8274843125868675,29.22711749277886,1.6311255295677256,5.194518491553126,-0.010969871981298568,-0.023364271605048788,-0.6364106728478975,0.7709184316167085,-2.8628785755877066,-0.9669403937120195,1.4377936122731814,-0.028782273428014378,-0.04435665121876795,-0.09380115052337455,0.994185803755748,-9.417617588467467,-30.955264689309878,-1.9263548479559414
0.04762303495603512,-0.0007261315466055145,-0.5596055187508314,0.8273893778978348,47.06514711265265,2.0155316014451046,6.952535804945363,-0.017549096095159148,-0.03145780079829057,-0.6370536608557439,0.7699773173188109,-2.859500981190166,-0.9508945736568077,1.4245981255890836,-0.034047218224411084,-0.06562774519599873,-0.09469701715905948,0.9927568992119093,-15.620772920138151,-47.763109196828744,-2.5505136271963402
0.05041639950233032,7.06713601703656e-05,-0.5503701341610975,0.833397202473272,47.18487661658145,1.9367155865821815,6.919583567658744,-0.026770056709964515,-0.03991382617967239,-0.6356127646497974,0.7705106514239018,-2.8456700184352965,-0.9278258426556456,1.41941304037391,-0.039144165707115014,-0.08009727088823351,-0.10364142978869453,0.9906112332891779,-16.787652515617875,-47.47244205914706,-2.4606986778988924
0.044584182602859276,-0.0034568645579543117,-0.5396686242494952,0.8406890487866009,29.70223558587071,1.5037671449929348,5.268174854885654,-0.030631340639366716,-0.04566619059097201,-0.6392255722102063,0.7670508378458879,-2.8343554756695695,-0.8933986450743359,1.4205760756873669,-0.03751487321953124,-0.08076959857173499,-0.12129478969585229,0.9886134129307179,-11.245070826643458,-30.807357704880452,-1.9066387817242616
0.04563755219363406,-0.015110267810323987,-0.5412473154443648,0.83948808041612,47.253718976321636,1.8540758929841559,6.844265841599235,-0.03108355820033088,-0.04876051474693736,-0.6422360518361778,0.7643226271235848,-2.822447305705496,-0.8469259003765305,1.4304880864702687,-0.044288951428451184,-0.07551872510237538,-0.12276694884029968,0.9885664809271673,-18.12546373325366,-47.04783796656317,-1.4816669333629722
0.039142123922863516,-0.026028477151239047,-0.538583543750237,0.8412598759678435,47.33065482767739,1.8223830096902702,6.816923280509862,-0.02684088203706187,-0.04406803576137242,-0.6454577435713553,0.7620510983781741,-2.8137596717351125,-0.7933185001278248,1.4516605183698317,-0.04547441888580411,-0.056958285047290426,-0.13014597641441533,0.988812346107495,-18.618596271836225,-46.93153233376677,-0.932410883212319
0.03522218954322644,-0.030022437041748326,-0.5366956753268299,0.8425056692529335,47.27863288402199,1.8197282538453692,6.78584258647378,-0.01954515951608218,-0.03355804230326941,-0.6428426724846806,0.7650131652259433,-2.811991476652774,-0.7403789833508893,1.4788618714167596,-0.04470159389322499,-0.03843741034301375,-0.12925055761344886,0.9898578818932243,-18.891105088223764,-46.75783974414479,-0.7870280965224015
0.03170518230889857,-0.028680761978924194,-0.5314887534144083,0.8459857565592143,47.41643834131787,1.8061013208231316,6.7872882474249,-0.013731627535589047,-0.026067929204418375,-0.6444957501775512,0.7640400077713816,-2.8188605590626046,-0.6910030670003959,1.4978263976908102,-0.04047060705748773,-0.02787190806259632,-0.13793523153523463,0.9892214911771123,-19.600009036352652,-46.609754191459515,-1.0815047760707388
0.0330097324674027,-0.020317152879642586,-0.5256686100929514,0.8498059091488128,47.54210604818138,1.7892560506077189,6.795556602988423,-0.009828254089914838,-0.02144955010824934,-0.6441673000835815,0.7645206417911337,-2.829387115893962,-0.6552737315969186,1.5050153702695848,-0.03540102057690013,-0.029125266578754958,-0.14462494888224356,0.9884240541132326,-20.303634294077355,-46.43401545720634,-1.7022100169961207
0.03600382363074764,-0.009773217631774057,-0.5160686048431037,0.855734423753293,47.48327541971338,1.8065132165087334,6.80468716445786,-0.01210199652329573,-0.020546478645106347,-0.6418131640749571,0.7664902127982642,-2.8391362419786206,-0.6360848425297665,1.5028472740742538,-0.033621860620033174,-0.03944444182606735,-0.15280205613309472,0.9868967717745233,-21.2409368308184,-45.9265025723076,-2.449463405540495
0.03663389693727587,-0.005587666440986151,-0.5036702383224388,0.8631008206502593,30.733592715458258,1.3101012684776379,5.436694811745731,-0.021508228678326854,-0.024117626440286276,-0.6437346159358474,0.7645662040921863,-2.84230911739092,-0.6141370307835347,1.494115961059282,-0.03802245299885003,-0.0509593644916865,-0.16951492961783937,0.9834745166374229,-14.757231696776984,-30.392653100757226,-2.257998020376046
0.03969982443632452,-0.006374949010154314,-0.49354957064210325,0.8687877216465704,30.82074243594053,1.2431445696333867,5.452771603243605,-0.02970244890493451,-0.03178577033123113,-0.647546206121909,0.7607833727616701,-2.845710020441929,-0.5929307013522248,1.4816121216554345,-0.04444830999039327,-0.0631322333792198,-0.1856446450003914,0.979578855748851,-15.574872187439022,-30.08933224238268,-2.150986420050641
0.039463642821006686,-0.012195446793369633,-0.48886508809635126,0.8713809830455063,30.883865566462134,1.2261631692776973,5.448146922302289,-0.03608597860885114,-0.03725476238421543,-0.6478570259101768,0.7599941834029769,-2.843666162185972,-0.570272678647773,1.4774335534018372,-0.051125127708427684,-0.06640259622378093,-0.1910853754203141,0.9779894149897616,-15.995411003138933,-29.955183802812442,-1.8368269110141573
0.036408639089729515,-0.018977936302314848,-0.48345661399478684,0.8744049126794947,30.986010158852594,1.2285222955697463,5.445759529047265,-0.03213776081537196,-0.04024771784732118,-0.6499502830744398,0.7582294606972958,-2.8521010989609246,-0.5406700291724086,1.477743557922533,-0.04858420840158266,-0.060004190110082886,-0.19967339980696902,0.9768160549831021,-16.48950647572635,-29.825408727949515,-1.56017182480812
0.033332104460508195,-0.022576541596137045,-0.47922564589367067,0.8767679572723822,31.02625556894509,1.2392007894004564,5.4354921066364845,-0.028267571906525044,-0.038197388072224205,-0.6529423001280502,0.7559155089204483,-2.8587981085660155,-0.4995859087617829,1.4834252834750996,-0.04641636701254423,-0.051734774342219784,-0.20831340535424525,0.9755893393979017,-16.853028937845142,-29.67673098781776,-1.451250350938646
0.030027693414367916,-0.022501379527800586,-0.4729156719882223,0.8803083509404457,31.147117312048977,1.2531957630951638,5.433035317760758,-0.020938102867137605,-0.032506704773748445,-0.6521994011585438,0.7570606654169232,-2.883828147125563,-0.46247303213498786,1.4915358703707282,-0.040467228485080706,-0.04106701496636496,-0.21466348843266586,0.9749848667719963,-17.38787567606167,-29.52638888569554,-1.5615136882243559
0.02977416772710019,-0.018553380228814913,-0.468398005264229,0.8828208083652849,31.130730975579127,1.2726752088822195,5.410236920654487,-0.01951168963115099,-0.025103920556023777,-0.653043918074355,0.7566523165936582,-2.9078380885366073,-0.4329742017020958,1.498510063005512,-0.04011156440349911,-0.036706880960105416,-0.22099686774353142,0.973757696626236,-17.68577603078624,-29.340901065386042,-1.7776056124324549
0.030937674445945515,-0.011600080855038178,-0.4629191365488856,0.8857844949201061,31.12377123064391,1.29593517221997,5.388142897781602,-0.01993079995156499,-0.021072644991226453,-0.6529625824473417,0.7568345742433171,-2.9394125665249695,-0.41485583300425755,1.4990429512510743,-0.038888583363390135,-0.03931397245052011,-0.22714778615438952,0.972289037734823,-18.01922588269058,-29.13974976308764,-2.1295250622088338
0.030046598290785126,-0.0086197878185384,-0.4620686315042983,0.8862931123329688,48.613415306549086,1.829391047180252,6.98250600833849,-0.021996218524324363,-0.021404743770976925,-0.6518109021094972,0.7577602201263488,-2.973429749781538,-0.4089996806142472,1.490357336760273,-0.037991224922391355,-0.042187607589693164,-0.226725542686915,0.9723026282429139,-27.6477176380952,-43.840604421646105,-3.159396508158297
0.03548254591656339,-0.0020282377120254607,-0.45032418408443614,0.8921574997811481,31.100972148118444,1.3442006097925514,5.384714317428557,-0.026601460298544582,-0.02590739817734398,-0.6533022154617558,0.7561860778290137,-3.0066968832965517,-0.4009217204929147,1.474406929550893,-0.04022242378329725,-0.056739861225283406,-0.24134637810310583,0.9679435265291283,-18.760568775736335,-28.68893909536606,-2.5797045112071344
0.030353221252725035,-0.016148476267845293,-0.4503995662625489,0.8921648611015331,48.606085608193666,1.8074384531976193,7.00631839433132,-0.0319155527280641,-0.03384099359556416,-0.6564458316565144,0.7529376167700178,-3.050016940736264,-0.3868723881057621,1.4569870431162253,-0.04668664783422719,-0.05233294678959459,-0.24499255749271864,0.9669851427852949,-28.913806397603448,-43.14464181955897,-2.5484683484938477
0.03234495296297774,-0.01766515859604186,-0.43876237322274797,0.897847050467696,31.301404981030373,1.403758936507984,5.407200270876469,-0.03315364007441446,-0.034366633265006136,-0.6549063555212179,0.7541998648672386,-3.0912229934088575,-0.3783171470776653,1.4566438948217124,-0.05065169617170378,-0.053262405150009524,-0.25539396559744515,0.9640391300196153,-19.736228830490404,-28.440963176997943,-1.7967846146439272
0.030907037560304686,-0.020895020745323237,-0.4369680388626265,0.8987030021925201,31.13645022905638,1.4218019005554652,5.417548960439067,-0.02738798703029222,-0.03008968069949409,-0.6578438252866463,0.752054526489977,-3.1315510480234163,-0.3573847777412451,1.4562027156159951,-0.04845487527704301,-0.043627170244998084,-0.26108017375210696,0.9631126299410001,-19.79383027402527,-28.25888346871382,-1.6713674097213673
0.02622295269128276,-0.030303660424009202,-0.43030862621036997,0.9017918446770303,31.207732397692155,1.4932022868390504,5.446232182051784,-0.019189070029669797,-0.02402035477147575,-0.6596217965117327,0.75096863297656,-3.184381447115716,-0.33649763536161825,1.4616503530323839,-0.04664995086184127,-0.024458715123149656,-0.2704818921934372,0.9612830485005809,-20.297402233734026,-28.07893637086658,-1.2770997277082645
0.022305648800932793,-0.03395121696073162,-0.4328853899597814,0.9005331820970413,48.862105578639955,1.8894320897967418,7.013391363047393,-0.012898295674357492,-0.015827680079011953,-0.658983059951189,0.7518806056877521,-3.2355548583411498,-0.3220885950281784,1.4657844265618507,-0.04390823335664916,-0.00900861798834148,-0.2671670232215107,0.9626072374278073,-30.956940547018615,-42.305733231883444,-1.313680763810711
0.02543864705627355,-0.02468245263167786,-0.4167718056823717,0.9083198301018682,31.321269621460374,1.5394346082603079,5.486539747395732,-0.007757386698225636,-0.014819914216756666,-0.6596882500964458,0.7513531831162434,-3.294436582973963,-0.3181320592365774,1.4554034839951897,-0.03626579818417304,-0.014930619234531739,-0.28549662651835905,0.9575769132231493,-21.23465399249055,-27.643994039063013,-1.6872441783765009
0.026900096493737275,-0.01820267507924829,-0.411627258886556,0.9107733237036135,31.286871313480617,1.5411043397655249,5.511472112429654,-0.012360993974800982,-0.011404475147950002,-0.6609688331665832,0.750224863195669,-3.350395065201111,-0.32253914593022387,1.4469845140870243,-0.03877619284212485,-0.019599039772964004,-0.29264799242293327,0.955232661208501,-21.522218082976444,-27.426514454953924,-2.0769887596271843
0.02863632515786246,-0.013136897895597301,-0.41394227254335714,0.9097577577557527,49.03644909938504,1.9039184567077427,6.9871902014829,-0.011446907471672388,-0.017633937097209063,-0.6623677528016453,0.748883817838445,-3.404402208498734,-0.329261323079287,1.421485315014944,-0.0332612189297355,-0.02991073805908234,-0.2919441841603454,0.9553887336571535,-32.76889204913126,-41.272393346780056,-2.965857381724062
0.02921107213473824,-0.013133174320158899,-0.4081528071286858,0.9123516422027141,48.958301906445286,1.945369524368175,6.94671404095903,-0.014971911017933772,-0.027518431646978654,-0.6630259315844872,0.7479406339053152,-3.4759780831810887,-0.33412318510497496,1.3953991885991317,-0.0329837054274264,-0.040762177402522505,-0.298638256600849,0.9529248195760711,-33.24751532411051,-40.88214074877855,-2.936016723931206
0.024565274248689734,-0.02198878078553864,-0.3933106102961606,0.9188143472155372,31.543071713841414,1.6616693685132304,5.551221540512241,-0.02158243825734861,-0.029400034274773335,-0.6625044049704485,0.7481695995817137,-3.5457049679704906,-0.33892591730319344,1.3889218105832257,-0.041213564024012356,-0.03532504034642481,-0.3132587191552836,0.9481152664830121,-22.83849974854277,-26.961929411312454,-2.001664612436567
0.02261027568911573,-0.026486293349975307,-0.38924376594738663,0.9204762584493624,31.599502230580754,1.7053295910736779,5.5570516758370445,-0.018003004375709536,-0.032526659343189386,-0.6644162170588055,0.7464375384281571,-3.6003706415528325,-0.3351109477987718,1.378257913607519,-0.038385620092235756,-0.03219984514342173,-0.3198209254390242,0.9461523607718791,-23.149792698045285,-26.861500833689732,-1.7898704180757525
0.023517769086017482,-0.028184591788005343,-0.3919552317050052,0.9192516737336061,48.864380990296695,2.0625873437024893,6.976357443613107,-0.019973518775978527,-0.02581314513402979,-0.663940835650996,0.7470724910214885,-3.653058269856361,-0.32956835787471106,1.3810467976305996,-0.04452547304169399,-0.026115976112716984,-0.31633974005358706,0.9472405222037972,-34.757405042291225,-39.79507570298976,-1.8401307260409476
0.023743906046108872,-0.02679688925828264,-0.38420750769467554,0.922552299158589,48.91523600302901,2.104340302419473,7.0024163096047864,-0.010724764186666163,-0.02238720244849378,-0.6615485006207618,0.7494914101749883,-3.7488246504946052,-0.33930023430240197,1.3759061665505672,-0.03681612013702867,-0.020397607134549165,-0.3215339135608972,0.9459621838908012,-35.480495086242385,-39.3484970766537,-1.9906095107579689
0.02152826541809713,-0.02700804062473534,-0.37307819753682636,0.9271568141648818,31.490064710456807,1.813588660680125,5.550895645141544,-0.0271222285420876,-0.03395761788536123,-0.6979210871314289,0.7148548251524551,-3.8998489489159542,-0.27684898557743476,1.382258555125382,-0.04671677762021347,-0.03732095119903055,-0.37892197515378495,0.9234948976772626,-24.179832808268216,-26.198724358224258,-1.7765080706237146
0.023214272696621286,-0.02909112375753614,-0.3694360493627076,0.9285105327851514,48.90220159721616,2.2309163702028627,7.090812289475572,-0.23049153405292883,0.1929298170907517,0.8371119325009535,-0.4570507093001561,-4.752432155563799,0.07274526336477313,1.3675777768418944,0.2503264198870554,-0.10012231143596388,-0.610642770401939,0.7445989613309262,-37.64541730872337,-38.673802246478296,-1.8418508110892482
0.02288226295148078,-0.029766791016211037,-0.36911786199052793,0.928623898117186,48.77835395276327,2.2327235991512,7.115742351360144,0.21159299509546012,0.2107631146768728,0.8969326908533796,-0.3260660393183437,-2.9602120712298987,0.5278890040172852,1.2146642030452275,0.1528538184593157,0.28464032912437914,0.701435150952086,-0.6352986087086893,-36.60381960931924,-37.01749616788976,-2.115127891421577
-0.03542238980172561,-0.018493216789401655,0.1021894434460741,0.99396205806947,32.68214363144557,110.6132384864573,-1.6631293562393807,0.024165644632093714,0.03293029858846149,0.767717133686866,-0.63948574628213,-3.1900074899209923,-0.12247418825001918,1.4066693540361395,0.018930308767115482,-0.008758530524287303,0.8291499640867107,-0.5586369738999047,-57.648251305056725,-101.13259011875198,-2.74067311305877
0.014364767188816251,-0.037330336488452916,-0.3979449299872367,0.9165369234999337,98.72289079562628,40.33399476963723,11.00898458139578,0.027177619003967108,0.02723513283768205,0.7668201159353534,-0.6407078385360054,-3.206750827467817,-0.12201389594166956,1.4275619203786347,-0.051900480170265495,-0.022874553791688616,-0.44644673798382406,0.8930108650461818,-40.35394263525038,-102.4075668137866,-1.547162512990891
-0.03294391509717294,-0.014316628508266168,0.09673573741409128,0.99466171621973,33.47289820228991,110.52045257738604,-1.4848407172354712,0.025584508338483896,0.02871882269615922,0.7672508935715266,-0.6401927275982745,-3.206841150156197,-0.12278177700871892,1.4265240649644666,0.018120058615845577,-0.008351072560496924,0.8256644327174779,-0.5638086267592693,-57.31026457057461,-101.50717968460617,-2.762368474291333
0.020812201196577215,-0.025243382941912026,-0.402437783845405,0.9148625328608666,99.13188549850406,39.95636152061661,11.087420937664852,0.025340390546554837,0.03291205868903913,0.7646267815272647,-0.6431333811668104,-3.2120276983819465,-0.13708066643204403,1.4241610703258052,-0.042624705897310995,-0.039986644181168686,-0.43938257183781854,0.8963967638827578,-39.78252937948067,-102.88972234419178,-2.4889070347342326
-0.03482971401353444,0.003768781839529403,0.08794301451387132,0.9955092734391752,34.22020827335973,110.73805884421574,-1.3033938922453956,0.02741084643385268,0.03968396333754973,0.7650485145751408,-0.6421639968870679,-3.208087654907221,-0.15695708837648786,1.4135519078545158,0.005527989872025019,0.012868916083917293,0.8195722151831603,-0.5728046930905574,-56.273504615633954,-102.53387465822344,-5.104989237053584
0.01996059939478516,-0.01713607286674259,-0.4145022798940653,0.9096679555976063,99.72076288801588,38.68617166341551,11.32025822207487,0.03209870559197553,0.04400129018447977,0.7662031400528361,-0.6402861139635897,-3.2143013403556697,-0.18494286332479107,1.4084524879331042,-0.03687073625097794,-0.05765343476447258,-0.4301620520777322,0.9001540086121063,-38.30858951220994,-103.53869336942675,-4.126236796177171
0.018997605393188684,-0.018358875379430765,-0.42194094769624785,0.9062383126646762,99.99481596116331,37.87386138421357,11.466794450042826,0.03614643724026098,0.04922968615137799,0.7623435116260561,-0.6442842876851228,-3.2220447121479645,-0.21896523107575142,1.3918228997690156,-0.03822089404868646,-0.06251985595722812,-0.4174161206273595,0.9057561554356737,-37.41038387961757,-103.86861078139947,-4.250140098499481
-0.03862943640856991,-0.0025956549624472974,0.07147027683518815,0.9966910397646673,34.87656270765717,111.03274563831974,-1.1073756032394044,0.04093461241848854,0.0510596900485606,0.7615444041895648,-0.6448002683047317,-3.2319322585741155,-0.24014585197851354,1.3773493460637034,0.021516847147788704,0.016873417332715412,0.8069746926377164,-0.5899526748126478,-53.594621409474,-104.57470855529677,-5.642208240267649
0.013629459804821421,-0.03182336268005048,-0.43406070038522704,0.9002182067666977,100.3669841515397,37.63339948087764,11.546175997595888,0.040001668749408026,0.04667940548594994,0.7576224141565029,-0.6497916413500664,-3.246883712641461,-0.2638437405798911,1.3775837749758446,-0.04871493698799759,-0.04903223222527267,-0.39806727343614395,0.9147486763785868,-35.173279624918976,-105.01749342756636,-3.0986125880054725
0.011702749297000952,-0.043306238342235785,-0.44359512142625845,0.8951038954369264,100.70654523358452,36.878926687368676,11.671076183979892,0.037857185444179486,0.04062375684109799,0.7527036056968901,-0.6560135866437986,-3.25627641966761,-0.2722663511179887,1.395075332912599,-0.05613953810193409,-0.03355496662319456,-0.38062864100654986,0.9224121931772827,-33.80750332033679,-105.5844950189587,-1.7443493391084122
-0.028739184237430156,-0.031035673186176876,0.04824878109471897,0.9979393275155166,36.66958592470621,111.01823805567483,-0.633641300518093,0.02984617957254622,0.035657892582983276,0.7508252722047054,-0.658861996840153,-3.262215917114945,-0.26989238148388583,1.4099428264185363,0.035872337678906734,-0.00788195987655916,0.7811658379521798,-0.6232423154074371,-50.46346719115744,-106.93534290819802,-1.4296596691058563
-0.027522147519495114,-0.033494833653960894,0.04428945924555539,0.9980776880153893,36.870467134879846,111.11354053849107,-0.5998520206636755,0.02212120004495358,0.03131309008347692,0.7486122323352982,-0.6618986844645913,-3.2707418922010314,-0.2685575862498186,1.4265497837902856,0.030323284980694653,-0.012500442057867142,0.7766091584483721,-0.6291283274105917,-49.815609668652165,-107.41891493682898,-0.9881782395355747
-0.027079168268939535,-0.03216678156793557,0.037885194584612224,0.9983970797436806,37.64918885015436,111.03716049032255,-0.4663877176843272,0.019417997068588464,0.025075231705311996,0.7452463245479203,-0.6660346011226331,-3.278221828458602,-0.2718536906978022,1.4457558977377072,0.02627336429946402,-0.017305456644147947,0.769339006530509,-0.6380656114612153,-49.22065538454156,-107.90948909837846,-1.1292130248860037
-0.026540578121800336,-0.028231217572905427,0.0314495743079734,0.9987539838935108,38.61248046923777,110.88708557847735,-0.3208250502432719,0.0158856900933097,0.02646496877846428,0.7448407800643007,-0.666527915867759,-3.2929149403475213,-0.2771189278570133,1.4492467313218458,0.020035934167466102,-0.012653004712791585,0.7651286388720281,-0.643441239579507,-48.80884588773559,-108.3149474912885,-1.498130547850291
0.015521967642980694,-0.04577482354748893,-0.4613393607273408,0.8859061622391927,101.82543161341059,35.543063681704325,11.980973643415446,0.01834281909556575,0.025709927810874868,0.7429896798651692,-0.6685573095954005,-3.2993137172256466,-0.28960330723519645,1.4504969482024805,-0.0487765612294368,-0.012168416805686762,-0.34854862607929865,0.9359415750811091,-31.298429982159906,-107.07724177101852,-0.9775577540308031
0.0139823990991228,-0.04669731972513821,-0.46332438237156787,0.8848470882282012,101.97890483125795,35.385091180911786,12.031676929787729,0.018607543090100875,0.031845757416660396,0.742583765013877,-0.6687368383845207,-3.3144371339856233,-0.30029175505220085,1.4392035336087394,-0.04573713130025546,-0.01595483874516013,-0.3459167971456495,0.9370139419419193,-31.059149537047514,-107.26774922122344,-1.1375927183827133
-0.028904100847269194,-0.029248413469484046,0.019040956944515925,0.9989727349744668,40.364303560752205,110.66180096038397,-0.060222175422254054,0.019353825498389807,0.03349417412094082,0.744183059338631,-0.6668546647748138,-3.3309287823930394,-0.30993477005678643,1.4293458048706542,0.022463044453072744,-0.007923131786060298,0.7565181873655995,-0.653538727086366,-47.912688101541754,-109.2051173567015,-2.1988486327125547
-0.030701166434447723,-0.031248309746209693,0.013402613989031054,0.9989501246087467,41.52153398734674,110.60144062945028,0.12429286470890588,0.02231438556501907,0.028784568533881987,0.7418711699073468,-0.6695525999288467,-3.3446099199805093,-0.31551900560824375,1.4332439331167621,0.02530292100365887,-0.015243420066600453,0.7502524856621496,-0.6604911869897445,-47.86461509339136,-109.6341050668259,-2.568615357612397
0.014477112332735858,-0.04412560212907134,-0.4666573682651055,0.8832181186429194,102.7536074417039,34.91342823618879,12.241665714655305,0.020104372020607397,0.02866194222186683,0.7396108075407951,-0.6721236200748939,-3.3675703933718117,-0.3172241636033671,1.4277934593016188,-0.04674742047913093,-0.015746169325906244,-0.33828416659312927,0.9397502644120401,-31.09851488662685,-107.93575833514501,-1.611685837027408
-0.02611949750224046,-0.02053275527281991,0.010786984710041423,0.9993897231670947,42.610285601973715,110.54272953646114,0.2948320031084961,0.020518291279762357,0.02881096401034623,0.7413872114612222,-0.6701447088185555,-3.3782772043774445,-0.3152684546284709,1.4222537441584846,0.01853543199741042,-0.004552527869334888,0.7484948315984377,-0.6628658984448474,-48.402543781849324,-109.79807474818865,-2.700230435659463
0.021499152583355958,-0.03883134018740076,-0.46897796408246567,0.8820938627280622,103.12731094566811,33.681467004330216,12.493478391190735,0.023191097963591076,0.03123306363788536,0.7406994408974859,-0.6707093312047976,-3.3873306322976875,-0.3191618916355816,1.415500927379633,-0.04899114080341577,-0.028306475748359584,-0.33724650848710097,0.9397145332848412,-31.687498357787593,-107.78529196372193,-1.5383447639742036
-0.025000958833846145,-0.012928772917166195,0.010969377751061393,0.9995436316839797,43.86893312232007,110.48961845270401,0.4313797111070272,0.02715829891769616,0.034810378731110495,0.7424142563189747,-0.6684846567774292,-3.399144599764028,-0.32621969760382985,1.4104166745142606,0.020413500869776745,0.007292828151308146,0.7499274720621328,-0.6611647981300077,-49.717823942248906,-109.69387601629943,-3.281953205058282
0.020281042629709,-0.03723033635099283,-0.46409589979225996,0.8847697876629019,103.6532804686197,33.314559179685375,12.659133957267905,0.02783902150806678,0.041582424605475996,0.7436321464138305,-0.666713672925164,-3.419965996079133,-0.3355879854866003,1.4027298853929375,-0.04654021574041577,-0.039970509694249194,-0.34664438328136804,0.9359882682027043,-33.496624141259026,-107.69066398477442,-2.101477341023294
-0.02768590915521384,-0.01781708506824147,0.011247802817032112,0.9993945811568669,44.75279428816407,110.49076350797623,0.48981616851379783,0.008789086428319938,0.2800902846287914,0.892224759014418,-0.3541287390455371,-2.9568813779576857,0.2566143431366602,1.0081556076457265,0.018026633975139313,0.2488102592888218,0.9032657178365544,-0.3491125009525867,-50.23621227968221,-109.0406181482064,-3.809992084576659
-0.027628063222417065,-0.018245069030022917,0.007575475955821785,0.9994230434319146,45.5011335506523,110.18693051717116,0.5405281963882942,0.03002519680700393,0.039733984731568514,0.7455687925168056,-0.6645651763665357,-3.438910851202705,-0.36507736085794,1.4086821590658851,0.025551182796489616,0.006759945537548896,0.7507229904735031,-0.6600881999919028,-50.65600230525445,-109.72700999298672,-3.4030562251176955
-0.028050177459141845,-0.020201183526392833,0.005693203243492792,0.9993861551800044,45.87113365960067,110.2555842367425,0.5400718395160453,0.028978975296547,0.03694235927687412,0.7486358955638005,-0.6613166994377255,-3.452115120466012,-0.37801908576222976,1.4155261780816408,0.02574478740713743,0.002395949467584157,0.752392189810564,-0.6582077620778823,-50.629052114165525,-109.99624811800541,-3.2966584026698396
-0.02673835971527163,-0.021846379373596587,0.003305954250294784,0.9993982521970391,46.6180513541251,110.17206906153899,0.5585651529074767,0.02808376742049681,0.033723393873501,0.7466183200329998,-0.663803524323444,-3.4698211784541098,-0.3966436672377379,1.419753090796076,0.026740245725556083,-0.0008547955878934087,0.7486517277807688,-0.6624234439343987,-50.86131928907265,-110.18188521675101,-2.838172697481138
0.01788100057014647,-0.04509021892534537,-0.46485432063833265,0.8840574656433535,104.50082986043289,32.67337188531474,12.97541119310138,0.02531770814452912,0.031602512746251386,0.7444007060897073,-0.6665042262548503,-3.4885167690611882,-0.41597868596531795,1.4154766258951246,-0.05317469756046215,-0.022965291319565824,-0.346558966799155,0.9362381798800256,-34.3589171028776,-108.20176518397051,-1.4418808836685935
-0.026778081554073522,-0.025967375926523345,-0.0080580864178025,0.999271583194007,49.09728219345766,109.49385680422006,0.5746193200959056,-0.07109044387670713,-0.1993272481077786,-0.45798421544408996,0.8634032982073059,-3.840442712434417,-0.5599611100017359,1.5164532616818773,-0.05820482856936583,-0.16507065103821358,-0.4541848026791601,0.8735445284084398,-51.19087195717211,-110.8578574669552,-2.2721516196706535
-0.027213424545197727,-0.024793685211956743,-0.011682119374810175,0.9992538370129213,49.81801534269198,109.29904249978699,0.5983644170309361,0.020603401176769114,0.037088029000069786,0.7445202756538036,-0.6662503561764327,-3.5297946578387984,-0.44839202345936596,1.4056727048107263,0.020483208451709055,0.0005212987303732285,0.7366799840222693,-0.6759310375771382,-50.812990495587215,-110.91585773058637,-2.617721097095274
0.018889909118294884,-0.04170574595229161,-0.4680860708073103,0.8824960240161079,105.1314598292392,31.99742719288929,13.235471326827295,0.02188864714664588,0.034824684020127394,0.7416909048846654,-0.6694794471231765,-3.551598340593108,-0.4753286909808292,1.414160936843107,-0.04659487293488719,-0.027067750068678204,-0.33959455324613746,0.9390270465369768,-34.46106540367845,-108.69464116358803,-2.03478272529369
0.021993846893542553,-0.037869704151824696,-0.4695768558099316,0.8818048155311555,105.3734889856309,31.730739900108347,13.31075730004435,0.020070871765690213,0.032656910433709635,0.7372391279871071,-0.6745436638738073,-3.5690066089474546,-0.5098926209238568,1.4187761327084696,-0.04511849978523674,-0.028891793254400243,-0.3318725914047162,0.9418015546461966,-34.38065827474713,-108.91466272659056,-2.2161966436513874
0.024158049098021925,-0.0365749986762635,-0.47119059995212587,0.8809415852667897,105.5016000409673,31.151294450643036,13.361613903508307,0.018270006586913995,0.03133521162224043,0.7381292868092671,-0.6736835067940629,-3.586691657865619,-0.5501845378884892,1.4156965487166,-0.04460190832321923,-0.029404936548196897,-0.33139022526185546,0.9419801155446013,-34.480537987882144,-108.87836922686985,-2.130096674121173
0.026003518241292923,-0.035823993950110995,-0.472239761171468,0.880357919522084,105.63373756927308,30.956150060151003,13.384637646985844,0.02185327065997193,0.03545297331898823,0.7345953233578711,-0.6772261307311243,-3.6247571087079584,-0.5995156447372647,1.406747361197027,-0.04642279670368767,-0.03637240722999303,-0.32518893085212314,0.9438083127360962,-34.41114385293353,-109.03488245308581,-1.9789240131800219
-0.02320561969290483,-0.015891907688640062,-0.026982370368983287,0.9992401604088753,52.81006871152192,108.770925594201,0.9257631339269636,0.027224503981395153,0.03404665705973911,0.7327710142381006,-0.6790775303442816,-3.6430653479232076,-0.6507189856681801,1.3947634836513447,0.02217187261882633,0.00695912580724304,0.7142485288486518,-0.6995062670699314,-50.50721691424878,-112.25161860058013,-2.977880143972828
0.020673171269287256,-0.04233855683037808,-0.479508615891507,0.8762713928235948,106.11409741685009,30.540961624865986,13.435596182678239,0.02253231839789628,0.03904702158829055,0.7313073354462751,-0.6805565412624939,-3.655791826961004,-0.6928042598548387,1.3731151373946264,-0.046052801867800065,-0.03132488879822564,-0.3127297606690698,0.9482077765836823,-33.251521759372345,-109.82480817652583,-1.8242737138994576
-0.02739157581706492,-0.027530130228266707,-0.03740714441699275,0.9985451912910297,53.80234730958375,108.6228478330712,1.0993494882334147,-0.06854405896629157,0.21992146360868997,0.9153883985419294,-0.33015199778205023,-2.769312748934095,0.05908392197904733,0.9896898801381118,-0.06051359607906457,0.18287442422067846,0.9096176623810017,-0.3680906925474443,-48.38727066055447,-112.40278711236394,-3.2773570059357224
-0.025473227970398773,-0.027727804887292328,-0.04411715956061709,0.9983165628823372,54.29723777066454,108.76310605906076,1.1909803903565148,-0.44457783483984015,-0.001885448187392154,0.7155266519089273,-0.5388586124970567,-3.3150333576802486,-0.44020320111778827,0.9518315807145433,-0.43763272027661615,-0.054663925422800685,0.7028283354064315,-0.5581413695028206,-47.84820130191113,-113.78112721247814,-2.9997420760645177
-0.05494006755176473,-0.018344077329571516,0.8109998416166323,0.5821720885632798,-1.0143809080205415,34.759184418035034,2.829159395741847,0.018100848586427527,0.03175685621933819,0.7702538761247693,-0.6366889567742512,-3.101945515339984,-0.2552132183334159,1.3913398474778103,0.015442476562848645,-0.050189101469558,0.9661876313502172,0.25243621974102914,-32.37674782336735,13.358170269081155,-2.395575155394114
-0.05569868254472949,-0.01023311860592833,0.8040183776154107,0.5919015023659436,15.692971596908592,35.051326738377156,3.9518919704060522,0.015585937678980625,0.028623791745600785,0.770289980609779,-0.6368603480080681,-3.060906474601769,-0.2774665607017135,1.402854043898538,0.004649580911980705,-0.045010119562587166,0.9694180352942057,0.24120767686917996,-27.971997423723238,28.605263396604776,-2.3739079971589376
-0.054148012899091304,-0.015676440366119416,0.809701220693923,0.5841285604413625,-1.8478902528681829,34.651136592846,2.656225441348134,0.01765796352295535,0.02950277167197385,0.7717272536494969,-0.6350234867802124,-3.013913364983107,-0.29676127539293307,1.4113706881498727,0.0119156273669859,-0.04880666818051389,0.9662879245917942,0.2525145020660227,-32.66808139419603,12.293201720355999,-2.436901341504436
-0.05331284073116531,-0.015428910737982965,0.8089018787759568,0.5853182384304628,-2.1471164289188778,34.63226918144403,2.587414239600399,0.017735621141000343,0.028885746562854146,0.7703978396560626,-0.636661786226817,-2.966851461547632,-0.32487442655544585,1.4241239145262212,0.01169086828031805,-0.048334118163491015,0.9671911613122887,0.2491352927619782,-32.82675871098463,11.864565485828397,-2.3797263493337804
-0.0534807257167786,-0.010035433345689146,0.8016152713938286,0.595358764714663,14.629329810004947,34.94440698320204,3.8298237445922254,0.01598263735686481,0.029575585569506197,0.7681446267489284,-0.6393932064372354,-2.9166031760952658,-0.3424915169027596,1.4318353013792668,0.006737095789543324,-0.04270136209090235,0.9712903258968755,0.23393654702727762,-28.534995183829338,27.184762592363967,-2.3490532856549278
-0.058092697762543576,-0.007507871866475495,0.8006302035266006,0.5962886444731782,14.222230048983079,34.932728528733605,3.7926032313889664,0.016783972215227955,0.028888626859626055,0.7662198929569051,-0.6417092964512455,-2.8741307339887494,-0.36136600531564106,1.441910611434324,0.0016112558110285258,-0.045541446774320975,0.972212272318458,0.22962290398345236,-28.7090445537898,26.691805996453628,-2.6120241671251083
-0.06034965191618909,-0.010958032593793025,0.8059833142124331,0.5887518477647528,-3.3345986219827637,34.523020007638934,2.433367240220271,0.019843235864098918,0.031217728390175784,0.7663613501490978,-0.6413438862437617,-2.8292312934374886,-0.375884082957552,1.4487861619566553,0.006536642330887545,-0.050891329666519054,0.9697756681569967,0.23854244553634965,-33.235163908274814,10.305004949483026,-2.896386670029527
-0.05765369928852868,-0.007298581140151416,0.7985628652170943,0.599099434124214,13.587546501123711,34.87678699666935,3.7458740667891917,0.02320436685168526,0.03321586412902005,0.7646361724941083,-0.6431872102605392,-2.7829588288393134,-0.3975643869799922,1.4595351598356032,0.008925315820641535,-0.04740899827148869,0.9734641782366013,0.2236967127843729,-29.080694847040157,25.78396663748487,-2.645922815079962
-0.053500725315073744,-0.015546754505390097,0.8025038937109465,0.5940399577418004,-4.102950947990337,34.44601940124244,2.323325698465716,0.02456096514902041,0.036905572733659235,0.7656576684423417,-0.6417188422101896,-2.734297668757803,-0.408267458578942,1.4669370478893504,0.02177812881746395,-0.04872677120428638,0.9714057501613634,0.2313488349368843,-33.62655780601875,9.011588339854102,-2.339617818745798
-0.05041004953372078,-0.017659282878910113,0.8006964075797459,0.5966843717771565,-4.443116898667483,34.40066780181564,2.2880084642951886,0.023301534897004646,0.036787959141387466,0.7636875375215265,-0.6441156957938243,-2.6968345178237794,-0.4204849296801538,1.4782391446768095,0.02437591856393934,-0.04657880286739778,0.972864536694222,0.22532381800497941,-33.78015197972715,8.41063329901604,-2.0929610103431857
-0.050951033940162344,-0.01698767102090331,0.7982025618601017,0.5999900677625293,-4.86133853012592,34.40621865992557,2.2464888352643158,0.018222721016992936,0.034603317523971035,0.761606623606161,-0.6468584804532562,-2.653895866578923,-0.4312141618510574,1.4874382241651982,0.018533722691402195,-0.04357703976524126,0.9747340191804368,0.21829139832079614,-33.98895631852044,7.691670744078098,-2.1644251193469617
-0.0535336576769344,-0.015387187939793776,0.7971208194864834,0.6012451921506163,-5.212158332477827,34.351706934541085,2.2203225919337513,0.01580320242985434,0.031904917217921484,0.759761519338377,-0.6492262847289222,-2.6147002944832933,-0.4440136405776238,1.4964397408395451,0.011868808845867652,-0.044076963539103814,0.9757795688692465,0.21394061241171652,-34.06631465516911,7.201125316805987,-2.375492574111208
-0.05594846595905762,-0.008311298821203699,0.7888735152307091,0.6119471124503139,11.825705577073506,34.80773271010605,3.6017758093229126,0.015887741854585205,0.02953874356059732,0.7577082045212054,-0.6517310174365453,-2.560305869189211,-0.46168499331173773,1.5066327962407466,0.002858978882959218,-0.042266612863102425,0.9793312861651432,0.1977766204963407,-30.4002901907957,22.896434781262933,-2.618091926998334
-0.05638881117426977,-0.008348473246868725,0.7881875433618979,0.612789524598728,11.478714420761833,34.77850541703742,3.5572770819290724,0.018790475315537323,0.03311093555233621,0.7567359377307727,-0.6526111434315179,-2.52363773605972,-0.48266636522891193,1.5184156164797378,0.007129856580907588,-0.04264013069445148,0.9798100439528966,0.19520056907836758,-30.537398082728963,22.45497097764839,-2.610489262062959
-0.05469482443547027,-0.010624339829644077,0.7864265083675468,0.6151657878328299,11.070570048491902,34.79956089460234,3.512838693165694,0.02149906003331161,0.03515079061239356,0.7551901572599217,-0.6542094761731463,-2.4847393723349773,-0.5046599713708897,1.5319662413405677,0.013110524154141398,-0.043539403776525126,0.9807489751437087,0.18990492945090565,-30.840891776501273,21.842266444126132,-2.4110311346215
-0.05418023872061056,-0.01822697348036607,0.7913133376057397,0.6087326842688737,-6.611836311184504,34.31512927810593,2.14363851272968,0.021592581153110527,0.03556007345460338,0.7534802673957396,-0.656152976264144,-2.4408471187947063,-0.5191024957802399,1.5449762194245051,0.019466410257064776,-0.04822334214917212,0.9794237532075991,0.19499917896341845,-34.64526713002809,5.04173524510082,-2.337866948434697
-0.05323695978736466,-0.013364168273358262,0.7836597185756953,0.6187605923140403,10.332228120446814,34.77323582389283,3.451289029293985,0.02088631839740487,0.0333062652744263,0.7525131820086646,-0.6574027420846876,-2.3944393158000223,-0.528910368211588,1.5602858090175165,0.014082998662420524,-0.044606316847064106,0.9822995461081893,0.18138232372990218,-31.250239937854843,20.745994298068467,-2.193560437199495
-0.05488656609612211,-0.012035076514010734,0.7821420052161975,0.6205614437522391,9.969023797791863,34.77501959550841,3.435247894111498,0.02054104662945382,0.02903164833993303,0.7514872433178467,-0.6587883969292236,-2.349659329030241,-0.5401802310352513,1.5761508002404958,0.00833942678110177,-0.04722521680600756,0.9829563208797264,0.17747423503478083,-31.43978535026703,20.208987024026786,-2.346545410609327
-0.05450333624376998,-0.012238110703547602,0.7817520520327425,0.6210823972125621,9.765265998384962,34.76070816298113,3.4652465931306544,0.018352176355055674,0.02941751188082634,0.7496994376988634,-0.6608695489518203,-2.3148866913702184,-0.5505454257381113,1.5824508507423534,0.007550723436355663,-0.04502506796120128,0.9836400065495698,0.17426436051539346,-31.516096943656418,19.936506222072726,-2.3729711160271263
-0.059050897227705255,-0.007443049177426771,0.7989649180787319,0.598425143384693,-24.502433327090444,36.08159773827572,0.33548590880972995,0.024198912309505414,0.022853589547366937,0.76761265276933,-0.6400491710769333,-2.776018239179952,0.02864530533161895,1.5767355033342938,0.0006583547709215993,-0.0557500527148852,0.9719049566065191,0.22867499538638542,-40.626969719601405,-10.632166237022334,-3.1304256533474026
-0.059670146022962,-0.008737380474454305,0.798527099176602,0.5989303830468481,-8.427261544464727,36.42316275833696,1.6691377658552113,0.030165350959553416,0.02932579473308961,0.7706706998390618,-0.6358433154278893,-2.804505789307692,0.038533114471117735,1.56406228983809,0.01027716664991187,-0.058065378888780786,0.9708025239625412,0.23251935637299495,-36.38056010107013,4.911997202264693,-2.7919218607369487
-0.04673946723736648,-0.017607011669493775,0.8030121901608751,0.593866009968134,-8.785621250737506,36.458406195001885,1.6820933450238726,0.030735619231785055,0.030279559393861608,0.7742783127697664,-0.631372761819637,-2.835428744695658,0.05522328866859995,1.5624311397751793,0.02669039563578987,-0.054005019211905474,0.9676916845539155,0.24483440184322947,-36.500660009847,5.048238359435252,-1.6816491685722381
-0.03667386939814681,-0.02572525087310043,0.805050559737294,0.5915123287282804,-8.986643922444728,36.446945002644156,1.684428975974285,0.027769411717517855,0.022736678826499275,0.775877998911787,-0.629861281564,-2.8668465528431306,0.07233627765392472,1.581239984422679,0.03159033119818108,-0.05356454249102637,0.9661310461320961,0.2504469853326606,-36.5295276818577,5.064306790332521,-0.7218945787857487
-0.027916490851465203,-0.02941877347505703,0.8082634727147411,0.5874226451039066,-25.523715586065066,36.01838605608475,0.2072569467569636,0.01840481607689995,0.018092435568229644,0.7780039899133959,-0.6277290165343812,-2.898141921360516,0.09816822134580298,1.5941377541093937,0.030798792339459913,-0.04443419320709582,0.964351226681213,0.2590439122289981,-41.15864082572748,-10.49077618334022,0.10941560991826504
-0.02347984494387081,-0.03240649199044551,0.809469917460378,0.5857960130326716,-25.88634509834003,35.98104294990037,0.22440232181073227,0.009571526020551313,0.008715748018257148,0.7803194042936591,-0.6252471902447138,-2.9267552404033688,0.12499043997888343,1.6107870984564774,0.023268805057116405,-0.041226058620355714,0.9631212522376936,0.26487058781590267,-41.236167161558335,-10.677851977684204,0.5322835283134235
-0.02308415360549111,-0.03266696071867365,0.8098631576460777,0.5852534984237573,-26.068393729509353,35.939958482266434,0.24266616995925716,-0.00015613148364575355,-0.0004451268319938586,0.7799331097740039,-0.6258627020068498,-2.966480719539286,0.14602190284674058,1.6231475127834285,0.010578665192377231,-0.038583194909085544,0.9633165500968093,0.2653689002557322,-41.235175257698295,-10.777826208010932,0.555691466957275
-0.04067594874757257,-0.020143593331995134,0.8129086840421332,0.5806196467999059,-26.54263000833396,35.98157461049243,0.24221256675435754,-0.003219195817868993,-0.002255266928090884,0.7812469037443937,-0.6242097611694065,-3.0049725794841287,0.160315688886363,1.6179118005806414,-0.013355658741582803,-0.04304432665001485,0.9610059478834984,0.2728303143995624,-41.52188301151247,-10.65045356274732,-1.2559961921193257
-0.05119733773813638,-0.01206611747654356,0.8136765557931659,0.5789332465579605,-26.816130654769665,36.00468702663056,0.2562470570028381,0.0029640199212314575,-0.0015079087797624374,0.7827069462146999,-0.6223815366351072,-3.0335173912891107,0.1564376974087051,1.6002013874627683,-0.021931024116861035,-0.0508669726578013,0.9594393734664073,0.2764193732649796,-41.62695569322551,-10.675213759699506,-2.398386489217536
-0.05724674595771115,-0.007385883040601471,0.813728841174484,0.5783715344394079,-27.120728090132673,36.01343150412026,0.27093660121319374,0.012209409947769808,0.010675262571959103,0.7864190296513026,-0.6174804279327812,-3.0660165186132695,0.1478470427549548,1.5649408266972042,-0.013792002009813856,-0.05334144964126528,0.9578249607320606,0.2820209478555738,-41.70300691720572,-10.85638712767957,-3.1051275460654635
-0.06209773884942164,-0.009978899052417563,0.8109831789372012,0.5816791004363164,-10.919433624370697,36.420698755872195,1.7030023015820035,0.022667418085007,0.021202607194438287,0.7869688072060188,-0.616211598471056,-3.100642615907783,0.1331632203632302,1.5361898658666013,-3.214348812687647e-05,-0.061067878105703854,0.9585909869607069,0.2781618826298112,-36.733594040079716,4.372185100798653,-3.0779247564764702
-0.06252148772236296,-0.003731929860572046,0.8136611260408676,0.5779556282643207,-27.604541783371474,35.98981391771258,0.23929401785800053,0.02811785567350006,0.027532919575270872,0.787128012044367,-0.6155329537783242,-3.1411125182249733,0.11379449657502583,1.5091597608862384,0.0031068098059105543,-0.05847514042940929,0.9573767662400635,0.28284400850700336,-41.81158510338646,-11.188921935438904,-3.7094577753235987
-0.061478018631264564,-0.010424579568606174,0.8121866699139567,0.5800556823099567,-11.510040409944338,36.41625278939546,1.5799894629858926,0.031467836045995345,0.030164764829072554,0.7866691382714986,-0.6158340110359015,-3.168015208431838,0.10345643029969723,1.495801705984534,0.013092957225586307,-0.06284318431134192,0.9580105094087195,0.27945513507385294,-36.91942681005008,4.027004614360299,-2.9924587401555627
-0.052640535991135676,-0.017059356534453285,0.8123721286835055,0.5805079472870516,-11.903323196770032,36.37643565507892,1.4421013539430731,0.031226220167253054,0.03243734341512604,0.7899242870637403,-0.6115491498097899,-3.205764432877705,0.10740006882505285,1.4898965303169251,0.02576158770714294,-0.05855184815504921,0.9565376309415711,0.28450620778661784,-37.06378472017633,3.6113970369090076,-2.0800069339844884
-0.042248573475656935,-0.024201959758459124,0.8116755119144746,0.5820757567031094,-12.163072602133127,36.29027879863111,1.400683001748007,0.027477601000417136,0.026256518319963243,0.7897740609826293,-0.6122193310309479,-3.2356890330436863,0.11311573110503118,1.5020160150490725,0.03055450499504977,-0.05520334814626794,0.9570760617392184,0.28288588622216077,-37.10845979922564,3.1939432549808346,-1.1209421023504487
-0.03851239581379109,-0.02610315062420124,0.810506991949252,0.5838782723286998,-12.411142047542342,36.25889511063167,1.3331376684280158,0.014987381445882136,0.01880912448379598,0.7896302466236642,-0.6131114652741375,-3.2846847575553815,0.1251387558858657,1.5220169684834808,0.02099517912834505,-0.04757983187727128,0.9583122401977362,0.28095019547794514,-37.1550890478444,2.811420748043399,-0.7559878202081005
-0.03954974255358024,-0.024202849333502623,0.8092364787391328,0.5856503747339142,-12.794342773411415,36.23132768247831,1.221109820139084,0.007209964169190476,0.011498697895514203,0.7887255660701168,-0.6145956213566449,-3.32443962856943,0.13070773655201867,1.5339894946554395,0.00830999145441911,-0.04516920759287633,0.9595508886713054,0.27776389034136006,-37.24276066338497,2.309529223359757,-0.8213237363528754
-0.041520549977971236,-0.018655475613527164,0.8084984905865821,0.5867352110436005,-29.147083189127784,35.808445716385336,0.008539959431288935,0.004046498427753795,0.008182143990285405,0.7861013413149376,-0.6180302254364688,-3.357612808732319,0.1233377214127289,1.5330617763779086,-0.002006386285566375,-0.042639843718940515,0.9611740785660837,0.2726209985205415,-41.92455199899721,-13.457564987446856,-1.440057699025691
-0.05088461912911353,-0.014981896857759556,0.8040377770487274,0.5922073550549415,-13.48233342519893,36.23417171164408,1.1860009730265517,0.00797935386740171,0.006388716510362913,0.7822021587862292,-0.6229408455089227,-3.398530846763866,0.10431066918006898,1.5285376215481081,-0.010117034128789249,-0.05176715146674084,0.9642993857786277,0.2595081930044166,-37.44262795125009,1.154997188857922,-1.9704969784777144
-0.054009055617865065,-0.010486913427935661,0.8035630794629638,0.5926714299525664,-29.587589850609675,35.78612208877723,-0.06106885574023124,0.011637140381923145,0.014941948081407369,0.7841897654117015,-0.6202319944785212,-3.434502933476894,0.09863711187024571,1.5079639011116073,-0.006370615660639557,-0.049353178512169533,0.9638473639065713,0.261766953829554,-41.7768369189093,-14.399518855132307,-2.718852120966349
-0.05830663771195635,-0.011047472366596683,0.7984729694415551,0.5990986616778753,-14.02356635896109,36.21802904625736,1.2313463029544351,0.01639932412304471,0.01999794846737049,0.7817418514269646,-0.6230656642384856,-3.465430659624578,0.07383425524132553,1.478638466396578,-0.0018999580240430022,-0.05357771248993317,0.9668264301052466,0.24974481562946907,-37.553798106671884,0.08037745322899292,-2.7647761534985658
-0.05495900143316035,-0.014448436198736243,0.795317518984586,0.6035236489559326,-14.279534638005998,36.18904560384317,1.2523674028186136,0.019542205832045783,0.027565313458829625,0.7784307536359851,-0.6268204028897324,-3.5134023331826083,0.056531686783967264,1.4586670124875507,0.010515043740805722,-0.050744291598456455,0.9695552243568294,0.23932638309989535,-37.61668803456954,-0.5411065010180827,-2.4905243152428778
-0.049566247346328154,-0.015229235731988214,0.7952376184222419,0.6040764750833647,-30.411762758031955,35.664034331205016,-0.16355584098503329,0.02339493121774266,0.026504259342898063,0.7773784410852023,-0.6280389802917826,-3.5451408945428713,0.042278333816513955,1.4482547191840998,0.015918855754697314,-0.05069021559846981,0.9699936812119933,0.23725376811095666,-41.50235309722543,-16.29973226111988,-2.279521788467198
-0.04574945805372855,-0.01703853652220513,0.7906581636118817,0.6103084004623059,-30.870033206478126,35.58036885706906,-0.11886070323688358,0.02309301159546694,0.024555502263511848,0.7753421797101989,-0.6306411376419048,-3.5945672914734246,0.03324455127391142,1.4512645986839232,0.017868073067616983,-0.049488935415402134,0.9725493390952613,0.22667015741308066,-41.284908601117685,-17.365199311824654,-2.005132268438162
-0.04812902595859531,-0.01849308752330204,0.7831894481514844,0.6196417439765544,-15.17861373955509,36.06378526220624,1.2393614239693065,0.0178274267734248,0.02221769317299249,0.7704354597084777,-0.6368812757402244,-3.6363158826951025,0.01971819516200088,1.454374367820929,0.012042535606654012,-0.04905345180573837,0.976932298527966,0.20748980768936517,-37.684948477508385,-2.8606389302987694,-2.0265843861233552
-0.04666415991748009,-0.014511423802803096,0.7832077254988915,0.6198366990403718,-31.34669618056489,35.55063138468199,-0.0871106239313093,0.01520231712996871,0.020692769248511364,0.7672953030616233,-0.6407796943991588,-3.6871542465883236,0.0071970630855576895,1.4573622260776387,0.0068627919983157894,-0.044184250872330015,0.9782063982618285,0.20276315360651603,-40.928768435883875,-18.72517898798676,-2.2304631682943414
-0.047289631296814544,-0.013953999908165935,0.7770879514894284,0.6274578012172118,-31.739109864335774,35.566889718199036,-0.03712225675429437,0.018219494349106708,0.022284456733459978,0.7651920862585586,-0.6431582419133194,-3.7399580771821714,-0.0024350051549073687,1.4561854101706588,0.009011720872432034,-0.04533587499662583,0.9807158535646708,0.1898943440235305,-40.644238802347274,-19.84030734437549,-2.401538365725309
-0.04598130179260078,-0.01520640335479177,0.7731250150101845,0.6324019262683908,-32.004434188677465,35.55834689237906,-0.04078323129832029,0.016483409077636783,0.025884256510967093,0.762180032293711,-0.6466373797290189,-3.788425939335914,-0.017134707264735566,1.4448416089375928,0.012292694348066046,-0.04125354111864267,0.9828751929382025,0.17917418931734733,-40.442054925980656,-20.569471354792938,-2.3026365948077068
-0.04470327583573086,-0.016216256072272495,0.7707051205714075,0.6354150354638811,-32.10019917708013,35.520841267698756,-0.0492456879993739,0.013826766529428311,0.031217926868111735,0.7529069496692434,-0.657240737256261,-3.827113028235915,-0.039618205478862537,1.4277128213225216,0.015674069361909224,-0.035135410803345285,0.9861185229857243,0.16152425539767043,-40.281498316090804,-20.944965140370083,-2.191897224139215
-0.04630942131615582,-0.020014981398869945,0.7591439671706111,0.6489647718678049,-16.544744301557785,35.90376701553316,0.9129276059101272,0.14384337890311383,-0.07270132133427586,-0.4642411063556731,0.8709212337471433,-3.601444595620616,-0.46326988615960224,1.227698149510994,-0.06919859731678903,0.11744822044608844,0.9686765028307026,-0.2075651765280379,-37.89987791060117,-7.052162791706841,-2.01388060785792
-0.04119303300747748,-0.018870373607910357,0.756916752404467,0.6519387033771024,-32.767754400386195,35.47639564021404,-0.13968235968118847,-0.0055042051899595315,0.02245189028178971,0.8609957156716294,-0.5080866008301144,-3.128431094173566,0.19112435721273932,1.3177175694990462,0.008723490193651815,-0.026251327562168657,0.9469244181945646,0.3202638205401141,-39.27773843477576,-24.059707748804136,-2.0133545664495007
-0.047796322676215273,-0.02072599611738726,0.7521057679171745,0.6569801050939751,-17.192890717207035,35.835752862952745,0.7696077972459818,-0.14348604122066283,0.16485323541515629,0.8226507372837065,-0.5248627736795126,-4.235351889000493,0.13246197118562897,1.1502785812346772,0.02168334027026592,0.16602399124731204,0.9460707568530132,0.2773373218890726,-37.083850215145425,-7.9633187459007795,-2.0350211311549447
-0.032142293751278125,-0.027726618339487,0.7451105386929475,0.6655887564529379,-34.206177721157985,35.31839908061568,-0.37958670480756496,-0.02672384877942953,0.19823878103111336,0.9693522022426203,-0.14263074566549278,-3.166578111283055,0.48272072230592383,1.2179159463621376,0.15221509087016755,0.11674585362576043,0.7585784096810415,0.6227035957326416,-38.10612257692641,-26.94929694870497,-1.0918156750262742
-0.06397457823265097,0.032304616802361914,0.9900420173397262,-0.12116298516911994,-13.420516706400235,40.149310932283925,-0.9260999881636138,0.02126427571725468,0.020319017370753735,0.7576815561417956,-0.6519613697097817,-3.0788743742375027,0.0949231884107131,1.4882278942471288,-0.04864532815580251,-0.05092543499913522,0.5556530253903408,0.8284261871122403,-0.4651629317470376,41.424963641103155,-0.942620584815002
-0.06610204038316418,0.03865368689344206,0.988996616258236,-0.1265784569999402,-13.44068897712907,39.80034996176164,-0.9178980990635495,0.026273305290005038,0.022348573147397178,0.763380840181065,-0.6450270905565635,-3.064807860090164,0.10428663972586967,1.4658115690946891,-0.0533680619879382,-0.05434141386410367,0.5437948875029298,0.8357547373629285,-0.09945263857220477,41.07235459375924,-1.4731670988906407
-0.06628832728115414,0.042863332633303663,0.9891530127421589,-0.1238745727134664,-13.214741425318152,39.763010325575806,-0.9494769492504815,0.030217144310707208,0.023157560035731974,0.7646937953213695,-0.6432682574166838,-3.0422707918976157,0.1089123856423688,1.4469603269909688,-0.056255266851706454,-0.055875663469947275,0.5443949010995377,0.8350733182422134,-0.11665098688140052,40.969054450213065,-1.7867635096264036
-0.06475472308199555,0.04280953110468834,0.9894266666048213,-0.1225113925169523,-13.059052980659544,39.66798663858265,-0.9612516701571536,0.027914904819047088,0.027660268946064537,0.7664977281330009,-0.6410436025558036,-3.0234613491949984,0.1136379990316261,1.440689668616983,-0.050376095461830694,-0.05320002137483344,0.5433470878325918,0.8363049377323918,-0.12422907831382979,40.84092118091486,-1.7414482817431847
-0.0777540086280962,0.03574697441413674,0.9764306840590173,0.19814032197040676,3.9841863347526214,44.52410273393696,0.01221009690414121,0.024869410102544363,0.030079222897760032,0.768238361692556,-0.6389730607896987,-3.014291219258508,0.11355465865512968,1.4581540522328222,-0.04284700482618968,-0.055215606757095276,0.7793596855012996,0.6226667259161883,-10.813065118984433,43.61325461821418,-2.0803525379827397
-0.06123471992271236,0.03943596337191677,0.9903407540867006,-0.11798434075715765,-12.802317512212426,39.546489862970134,-0.9625733407318791,0.024847345064375217,0.030446116807907223,0.7705173263571408,-0.6362064862904296,-2.9961463431081525,0.11378400932883895,1.4765726246194408,-0.04212358640908614,-0.05029250045305358,0.5419964710208137,0.8378162646232168,-0.32730514145063916,40.68222786919393,-1.3776515964570075
-0.05860901590916727,0.036580373749510224,0.990535035084498,-0.11860524347876603,-12.824621867481028,39.33055128075159,-0.9507143313884399,0.02399170008776984,0.02803268969041097,0.7707936644418532,-0.6360154821165279,-2.982705295089079,0.11282315169839552,1.4818301470075852,-0.040550342003257224,-0.04899921756993212,0.5410960413617015,0.8385522168974626,-0.3757711790424261,40.48981333898573,-1.115619046414944
-0.07430829934526749,0.026878381161865358,0.9763259031229019,0.20135431499171252,3.877693807968626,44.06681716156652,0.0482418045189803,0.023761625040516307,0.0231030045891953,0.7721226063055953,-0.6346087906625943,-2.9730261017976907,0.11695469615444386,1.4787690575923484,-0.040569538146147194,-0.058865061160546676,0.777410638151322,0.6249173680082252,-11.107912393580524,43.075760363828486,-1.289315154279491
-0.07647534788490884,0.02798859553968134,0.9750571228970099,0.20647461532450812,3.9434747943514594,43.8822724106584,0.10260991929229135,0.023772784233859173,0.019801389794619425,0.7731603172956159,-0.6334555102383391,-2.962646972174927,0.11363958566181746,1.4729678200250615,-0.04586743928082565,-0.0604895124251288,0.7794729714099611,0.6218191728643592,-11.419738915984679,42.81001803912292,-1.4688555341745164
-0.06252173631272483,0.03684918046191842,0.9915605765412872,-0.10742808495378384,-12.446629397845754,39.15508419285993,-0.9541302453507257,0.02408671734510304,0.020232030310605286,0.770863267714841,-0.6362234807715329,-2.950798622272489,0.1028061872494004,1.4689329101489808,-0.050709782642072966,-0.050808323708865205,0.5501942742494401,0.8319454866572813,-0.9839073026810645,40.233717383613595,-1.184215570155091
-0.07710702128695521,0.028087760067096793,0.9722293244184658,0.21917054031844688,4.182808516231546,43.55281664914139,0.2518085399912451,0.02453545698173489,0.02171529451901223,0.7712481614800416,-0.6356907508752236,-2.936418862793113,0.09389150869861893,1.4716168440430026,-0.04418915808808323,-0.06070825705005505,0.7894356132392448,0.6092234716284232,-12.179849635923508,42.30540800076993,-1.659283541225765
-0.0642582940960161,0.03816019391258075,0.9922060831585829,-0.09970837368810762,-12.355623733629841,38.68882620269608,-0.9312728198772504,0.025731228404296005,0.02253901073711408,0.7707892788048177,-0.6361711912365627,-2.9267556340539658,0.08148897494073662,1.4871738982764469,-0.05049501922227042,-0.05303119759933325,0.5567890074753976,0.8274200543070518,-1.6252238036911555,39.76075435272105,-1.3114827013204275
-0.07741071357108381,0.028203271842252225,0.969623501463765,0.23030940556337598,4.187546836692377,43.12472256990782,0.3179441256895359,0.023924566135900136,0.02589462966911656,0.7696430948398242,-0.6375002665527957,-2.9150857561731396,0.0675178557149193,1.4953225560807908,-0.04043770986689082,-0.05883307267082631,0.7980705571103063,0.5983200206030848,-12.970509112942274,41.64664291237926,-1.7548546940853849
-0.07766575936994284,0.02872645123105728,0.968600667390839,0.23442603940514156,4.225609041324162,43.04899784366671,0.33773590984891655,0.026178261268287224,0.02253901713904362,0.7679023755326032,-0.6396347653112361,-2.903597052970657,0.04671162716152323,1.511471443648469,-0.043768656757413864,-0.061337833041924784,0.8020694915399471,0.5924580201703943,-13.269546728613145,41.49686221544339,-1.8246671954428355
-0.07546773536417527,0.028961920178105862,0.9669512081729006,0.24180816593235124,4.304767177559256,42.79647813054976,0.3709467288834958,0.023671503353407605,0.023790089558147244,0.76685822787829,-0.6409384915131667,-2.8899422579786456,0.02677691428294207,1.5106310981263067,-0.04185204459442311,-0.05644679521650368,0.8076697867202368,0.5854329007600614,-13.724484896505931,41.11453566259111,-1.882428757524287
-0.07300583196527978,0.0282121916613949,0.9659709262917715,0.24652462412451814,4.357016409282608,42.642755442963335,0.38967502480396377,0.025015443993265846,0.025245795552454202,0.7645207189611203,-0.6436186352553158,-2.8680781067987975,0.009985703824982525,1.5027527793204296,-0.03800309154508615,-0.05559706019426375,0.8127389029618851,0.5787229108503332,-14.031743548907578,40.87441225031197,-1.840267549444366
-0.05834745522113065,0.04102919539940737,0.9941609524531161,-0.0809702427537946,-12.090490559029377,37.737741928636524,-0.895255497593439,0.02381990187859273,0.02294563461532809,0.7636264124544618,-0.6448106794467058,-2.8571175648057796,-0.00018202877633306802,1.504987049645448,-0.04807108880753151,-0.043638324487620325,0.5815307140378408,0.8109296490370855,-3.0556467994536898,38.77684205020999,-1.4787795648991657
-0.056278400606615576,0.039040548358214376,0.9950514445433963,-0.07198055238153919,-11.857800523222181,37.706030837149115,-0.9172762573793136,0.021697878896053804,0.021409812850141735,0.761463698529864,-0.6474904306523416,-2.8439686560613735,-0.010278326772358737,1.515960628886024,-0.046425646295190824,-0.040707173498279625,0.5915277178247738,0.8039170009627048,-3.5536267113841444,38.67087989846117,-1.2745856964368254
-0.05449693880566593,0.03743017527115482,0.9953759927786442,-0.06968284322493196,-11.86695951232366,37.4896827988199,-0.9033618553681038,0.02013402369186366,0.017945802669583927,0.7595995348981714,-0.6498316057556771,-2.830459132018453,-0.023326848130690192,1.5324031084154153,-0.04738595184794145,-0.03836397684487469,0.59562733575956,0.8009437269521991,-3.7897255499764677,38.46028066889356,-1.1233761525186685
-0.053577932664603596,0.03689895286831696,0.9958356308485768,-0.06386915328251946,-11.720742071788777,37.36652771977958,-0.9109953774844257,0.01993280497335298,0.016732243746665945,0.7568158455064526,-0.6531098615818394,-2.8267424577903384,-0.03388689631925017,1.5464770398053573,-0.04752851526897881,-0.03736803006554536,0.6036848624385184,0.7949272025965234,-4.115578876560139,38.28706502422385,-1.0469362985926043
-0.05496863360499348,0.0375766188581266,0.9960214517569687,-0.05922596284343145,-11.60821583312304,37.24648503257765,-0.908206905938755,0.020518536648034873,0.015834692085333904,0.7563991742440744,-0.6535966197765013,-2.8132255430325643,-0.04301182743714066,1.5627811926024986,-0.04979377368328724,-0.0383930055450281,0.6078392133232928,0.7915668310219406,-4.386230142372097,38.124948221796025,-1.1015991478258698
-0.05556804701627208,0.038547932091058126,0.9961620031931235,-0.05556538919654838,-11.49731143107067,37.02791449947779,-0.8889911550049021,0.022231444126548674,0.013504146058246349,0.7542508137989553,-0.6560709647705036,-2.7950824977040356,-0.06038019689740248,1.5744927096409793,-0.05331437302282358,-0.03951854873282568,0.6132501017036335,0.7870960390547761,-4.592207906809103,37.879552528189734,-1.1790977270870702
-0.06470325054805115,0.020734482544310234,0.955212344849944,0.28801553230408855,4.694222886175538,41.31403749168544,0.6239840262779239,0.022389268373883945,0.01725167357365902,0.7545797308026917,-0.6555993672070828,-2.7746941525038125,-0.0656598157253787,1.5689318743346714,-0.035137761756678466,-0.05164800334063006,0.845147760916918,0.5308701193952974,-16.6182534496183,38.61087102393113,-1.4111302125493457
-0.05283862059843191,0.039925318196295176,0.9965179234028938,-0.050656465302702756,-11.462862747080521,36.62992855583116,-0.8605813907171012,0.021414632506601146,0.01855493673128345,0.7540261220544011,-0.6562329884249242,-2.7527963661939325,-0.06940391215909274,1.5644286780394305,-0.0473736413191103,-0.03592138193540501,0.6175870400835554,0.7842522810606622,-5.002284450700701,37.442552169002674,-1.2725451406123036
-0.05176467661159507,0.039510873826121645,0.9967584695525012,-0.04724259180177093,-11.34944308389072,36.50863421681822,-0.8426326736566239,0.021445898175198503,0.01733175699999184,0.7527263184929138,-0.6577558613185113,-2.7350951826129974,-0.07528855773306582,1.5721918641460744,-0.04752697827745401,-0.035171303373322284,0.6218075024371195,0.7809350777547055,-5.174828256582014,37.28446777781883,-1.2293851823676025
-0.052451336641718305,0.039051292022504305,0.9968854887936869,-0.044081471259955526,-11.234328852420731,36.41851433376792,-0.822357234337062,0.019676229902185028,0.015440930660748243,0.7520661064510281,-0.6586129327342102,-2.7242098791210454,-0.0863241323689774,1.5858606840145129,-0.04938879924844635,-0.03402279356509303,0.6249877745694394,0.778327358934249,-5.315875550834903,37.16334423418229,-1.2050653013169674
-0.0561754444594759,0.038437164035183435,0.9967567090274008,-0.042929790001561254,-11.167000288075428,36.253242749311084,-0.7995657439860508,0.017790344077594132,0.014246485469377106,0.7522488833427987,-0.6584847445604828,-2.7092096064712305,-0.10042744780619652,1.5983329029189979,-0.052468442683443924,-0.035291872669297494,0.6255393133688206,0.7776259471467838,-5.365675368513306,36.99486114699154,-1.2096505652370309
-0.06155347697205553,0.03746764532752571,0.9967091227040058,-0.03712505548645452,-10.940071931473426,36.23734005921108,-0.763680838822097,0.01814045913650455,0.014266292117146234,0.7511209474953505,-0.6597611074360417,-2.7010731455714874,-0.11843159133063225,1.6054016768877415,-0.055207445444125695,-0.040124808768402735,0.6312623279063116,0.7725606843835229,-5.57972671089489,36.91298327611092,-1.2385882108069404
-0.06587463611907184,0.03612763883450519,0.9966525181752535,-0.03223482655993869,-10.774478424269546,36.158256272845506,-0.7301406084810935,0.021319923599946833,0.015615718733904998,0.7505184869669439,-0.6603208393705028,-2.68829080699364,-0.13781237519547207,1.6021336937087063,-0.05573665449138552,-0.04733622495809618,0.6357165123939335,0.768451184541034,-5.79509478483395,36.7848316522446,-1.2343296385320977
-0.06601548829146002,0.035454040018359875,0.9967858827470586,-0.02833496617580254,-10.624083745277858,35.9757876057439,-0.694121058845468,0.023513342012504105,0.01845558192970654,0.7517888530556736,-0.6587260695192454,-2.6713621952430837,-0.14860544846610108,1.5846424585458312,-0.05241006143641111,-0.05023591346067512,0.6373589321930327,0.7671395766174238,-5.95627031913415,36.55716390276652,-1.227569968394411
-0.06716050161188379,0.020012675289272863,0.9524772048433306,0.2964390900418538,3.9641329723088177,39.98596217212889,0.6638657316169656,0.028248324508444896,0.020915210595308802,0.7514180444161274,-0.658889602781879,-2.6614198496529835,-0.1528532548583535,1.568341257752777,-0.03099407262006648,-0.057985268283660046,0.8522970090665152,0.5189093220021843,-17.283730344323082,36.80992246898361,-1.463831707497942
-0.05705735383088617,0.03688839269768928,0.9973588287015751,-0.025672391182360706,-10.537652458136108,35.799426320262796,-0.6687171148484765,0.027070404975402782,0.020008270861620735,0.7520765577790967,-0.6582155524679896,-2.6506068107402836,-0.1486458524462514,1.5596333113915806,-0.04603846951134358,-0.04614355204113829,0.6393096915715599,0.7661816691834625,-6.082496851928951,36.34403751473366,-1.2446271628226386
-0.05138077245611309,0.037061720613317806,0.9977579901636869,-0.021574015655727842,-10.370785536153221,35.7482724082671,-0.6384347897644034,0.023157593512811322,0.017673296669295586,0.7536211910191105,-0.6566631411115381,-2.639629231528136,-0.14054837103197232,1.5690183620861102,-0.04453628678426593,-0.0378715310003203,0.6406985884120503,0.7655635735234322,-6.224198569898578,36.2283640993563,-1.1899878149592893
-0.050541722054211036,0.03498782072943859,0.9979575440688337,-0.017381799921217817,-10.283839978800302,35.47260697278671,-0.5986752610817803,0.017061084863211427,0.014474386942719322,0.7524403347976558,-0.6582803005373277,-2.6402154578002355,-0.14218813221923807,1.598112405390261,-0.04544859624529234,-0.03227566636586072,0.6451855153014261,0.7619897356954393,-6.457360244271015,35.90149068919932,-1.0246790766845184
-0.056409564392464195,0.03291401573631077,0.9977780108066987,-0.013178382442078262,-10.182008254854395,35.37103053726662,-0.5655364148796025,0.013785913689959002,0.011354841883086716,0.7541346054329923,-0.6564769706836397,-2.641296031346857,-0.14621704726130175,1.6176202142949194,-0.05070524271625551,-0.034838031229775794,0.6461742831704287,0.7607063071319321,-6.668037023757874,35.744902506804536,-0.9708845012419425
-0.06863893075394265,0.019033504576909204,0.9483100728992053,0.309248166569149,3.8034041241942305,39.25698291127719,0.6331916398364257,0.014198444370188178,0.01270081596592732,0.7534737718686745,-0.6572019237321653,-2.6425324790291747,-0.15468840975254203,1.6132280131969425,-0.04301572921571078,-0.04874560199324949,0.8573836032957853,0.5105554525474111,-17.999831999482105,35.63621737891818,-1.362521638607417
-0.07465387915204535,0.024040421758644293,0.9467353164899839,0.3123157007898071,3.7886777880862326,39.10635753104543,0.6222730943412387,0.018857247175265338,0.013934951379256736,0.7526223103210619,-0.6580348618166184,-2.634883822115978,-0.1664548329913621,1.5924454534123345,-0.048136087846151504,-0.053867457158999224,0.8595342417929221,0.5059467376034333,-18.136295140311237,35.38661115160955,-1.8492482081962838
-0.075591259704741,0.025823609878296475,0.9466998506646794,0.31205527616205697,3.6816244072783206,38.99641295734682,0.6189332193153803,0.024104749168285765,0.02197623985079693,0.7523345192473683,-0.6579732343328151,-2.6308809468779044,-0.17988925661064115,1.5660117878189197,-0.04083810161479282,-0.055840830757779354,0.8599568021468493,0.5056563551643997,-18.13404226291727,35.25017865654635,-2.0270058482383773
-0.06902396473024199,0.037443794117388116,0.9968970432142652,-0.005471727850361296,-10.02433789711938,34.80125632718068,-0.46250141356698293,0.02616398637537739,0.026164748944355314,0.7518441389011278,-0.6583017868194264,-2.6294165673643395,-0.19641197162631813,1.556576553887456,-0.0476500978145134,-0.053471913795183845,0.6549308919364382,0.7522870126492209,-7.03834116357959,35.09214663544674,-1.6128613848103337
-0.06923082204377205,0.0241939880283108,0.945213065409781,0.31811005202771314,3.626434616020532,38.70328481127535,0.6306161455017332,0.02531649848532064,0.029169381277935686,0.752836048726519,-0.6570738967864629,-2.6296922828368285,-0.20747252187017268,1.5559368893408443,-0.02807915942405254,-0.05087263226776661,0.863191474116666,0.5015216995350095,-18.4745161529105,34.77486281088796,-1.8556799002777715
-0.06208978524995833,0.03484848477111639,0.9974428916780448,0.006174100558915897,-9.769147202462023,34.667965628069965,-0.4044256859149442,0.023760258631163635,0.027491268323262735,0.752773474728409,-0.657276027267902,-2.6315230170703447,-0.21563857725820262,1.5641441861298986,-0.03947547395483625,-0.047364236982052596,0.6627779363573176,0.7462732228139266,-7.605415626428334,34.81276215315583,-1.3842084828814811
-0.06452556353387066,0.015431732842267613,0.941700345594812,0.32984658915734305,3.4987258114120436,38.32225093422403,0.6890772250815473,0.018965100941468898,0.02502100774172935,0.751833714962676,-0.6586048429546276,-2.640276713719557,-0.22195562825405465,1.5710001883444402,-0.024281080172812095,-0.04795542820656356,0.8701053537104984,0.48992589184028146,-19.232289758366374,33.952794066036226,-1.203247857779934
-0.05693335743377849,0.02863371506286401,0.9977320816111604,0.021665560156091914,-9.600485471167644,34.320843572281206,-0.37584519264291316,0.017409069307834667,0.02244736097553933,0.7500130728551474,-0.6608127048093493,-2.649970933938356,-0.22547132216253152,1.5712539478548793,-0.03632431711009755,-0.040662491967295065,0.6773399788282675,0.7336468215799866,-8.503453206994834,34.240531546813095,-0.90884714302006
-0.057874002282669645,0.029249967875684832,0.9974515984351502,0.02975479823861948,-9.523430484814867,34.21249512418751,-0.38203840107372855,0.019016568109259897,0.018745468832041267,0.7488984441414468,-0.6621465833923281,-2.6605784950998834,-0.2268012993169522,1.5703157247022015,-0.04096279631477933,-0.042384322586856246,0.6843835994219728,0.7267356516362411,-8.961177873150888,33.99598277833041,-0.9726295658627266
-0.06127165124527704,0.030484055485028944,0.9970185972489213,0.0356430056905427,-9.443505039460774,34.14017243596231,-0.39519033224455313,0.01820703088301615,0.017631286404090223,0.7464180504316235,-0.6649945381399882,-2.670896016992281,-0.23371668723251915,1.5679257086441467,-0.04527148894164094,-0.042986852420745424,0.6912518265847961,0.7199121717620469,-9.263328918561442,33.826767893822954,-1.1076200697352414
-0.06778716104864534,0.016629497533796212,0.9351981148505596,0.34717840743441697,3.2580130762930537,37.86452319874866,0.7653053055588686,0.017402572674913373,0.017741089380456362,0.7434503278897716,-0.6683292707733816,-2.687718200590023,-0.24866603403200227,1.5701133104036102,-0.03503411849504568,-0.04939793715011273,0.8846221890924723,0.46235920766416116,-20.31685490801725,32.76581060343628,-1.4972280994004152
-0.07975104880189457,0.024483975974390757,0.9313407195174764,0.3544640592558753,2.9805497342572664,37.64775766242701,0.7661419525102389,0.01912817211366398,0.022642038730088587,0.7415467600622359,-0.6702461143154325,-2.6958554274108355,-0.2660245729811101,1.556250802059595,-0.0437411414535237,-0.05251789871208035,0.889353233102233,0.45208341003604136,-20.83795756519217,32.10238684714588,-2.3488325131741328
-0.07722274618887172,0.024470846049964082,0.9292535151683231,0.36045211847340136,2.91245874508013,37.52475563751227,0.7941914876465148,0.022931931300461637,0.028226353817142936,0.7393626245706613,-0.6723245561966361,-2.707071616804894,-0.2839891111050642,1.5393832887062036,-0.035516275797781896,-0.05177859032884344,0.8940056618433965,0.44363436333197237,-21.21311952245898,31.71698920626502,-2.381547310080426
-0.07441758369705277,0.023077193503120437,0.9276717752740372,0.36517741405600074,2.924214679706367,37.4148878225385,0.8293328603975425,0.027940274835761773,0.03448034161538078,0.7364664352468534,-0.6750167678206084,-2.7133416232085374,-0.30044828509417276,1.515753045816909,-0.025039098220016126,-0.05255652238786907,0.8983456385433544,0.43541470947242333,-21.458530252750403,31.447198514235332,-2.30325344876726
-0.07281642380013903,0.037764633908801325,0.9939928440771876,0.07245568834837406,-8.92006898388388,33.789480673627395,-0.5346906684934254,0.028547559150126665,0.03652422871348587,0.735253846389027,-0.6762047019605795,-2.7300428221770727,-0.3128488573290297,1.5086846090809007,-0.03863214546699603,-0.053731614040661374,0.7291536102683388,0.6811427777065905,-11.090942740825742,32.853181099471804,-1.7663993349728284
-0.06665847018322446,0.016273445688927718,0.92344250753639,0.37755232563599195,2.998805496131766,37.25690386831798,0.8636034398967354,0.026179773111348854,0.03432771206078513,0.7315479103745914,-0.6804218415740922,-2.749593232979968,-0.32615671481260555,1.518160769610874,-0.0156767815006998,-0.04890606449325432,0.9072423343285232,0.4174611145719958,-22.155101837956327,30.856074426565247,-1.7358310902995715
-0.06308809350308436,0.011647105261007942,0.9218816017645989,0.38212373614461903,2.855310037471483,37.059228042580344,0.8593891384120695,0.020939711588009436,0.03142858041723176,0.730517924807718,-0.6818484687569473,-2.7683434474170525,-0.3271401272479176,1.528715565743104,-0.01454994823513571,-0.045439750546767896,0.9099584535315649,0.41194555577532943,-22.43270283082859,30.410505526512356,-1.3375345378968873
-0.06224118673366434,0.009698901944354379,0.9193035214049525,0.38847522637552195,2.8038791722278233,36.94464117717416,0.8529022025992674,0.01875197892500013,0.025477440379768016,0.7284838949777885,-0.6843321401746977,-2.783097926641341,-0.32367440757634486,1.5363590805775598,-0.01895295847450852,-0.046045837654919916,0.9138745120146347,0.40293168464360524,-22.799989724488483,29.989156339662944,-1.1915299116577145
-0.06318675508129815,0.029490717444632254,0.9923117567900931,0.1022502269095578,-8.772492119564959,33.218041091968075,-0.4173607776623669,0.016695864844286184,0.020917952907270762,0.7249648095165871,-0.6882657279756483,-2.8042700742365114,-0.31994076976325264,1.5432564587841775,-0.04240472377255811,-0.03993936129444226,0.7589161005402139,0.6485777047987397,-12.73426913382835,31.634412405087666,-1.16716027180381
-0.06437614730282613,0.030068691661045806,0.9915137264481848,0.10886742260691179,-8.679533835024245,33.17135902982238,-0.33849494933666335,0.019752032713360176,0.018115153512154834,0.722907427724621,-0.6904249049371649,-2.8225446094554396,-0.31865483605232536,1.5509213380776283,-0.04607199966873754,-0.04339008295939823,0.7650269403389027,0.6408809968340436,-13.023587845965421,31.43465374244998,-1.3053540296616863
-0.06506412892458524,0.03170446344244114,0.9912255039840767,0.11060509200134006,-8.687761305215645,33.05427392414413,-0.3099940642829324,0.01930217329018683,0.02178609005407256,0.7194129367280965,-0.6939724914250472,-2.840324483825326,-0.3270890697148262,1.5457942332786432,-0.044231470058432545,-0.04152910453361939,0.7694834246371223,0.6357783967247013,-13.08903044635252,31.281157832903826,-1.4554413491137825
-0.06622098433816838,0.018937932100095912,0.9118620227200327,0.40467738691701916,2.5953917335163084,36.52816518366308,0.8093248137480487,0.018261654176487067,0.026560509141670473,0.7200357702405722,-0.6931879549696024,-2.857721210525595,-0.3285197871628457,1.5406981052530422,-0.027929979152584595,-0.040457602521151693,0.9255786657581967,0.37534948002635254,-23.58881847757193,28.782911479205353,-1.9489033642279368
-0.07219787419096337,0.02080097122087808,0.9112062118295542,0.4050407708883238,2.4168250154162934,36.3683554566569,0.8050647643073461,0.018926247974839657,0.0264414968340231,0.7199722276708213,-0.6932406766524064,-2.8765776601598168,-0.33127554406623977,1.5377642586680311,-0.03326706650963501,-0.04409621541038336,0.9256060211738567,0.37443600206046734,-23.58703411612363,28.53428824538225,-2.205922020002631
-0.07590280886460692,0.030146795142662983,0.989729557099001,0.11732577787385204,-8.700924116371993,32.72128939079187,-0.1130242440699476,0.01882703799176917,0.03156747082631471,0.7191082634155255,-0.6939253150833982,-2.8910148020139745,-0.33204579309668203,1.5218900889342057,-0.040897534262562284,-0.04859271065573322,0.7741319656999677,0.6298300086879592,-13.365311367063306,30.77582699790801,-1.77985464353046
-0.07771106342069854,0.026992812741559933,0.9892332982485492,0.12103660734926538,-8.647005149949337,32.57932461649443,-0.04209196122144476,0.022900783401044726,0.03416958786669096,0.720335562118053,-0.6924049908346326,-2.914628405916068,-0.33129650890130263,1.5076782384856522,-0.036677883861234106,-0.055806530799404,0.7754105569666422,0.6279162620129207,-13.486520367426241,30.555238247919284,-1.69177352463779
-0.07774791391812805,0.025370076274632038,0.98881746785058,0.12470620026592939,-8.60276998552797,32.50501517293992,-0.028796839232398952,0.025853254955026828,0.0365242781101811,0.720021831250724,-0.692507147139374,-2.934151354380018,-0.32828576984364277,1.4953989159114132,-0.03276808945578421,-0.05942058237134881,0.7780499358671672,0.6245268160785127,-13.635708532699583,30.396353072214218,-1.6159311264238634
-0.07658930982072323,0.01710433198430303,0.9102862088805913,0.4064732923211026,1.9100473070518262,35.99992136472383,0.7984893794153862,0.028502120142256792,0.035559400339221364,0.7209198048271113,-0.6915184691698053,-2.957419351293173,-0.319346316968538,1.49299925737454,-0.021339191620608555,-0.05487792917834821,0.9257253518938442,0.3735848292571493,-23.686157426647327,27.88977000499232,-2.095341500523834
-0.07624271825635262,0.01795508019753094,0.9094481368917364,0.40837329652186116,1.8899654334045408,35.92505144074562,0.816888365996661,0.029862432859426115,0.03510773633700655,0.7215094864171749,-0.6908688319522251,-2.9737775164852476,-0.3063341660629646,1.4937839082804283,-0.02150479284738515,-0.055426511114209584,0.9261674711225433,0.37239664496980984,-23.73190501469411,27.72950390057467,-2.1676678363099926
-0.07652501767684942,0.019718015407950814,0.9085373490238293,0.41026211982911887,1.8940886435369322,35.85700659119948,0.8487236871466024,0.029064022655104195,0.03369452790185057,0.7223086079875575,-0.6901378385537574,-2.9958179764815425,-0.2943517057307794,1.4978421954991834,-0.024518697954581753,-0.05424869211155775,0.926503422174294,0.3715471996316471,-23.755121265300133,27.59618300331496,-2.3233909748146555
-0.08630218050728314,0.03691774518294912,0.9871666948714567,0.1291933832162442,-8.52298724499542,32.0889726761618,-0.254726730146416,0.028801264178145908,0.03269915545485258,0.7213530282268737,-0.6911953856054012,-3.0194405766445,-0.28994417249244375,1.5012446671921842,-0.050281946241812654,-0.06094409837943419,0.7794043886767745,0.621519381569261,-13.606388278583662,29.85975713959003,-2.2422799442034496
-0.08420052738457441,0.02667834650760834,0.9104533779547345,0.40407076556785565,1.5834469464417467,35.64514185315829,0.8715423682504593,0.025947293213817575,0.03689603664788585,0.7239063289967312,-0.6884221432326465,-3.0302815569605794,-0.2815664057739812,1.4894625418467633,-0.03320146757490312,-0.05130252117845636,0.9230845469455714,0.37971124958565006,-23.338924498544493,27.547197381735984,-2.973752180225259
-0.08611110332157278,0.02555021347111755,0.909128795560062,0.40671476191531647,1.593336009749386,35.589594327730765,0.9128840630005044,0.027775546909680187,0.04008978635406513,0.7278164098369841,-0.6840355265598101,-3.0501605940073673,-0.26780484509875896,1.4776230478758547,-0.029755414411565855,-0.054142261936967286,0.9220519191142166,0.38210402934715965,-23.42095317961549,27.388777273522045,-2.991303710664573
-0.08700489530422155,0.02422201492342792,0.9062989307360999,0.4128749088195512,1.7921489967703845,35.60454002297661,0.9464153438521237,0.028522422033924074,0.04105878022558863,0.7315044704764786,-0.6800013659402695,-3.070895384932249,-0.2543831808154747,1.4654618449942494,-0.02789423883844762,-0.05607116708408674,0.922567537806828,0.38071915350622815,-23.645606123524082,27.23679546447306,-2.970398481994729
-0.07634110190545315,0.015843998589463892,0.9073116524907203,0.41316651500710533,1.5495215436937517,35.44286595945846,0.9265778497449304,0.032464190353631114,0.04267741149786224,0.731147518038336,-0.6801088308196759,-3.101387601689641,-0.23886056920007848,1.4564197895371462,-0.011369728663803976,-0.05686322464472531,0.9229287423549162,0.3805782961340385,-23.7372758299398,26.961642082978685,-2.169997416693583
-0.06617545127643663,0.02778548541988064,0.9885201870821825,0.13295343613216035,-8.603773686037357,31.54393518514246,-0.3493419996827072,0.036451482820562466,0.042354238867357355,0.7331717837171747,-0.6777437151395248,-3.128753165938604,-0.2140318120790981,1.4553345368155242,-0.018507160083878475,-0.060088420560236944,0.7712566850188011,0.6334113928198762,-13.713881434231752,29.19429736697327,-1.1931605717901745
-0.05778803341428265,0.0071979863811574615,0.908272749552141,0.4143058587651886,1.400018583815477,35.27405020869446,0.8994956474692941,0.03458109215119801,0.03591391879262641,0.7343213576402902,-0.6769685976586416,-3.1541160226191867,-0.1841596819113042,1.4675977659600996,0.002540463776105802,-0.05409189308940258,0.9214300792122272,0.3847521569384059,-23.7592786933644,26.693259097902096,-1.1463530782963405
-0.05364083227205333,0.028475029988110093,0.989132072802775,0.13390136792887308,-8.587627929629775,31.37077129028853,-0.3297324246925797,0.02736613381485061,0.026596851062978127,0.7341626926377081,-0.6779003193482886,-3.189799703805999,-0.14585687234471656,1.4886893953549067,-0.02729628084165998,-0.04358523185873443,0.7710442655650405,0.6347014898007575,-13.632266621866794,28.965338780795722,-0.9547325682514707
-0.049254545385866925,0.007177142331788876,0.9092108149212704,0.4133499394181403,1.3560778472828856,35.19127254941509,0.8734947492683176,0.017328696310271903,0.0188203908481522,0.7357387893723515,-0.6767820498398401,-3.2172842944174866,-0.10743234241563346,1.5058143349476527,-0.014340575730288338,-0.039357149170859,0.9205065033886595,0.3884754045188065,-23.579125986431702,26.656204904237438,-0.8863375189025917
-0.06761490105206763,0.032341556530114834,0.9880679937865176,0.13455069130857267,-8.543638962007662,31.202176387424288,-0.19992951231719758,0.009427203720029472,0.014807957587489137,0.7397309440964482,-0.6726737564141221,-3.246920682146642,-0.0823530650268572,1.5184513496044474,-0.05350711390265105,-0.035583815607243545,0.765484847912556,0.6402372438752135,-13.482497822292036,28.73338572067246,-1.5312210431750006
-0.07563293285023556,0.03264661493757674,0.9874726738929755,0.13457925663432113,-8.582204577804873,31.200839496060098,-0.15799347418797538,0.00976209835733914,0.01476214707885457,0.7437840442138869,-0.668185659844716,-3.276564569227788,-0.06851157509276104,1.5175729322660698,-0.05892787964221034,-0.04209369531487361,0.7613481878953732,0.644286087545,-13.474316029048143,28.707576081110506,-1.7457199634098766
-0.08760255568193,0.031702305241867054,0.9865810981693118,0.13408390214854432,-8.641159713907768,31.037948485141555,-0.09106467075790192,0.014464314235496606,0.023554070161830226,0.7447026007328035,-0.6668238341978391,-3.298455929213053,-0.06897218668598713,1.487925522400889,-0.05684682912698422,-0.05520999569682491,0.7602503701226948,0.6447787753343543,-13.412108274019968,28.544369428009333,-2.003130811441462
-0.08447128574532274,0.02223556967598449,0.9061895338726901,0.41375199096235565,1.057788434736203,34.92918918515147,0.908982433076055,0.022656484346191875,0.03261308852526948,0.7473461675252852,-0.6632471455341381,-3.3255301416065564,-0.07304313573372635,1.4560752439683535,-0.033715201934965223,-0.05541895223088576,0.9135022357617939,0.40162879646549166,-23.389652393640972,26.270721215203665,-2.728081279646264
-0.08695531730780283,0.02834980724062729,0.986403548493526,0.13653974051791132,-8.653360935873025,30.95631824063446,-0.0031431915670196986,0.027757788830654946,0.03761755111469191,0.7473826215712501,-0.6627470422270113,-3.3593054534919906,-0.09023707535706905,1.428649656725251,-0.037921405418739895,-0.06844423284540664,0.7598414374795431,0.6453823238130192,-13.48313839860991,28.432978601488824,-1.9329661070699076
-0.07746867150453814,0.01562529539132536,0.9047342434856086,0.41858141829730017,0.832182517574374,34.71741735330147,0.9718100966589418,0.03105185154960276,0.038298578593739904,0.7488002876851445,-0.6609592502989011,-3.3909821009336927,-0.10134849811430863,1.4217644553389872,-0.015256097130509823,-0.059743480055653816,0.9148784880917448,0.398992882290082,-23.66415227503276,25.7929749626456,-2.261498046877404
-0.07469719723515024,0.014667003817012109,0.9037941971637562,0.4211427987005905,0.7540651459141188,34.64868403974674,0.9983793177585412,0.0297335957877773,0.0346460259488855,0.7462294471361541,-0.6641213581826352,-3.4177339439092083,-0.11567368567481814,1.4259595599713764,-0.016717987276872695,-0.058282704701821356,0.9175222513743234,0.3930350537382686,-23.80589272898477,25.587069443378763,-2.1745457562999193
-0.07633968606837102,0.027424568927940023,0.9857298074374873,0.14750217652412242,-8.837988282720175,30.438851213985004,0.07211522777821244,0.16805012461913046,0.00716793783630927,0.7623974537836912,-0.624866304697904,-3.145417397479612,0.025021384937436997,1.5168754710240133,-0.036757109927537064,-0.20565922378585352,0.7335605263637305,0.6467164391775904,-14.324471030696643,27.41103182101832,-1.7142358391044585
-0.07615570469289955,0.027593721462511028,0.9850785199044945,0.15185257587985684,-8.770301474320718,30.501495557919156,0.07617275132288626,0.02085099475592829,0.0300902361929411,0.7458519443412489,-0.6651050224031688,-3.4929708345788075,-0.1383655297813252,1.435937179631443,-0.038424849884460606,-0.054418744864341735,0.7713071097063382,0.6329671979140792,-14.226005040276887,27.62159574328271,-1.780026585171395
-0.07194378304244411,0.014773438488174799,0.8993530866031871,0.4310102820282804,0.4074288752246531,34.38612247873334,1.0875040057270198,0.021618587666013035,0.027198170066189624,0.7439875073881483,-0.6672896560435712,-3.523355646226277,-0.1548601451484985,1.4376091365136496,-0.025220004151267707,-0.05138716572501561,0.9230713973275265,0.38034524582958507,-24.324960509681134,24.73588792638908,-2.255053408582841
-0.07293535620213758,0.01612213520011888,0.8978248669810385,0.43397121886449697,0.31520905463933957,34.32396353556783,1.1067071573228233,0.020830574108000464,0.02917358964326249,0.7387939494435564,-0.6729773317989615,-3.557791152768728,-0.18026141619393315,1.4354761721455254,-0.02576213347256245,-0.04907607750428659,0.9272947136177839,0.3702058416506241,-24.481303071337074,24.50574548596372,-2.4049942411532097
-0.07404686427913273,0.017069307798114292,0.8950792731852839,0.43938456428944433,0.29628135517461374,34.279392938730325,1.1254094229263458,0.021787577293383546,0.026894255173828076,0.7340753932441341,-0.6781853120997238,-3.594887684866509,-0.21392513136938052,1.4376737200882475,-0.029102039065629907,-0.05046451543459735,0.9319343471810727,0.35791727612447194,-24.744173352989634,24.214469385796214,-2.5324009192976
-0.072387323387183,0.014789315254836831,0.8918323122043297,0.446291920692512,0.22786081503534206,34.227603617219984,1.090244032557834,-0.043099797537596296,0.23951799147693054,0.9334000305979452,-0.2637004400656743,-2.616768773464697,0.4671676001737658,1.0043070416285862,0.1614818763851319,0.08166635562661549,0.6684461154359619,0.721411117682821,-25.108325512267733,22.570899387334563,-2.8271599778004677
-0.07428464686252291,0.02650896439500135,0.9820593527506278,0.17128483214293377,-8.988304594584974,29.904943853154464,-0.014426525951392932,0.02148050228388509,0.03249893144873868,0.7292529240598891,-0.6831343793328103,-3.666299102261575,-0.2854124162095213,1.4258155192439166,-0.034482972115564295,-0.05159166515016495,0.7987720686129323,0.5984249385887318,-15.21205673282699,26.60337470331946,-1.6460363398873394
-0.06706503568184607,0.021965876681849128,0.9814638737403135,0.17818093554936867,-9.021267053402994,29.78591805850988,-0.04880680283217487,0.01768470635619864,0.03405528341341773,0.7243465831044704,-0.6883672830528812,-3.701054102580824,-0.32617306269877655,1.4132500614131547,-0.025501176215827925,-0.044746636737878466,0.80734475089697,0.5878281055813572,-15.581628619287796,26.32265373154911,-1.2292509540003689
-0.06006528405533706,0.0017448508700857203,0.8833483197538093,0.46484929077596143,0.07712969911663947,34.03815924143714,0.9048336439738875,-0.006141629810405301,0.26868455392561535,0.9025521597692856,-0.3364082189258505,-3.19245236238222,0.30334416585883345,1.024200959620042,0.21270584284281635,0.07669795303054598,0.7328442641212917,0.6417265250603046,-25.87745258393111,21.834968068033366,-1.527671702541219
-0.058242889849753156,0.020795334609313487,0.9802922728989082,0.18762297176819465,-9.006799596177075,29.62765191583037,-0.11458023441601028,0.10281547175919564,0.3950496341877369,0.8452805350777575,-0.3447688824614679,-3.002577078686822,0.47206917372431156,0.9189746221623479,0.3688964205504808,-0.06873082296076298,0.5217152318494959,0.7661623338016599,-16.321124316182253,24.87402300822368,-1.4390306303098737
-0.05565669747071895,0.025552220610503103,0.9795139898843529,0.19183784733300369,-9.08951338339756,29.419556938629285,-0.13284743754059036,-0.35951587758955306,0.053730260617995206,0.7875182703348914,-0.49767094223359726,-2.814731807157038,0.10085888947200013,0.9449776379889603,-0.06416077173361881,0.3313442608008122,0.632355479836284,0.6972954347519655,-16.837182501142355,24.777381748938787,-1.6465980417843993
0.024677368704092532,-0.02771142737903127,-0.5708403198776955,0.8202221854280638,8.385743390617165,2.132635341230639,3.5760729123478256,0.01836961843765789,0.01775584690457155,0.7907710445747357,-0.6115786475027865,-2.9523659062753658,-0.007348366073517909,1.396108564439285,-0.04193696140486038,-0.02761628976782916,-0.29854698765543053,0.9530730968658462,-1.9622591598095833,-11.501789619404285,-1.3201786980055765
0.02310735264238083,-0.028727166474818832,-0.5781919263910414,0.815067418325874,8.606067540875301,2.343458543571387,3.594153950482468,0.016403872899966403,0.02207697935913188,0.7839354784031012,-0.6202327673036625,-2.9192735448624787,-0.07356357522970056,1.3995046227100771,-0.03745771337861774,-0.02777595703185071,-0.2793653106429642,0.959051843816991,-1.5631431125664141,-11.801652893829079,-1.3302410760732823
0.028214017484423946,-0.03457003070429998,-0.579876744228648,0.8134813112157375,-5.064607144838249,1.678788409518802,2.3233859014542304,0.016338249785451776,0.023572209283193542,0.7784498397431995,-0.6270512415642319,-2.8842566050826686,-0.12593457235688366,1.4008813641280353,-0.04422455443982775,-0.02893573952314296,-0.2684120834055803,0.9618533491363033,2.393287128744534,1.3852921227389925,-1.10232054910229
0.030747745038427216,-0.03319336582695537,-0.5872889374354541,0.8081116758258509,-4.925416041981862,1.6142579778274921,2.334512690311982,0.015770209764547814,0.0201899106862149,0.7733267609050195,-0.6334898490572801,-2.8564781918612954,-0.1794058427657917,1.4064842777233797,-0.04603448188886983,-0.02832776606344616,-0.2517485438189254,0.9662820679450327,2.32710987158347,1.3243181688429946,-1.0907389682181678
0.0312771830669412,-0.033899893387375646,-0.5886296118103538,0.8070859403729654,-5.004340344720163,1.7064673578182692,2.3209697798548135,0.014856145383223938,0.019456176618565628,0.768955952106754,-0.6388329170098666,-2.827723957697241,-0.2295431329455206,1.405904260098847,-0.04658612326714934,-0.02684198199765918,-0.24346540961775465,0.9684182130882474,2.4905105185091707,1.3901508351164504,-1.0899442347526953
0.03229207879881778,-0.03472353824601492,-0.5915096875454072,0.8049023462995144,-4.959253575572859,1.686974768876098,2.3227213145330055,0.01709335745568664,0.02117314997366098,0.764012399261401,-0.6446274649950331,-2.79720090175188,-0.2795212871103643,1.41099149182891,-0.048579934858630845,-0.029441006785102697,-0.23237471548628902,0.970966121268542,2.504708264238304,1.3827376874425923,-1.0896342372452568
0.02795200016100544,-0.02890502112689396,-0.6017872970167425,0.7976435510865337,9.342806689774534,2.554316399050549,3.654665433051086,0.013675626728277523,0.02561291943327876,0.760484468014746,-0.6487066590532441,-2.776312808786143,-0.3200935337819577,1.4177329036803772,-0.0356092141653593,-0.031165980741573323,-0.21510087809739514,0.9754446564273501,-0.5847873678080812,-12.580620805390414,-1.2349740518515575
0.03070067863300033,-0.03712712794388491,-0.6043000243804997,0.7952990162422178,-4.6628877683820065,1.8177707984152676,2.3411921620292446,0.012968324590845699,0.025394188557707066,0.7552187926412165,-0.6548522986035442,-2.7618186189553446,-0.3591570409979131,1.4333839036299303,-0.04311150173638967,-0.026905676420515702,-0.2036364073550887,0.9777268005909934,2.5848652923406306,1.1550157496174958,-1.0777776215529205
0.031965858727049615,-0.0352018553501195,-0.6066976520725239,0.7935092767103848,-4.63510799670172,1.7699245882065497,2.3429354305817967,0.011623163864346133,0.024353626720697772,0.7530585108945933,-0.6573999407488178,-2.739278741660363,-0.38649442443142124,1.4423394277646207,-0.041971210604020925,-0.02730703930161051,-0.19752827225133557,0.9790175303570491,2.5612487269305575,1.1724251487291744,-1.058682630466483
0.0356210265959206,-0.03169056389781997,-0.611983481421939,0.7894321181018504,-4.488155723088539,1.8370377110079517,2.3566747726743245,0.013412568311113843,0.023189768194249703,0.7499179367957739,-0.6609882190586807,-2.7204625842359587,-0.4182776806011175,1.4461862581347145,-0.04370695836297091,-0.03228077545329732,-0.186244338566141,0.9809998469311052,2.6184614485724547,1.0572465016676125,-1.0325044120657507
0.03787080448831729,-0.030463357398384412,-0.6161021892519135,0.7861652996809418,-4.366076688082728,1.8477099056815405,2.3694752956602443,0.016992876537378552,0.026253276765693948,0.745949252867901,-0.6652681562737461,-2.7067785249069147,-0.4499069639978395,1.4361263683909462,-0.045102867554788074,-0.03909216033571016,-0.17505435762507288,0.9827479362558313,2.626428031736045,0.9661899861016008,-1.0352809276021502
0.03535235923907794,-0.020107373960504306,-0.6245365347224692,0.7799359082677844,10.162338335288496,2.648201080381682,3.722677675117101,0.019763501963449153,0.030858786556631466,0.7425379160221085,-0.6688008541800295,-2.7010207360084477,-0.4819334655609002,1.4255052541198308,-0.034716000846280584,-0.04921354302706861,-0.15995309303416763,0.9852856613676904,0.2648476312662734,-13.378048443812597,-1.2241019450302915
0.04139673954897845,-0.024886956742180943,-0.6231201703854886,0.7806332061843042,-4.242631494126044,1.8428809230551906,2.3880276969767564,0.01930128563228982,0.03573909572882876,0.7385491521214022,-0.6729749826777992,-2.6924721480308293,-0.507473295819852,1.4131181444069203,-0.03903668394835326,-0.05375137288879099,-0.1552318743756666,0.9856419189526711,2.648267311843169,0.8945285346524261,-1.031555395447823
0.03695740667846206,-0.01564380249592314,-0.6295693043670937,0.7759071545834625,10.25811744118937,2.6103353760296386,3.7337154851729224,0.020625638113021906,0.03866042022366931,0.7346793779837169,-0.6769979073276512,-2.685228705612454,-0.5322023334527134,1.4056931375293038,-0.028177432381568737,-0.05954318828772753,-0.1420744318466875,0.9876616307462568,0.44900501464504367,-13.452542244265572,-1.2856680931135336
0.042642737930511716,-0.02032807798556146,-0.627352870008641,0.777300934412872,-3.9049810318318237,1.7311546357261705,2.4274397713507696,0.02262093774818643,0.04047286935464945,0.7328273832269572,-0.6788330180643283,-2.6785789964480085,-0.5541304489950775,1.4038188648462893,-0.036036775985924606,-0.06310130490721476,-0.14157385345853166,0.9872570182644687,2.5152175729569644,0.6218701958668413,-1.0302172835169439
0.04325633758673425,-0.020796068239034782,-0.6308588380099209,0.7744117375848277,-3.7563025177087184,1.7431920385733974,2.4453300879261235,0.024989036915341434,0.038718160935976374,0.7293929316746718,-0.6825411366876043,-2.672527868173459,-0.5745192232109944,1.4112509543509058,-0.03961884448579825,-0.06310504790931142,-0.13206885965845827,0.9884360962644414,2.5120998373806254,0.4963627501989385,-1.0289077051516005
0.04142476793977923,-0.025526508305038664,-0.6349179184176676,0.7710457981514873,-3.767185819147869,1.7553015284147477,2.4512172626275657,0.025930504709169886,0.04061443299570737,0.7270687997260835,-0.6848715479729298,-2.6628587682007883,-0.5802766834879693,1.4176010785779607,-0.04113694814248278,-0.06041560702680211,-0.12342176666771819,0.98965891772758,2.517924777618765,0.5348582182384689,-1.0567912452011015
0.03307389915623856,-0.024786573450299363,-0.6423307069624733,0.7653123583637502,10.920497437501695,2.524719580123019,3.793785529991805,0.023896866800243163,0.039022950323004575,0.7253056810593871,-0.6869045189312694,-2.6537645052341245,-0.5798295379520538,1.4243938298312986,-0.03391938154625676,-0.052177115128970976,-0.11198257347740737,0.9917595108945085,0.7117540876066912,-14.05486136327348,-1.2112422232046423
0.03139260392929865,-0.0304296121075475,-0.6477571516519669,0.7605913591471133,11.09193223775577,2.5729427647190732,3.809743364513178,0.017451446912464672,0.036066746419191074,0.7222590446722381,-0.6904610844881419,-2.6495875137252405,-0.5776809345235652,1.4313109129078674,-0.03356436072086048,-0.04039948437062891,-0.1004296131833685,0.9935568469633865,0.9126615294179482,-14.22186853054123,-1.148146390554317
0.03894003580998523,-0.034679772574899424,-0.6464732178344543,0.7611526559160366,-3.471794967581559,1.6521924779340225,2.4859703785562743,0.013283245294704043,0.031799762386724446,0.71986423664729,-0.6932588342767821,-2.6433583016256605,-0.5713839545024323,1.4363064138903974,-0.04151313456278949,-0.036781216372220364,-0.09805436242401606,0.993634310896404,2.32571653600189,0.34551787324080374,-1.0972938952457394
0.03588843994132716,-0.02527771603105081,-0.65314149809482,0.7559624596613813,11.40430945754747,2.4245093541622964,3.8393747555974294,0.010615978965297774,0.030683466376906207,0.716480723391238,-0.696850915828109,-2.638252006652531,-0.5674266212428656,1.4394506389011164,-0.03110452488252692,-0.03822786096262546,-0.08512074940015205,0.995151042404926,0.9370808134730242,-14.48257659654819,-1.1321235784112211
0.0386146979792839,-0.0184582457049993,-0.6544548932005219,0.7548887275826525,11.475155447754787,2.398244230753903,3.846808578876889,0.011084629914460617,0.031109002015389395,0.714451797489305,-0.6989048504893688,-2.63963077413295,-0.566774155856037,1.4434896114525848,-0.028183750120634836,-0.04542600816065656,-0.08052404150172272,0.9953180560765259,0.9742757929778764,-14.540886699406665,-1.1865356530438487
0.046334342582308854,-0.017490386860723014,-0.6506907558295475,0.7577260424077422,-3.142723280184896,1.5871350518876852,2.5197861257953704,0.015697680688547593,0.03383971065987435,0.7122121292487789,-0.700972424389417,-2.6471525392960964,-0.5724198195644083,1.4470236104964567,-0.03481131667665802,-0.05659516765315036,-0.08170290215418895,0.994439437577338,2.244888548619452,0.06655202902314228,-1.0080343486102794
0.04748935932984664,-0.01583134870375684,-0.6517030155740008,0.7568205260432715,-3.1089747800015743,1.5170191045649517,2.5245224901117425,0.021116690437761678,0.038361717877287496,0.7109606669422087,-0.7018670771930744,-2.6479214313983785,-0.5753135640810874,1.4399714082734407,-0.035567781605801145,-0.06544631048012005,-0.07850465611786676,0.9941271208069907,2.177446434390593,0.04817387142672791,-1.0114759211813995
0.048537133238867936,-0.015710881873197993,-0.6524093957839684,0.756147667575928,-3.1439070881094153,1.4667402586741218,2.5257451761851826,0.025947444691922596,0.03988501662543926,0.7106580147894851,-0.7019267066996495,-2.6550015022406934,-0.5786782170420037,1.4353855700248528,-0.038833314395515975,-0.0705527341846537,-0.07707526012000986,0.9937674223225279,2.136821435288575,0.08467342017995794,-1.0190554690726756
0.047782420501121185,-0.020196563783127376,-0.6547906971161251,0.7540279053672927,-3.0139996232997532,1.4441347169663459,2.541677462266982,0.027432610167613943,0.04395347229001221,0.7082205369396505,-0.7040875053783843,-2.656763055214624,-0.5753975431652076,1.4269903997543871,-0.03985125532038981,-0.07072510587212671,-0.07033385177280466,0.9942147585625384,2.084522076971648,-0.03629555159045417,-1.0498124147555192
0.03936791689429876,-0.022696298763570096,-0.6613857976990222,0.7486680651289105,12.068776453734529,2.112781729691733,3.899435766970303,0.03136542204394135,0.04608733924756924,0.7080815544508806,-0.7039266152856487,-2.6576154943379615,-0.5569330934897705,1.430349130352316,-0.036783733200550964,-0.06714793080197239,-0.062024739821008215,0.9951336814775091,0.8656477252872354,-15.102956711874048,-1.114333181529908
0.03628065119366697,-0.02636871691432576,-0.662214979739573,0.7479704043114089,12.189916367037597,2.0664539943589944,3.910087809522107,0.026023508708887446,0.043962645304566075,0.7065431231726407,-0.7058235458737219,-2.6637746106779967,-0.5336155424621747,1.4424433526949842,-0.03459046553575143,-0.057138098207964706,-0.058785220438297266,0.9960336516831235,0.7964314429620303,-15.219078731799984,-1.1077481369966413
0.035280539039985126,-0.034546050434452386,-0.6598143114791144,0.7498045934320292,-2.7059703828341526,1.2492530268663131,2.581952923512283,0.018902077642390318,0.040327149082068386,0.7074542044477861,-0.7053545074052223,-2.6713902863789505,-0.5071232615956324,1.453371845885274,-0.03688947039863059,-0.04330149625892424,-0.062973657800374,0.9963927266990101,1.7406168872358805,-0.2997378843037266,-1.1136241516339134
0.03166960538517802,-0.036298389892573904,-0.6603326140006855,0.7494266487608879,-2.4986744061296804,1.221022111987054,2.602211840702168,-0.015375268232889322,-0.034257737157658265,-0.7056474041626607,0.7075674876434771,-2.673410286471355,-0.47995019099617164,1.4646104432210296,-0.036923382338538764,-0.03249046650449548,-0.05995805411273522,0.9969884980128992,1.6512297383380805,-0.4952549844140073,-1.1163060487997523
0.03221934305041166,-0.03382233467881837,-0.6603612002028154,0.7494938618007294,-2.433531782716045,1.1664267825252637,2.61177930297157,-0.012147807343560147,-0.029099249470220623,-0.7066496610886511,0.706860609271947,-2.684850758726607,-0.45343798502478116,1.4738877057493975,-0.036563817530149915,-0.028691761247167567,-0.06149783720781525,0.9970245162998342,1.5661664166646128,-0.5577421884640663,-1.1036153253743015
0.03317191590372673,-0.03136252745092742,-0.6597526066801781,0.7500950032135104,-2.543466633959156,1.1668374614895356,2.604623563763795,-0.007589859303132201,-0.026142082349442215,-0.7039659642022504,0.7097118477318732,-2.699695899882143,-0.4361605332901397,1.474564137610193,-0.034066462169932546,-0.025710017260353633,-0.05870189051959277,0.9973628022024495,1.5662867406942549,-0.4612903537757451,-1.0977256109228393
0.03819024040782313,-0.024911356337373482,-0.6592667256794768,0.7505253588486446,-2.3398263880820878,1.0314187335217184,2.6256354760265737,-0.01150071424174044,-0.02520081680706225,-0.7058758115019541,0.7077937490121289,-2.7030206816786353,-0.4168913554680831,1.4692627405060432,-0.036632655006643186,-0.03582135494284714,-0.06190390571950941,0.9967661639391122,1.4039504288409659,-0.6481155483521497,-1.0842414590705511
0.04045307317287337,-0.02232329183915027,-0.6581983246707604,0.7514254353646398,-2.2121893809523385,0.971420953510119,2.6386885521777117,0.018115490865926752,0.02946276827384242,0.7085968542073321,-0.7047654024452401,-2.710017782046892,-0.39788977600509473,1.4641796670796041,-0.0385482366603682,-0.04699489585215679,-0.06698603558512066,0.9959007903655916,1.3141129704321441,-0.775848153962069,-1.0832741365932748
0.04149134693166792,-0.021847603280440758,-0.657243586836197,0.7522180654061607,-2.0247799204676653,0.9157840875209331,2.656522043681271,-0.022658423558901783,-0.0294697094991821,-0.7065216702728424,0.7067144129694345,-2.7152912993087464,-0.3863518319463471,1.4614854890548918,-0.04243363601164756,-0.05093427104836892,-0.0652570781416174,0.995663899275263,1.2224932607359462,-0.9631151930381086,-1.0855393297175184
0.040025069829158086,-0.018671684181728473,-0.6606043409963378,0.7494339641701482,12.714768220626297,1.5976316995535171,3.9449222025670245,0.023048070843472733,0.03442174727914979,0.7095404953257479,-0.7034459575813462,-2.7331348442441183,-0.36000366942509476,1.457638907885505,-0.035937641037514866,-0.05628736928102146,-0.06524621377838585,0.9956320352437771,0.048955898418140804,-15.72610895241746,-1.159191124973019
0.04110971972255897,-0.024645222775925804,-0.6562033480824118,0.753060269768689,-2.0196794569788494,0.7742666953737398,2.659217830178349,0.022461209894115413,0.035812298720710116,0.7094400910695264,-0.7034967878346661,-2.7382506349564526,-0.33577734627914957,1.4570718625294263,-0.039819359323321486,-0.05353498871563654,-0.07058840373852455,0.9952716718886075,1.02070573035603,-0.9723542085199561,-1.098355290857954
0.0348069508138558,-0.027631322007969163,-0.6594585625460218,0.7504261392727924,12.755672943195975,1.4844997560115871,3.9499918344241607,0.021696047544012026,0.03449479082599963,0.711705491760548,-0.7012950049192672,-2.7519181030413655,-0.30706260982313555,1.4580191682233736,-0.03760870038239592,-0.04558802697303761,-0.06980725965274333,0.9958083469985715,-0.20815380419099777,-15.76877613497675,-1.098806050172735
0.03154550487042122,-0.03594206090404883,-0.6553356342306254,0.7538224299448669,-1.7761621909242535,0.6801010473114957,2.682262055824978,0.018903726744680365,0.031521850204442786,0.7134084771769977,-0.6997838000174398,-2.765005143222524,-0.2730793834441064,1.4621125968575015,-0.041309065741689854,-0.03350332210451193,-0.07751623982296593,0.9955713540772547,0.7913055915682863,-1.2228249438327077,-1.1196707719670644
0.01808599012799856,-0.04568259862679329,-0.6512441176241568,0.7572761031511073,-1.4347534454103084,0.5994797665804299,2.7142671313387936,0.0123270846680719,0.023849695152542892,0.7149683034471067,-0.6986412241563498,-2.7852299394298767,-0.2290590355609073,1.4787911846552197,-0.03910026128578642,-0.007103908634706502,-0.085447944537206,0.9955497741569025,0.5629009609984965,-1.5623550818391854,-1.1308639302520442
0.018893066719685558,-0.04270993132298299,-0.6497780255021125,0.7586879670660973,-1.4234228060284408,0.533901668620615,2.715998671623467,0.004841023044444722,0.016001778492869934,0.7160909887213567,-0.697806709234741,-2.8112042016277385,-0.18555329469949652,1.5007561171531394,-0.037043127562803,0.0009881746114273492,-0.0893610683282202,0.9953097154547133,0.4507503398178314,-1.5797601164103763,-1.1052371773362608
0.02184699267249155,-0.03301455809815537,-0.6503789924255607,0.7585775596972691,13.053856221210708,1.204368615139515,3.9831778682950336,0.0048357021699691515,0.008801507216714497,0.7175130846312804,-0.6964726289224454,-2.826018895464459,-0.15215147816303343,1.5162075264971586,-0.036848149595490584,-0.0025034320021091313,-0.09096622310598908,0.9951688766000626,-1.1241018627518098,-16.04151393813753,-1.2258665207682382
0.034156215980092504,-0.022737076914483605,-0.6433019431931166,0.7645122550536821,-1.3273440173925337,0.3458187373429382,2.7266891446806127,0.006369024622092243,0.01038357559146516,0.7190105221357977,-0.6948924276039472,-2.8420635897223003,-0.1267651817125613,1.5101425726967466,-0.038272516405341885,-0.020794432818894364,-0.10216723004431259,0.993813193289773,0.21728874518883784,-1.6670213056121927,-1.0823687324584472
0.04043073853118549,-0.015902394990515874,-0.6427366932973696,0.7648542425224244,13.327850708986318,1.0139923126091617,4.008540321669631,0.01565789971331062,0.01534698429738331,0.7224015466021743,-0.6911261141906957,-2.8440348661499484,-0.1077394508837024,1.4945283167452459,-0.04154259503607506,-0.04001878032456943,-0.10745028642171299,0.992535715209732,-1.6283234551069485,-16.277541615517805,-1.2241826849240485
0.042402325375877264,-0.019127882353874023,-0.6409702008893009,0.7661549246016135,13.446168769527958,0.9500062516405023,4.019198804465219,0.025826792101743875,0.029302453083373297,0.7267777092485486,-0.6857612590344122,-2.859985182038383,-0.08921076202800879,1.4671494183272347,-0.043984915271686714,-0.056704327072352075,-0.11553528507521531,0.990707597842271,-1.8093995445114648,-16.398846469113973,-1.1346772817491806
0.04355287954268527,-0.02212657466472569,-0.6378673877174086,0.7685953142348163,-1.2134173986235055,0.14087459572840544,2.738854017563682,0.031391233320386035,0.03422207328893005,0.7295372296813307,-0.6823627119643345,-2.863874263263101,-0.06985055739628156,1.4575186585077917,-0.04815903132886082,-0.06300146676008618,-0.12327692543292798,0.9891988286200848,-0.07114329446364848,-1.7755326849552429,-1.119220966061108
0.028228213035016474,-0.03995602935132869,-0.6335902165986813,0.7721205353685147,-1.0648081507559368,0.07033477194318039,2.7531264787606027,0.024441262733396987,0.03547509092487488,0.7308497886366345,-0.681177457825533,-2.8795536471882337,-0.04377767754949355,1.4563317221248528,-0.04482520832417146,-0.03629022817825062,-0.13073878279504236,0.989737889903552,-0.2736616570217843,-1.9159826663299775,-1.1145040280715268
0.023639677101331132,-0.03933365038691283,-0.629413782926203,0.7757140706963562,-1.047879617308638,0.016227064318741213,2.7553131852923194,0.015065399300796766,0.027710364345707127,0.7324419433825224,-0.68009849950266,-2.89776345299046,-0.013217032172582202,1.466275022441381,-0.03913208122425403,-0.02154162392122856,-0.13885451090107345,0.9893048384902998,-0.3899487233074861,-1.9201369180278363,-1.116051412273928
0.024896155289955542,-0.03454195161379175,-0.625986890566511,0.7786703075560029,-1.1166521509248355,-0.05770343762810626,2.7510061546564657,0.007013476718462778,0.017266084701910475,0.7355488299242829,-0.6772153366990477,-2.9182693005463225,0.021715220194367238,1.4739826599103494,-0.03692019367862005,-0.012754930468939614,-0.1481499924559678,0.9881931950700542,-0.4918076009194531,-1.8409124101486376,-1.1189671420523228
0.02937901481954628,-0.02589899668269179,-0.6248360390422221,0.7797730694074332,14.048981187184836,0.6449783445971207,4.066265693125413,0.00928547582586307,0.012052258410709112,0.7390925694513951,-0.6734320283351717,-2.934382318537439,0.04576993890642877,1.4774873779239688,-0.03863640412362094,-0.01947252415292284,-0.15494531232215417,0.9869751766224417,-3.1239888206778925,-16.85646126005085,-1.2632764871125022
0.03403472285457919,-0.02636422228628315,-0.6183558325385812,0.7847181849485646,-0.9390380453161811,-0.19914356410538403,2.7669994665556032,0.014733932338073772,0.015704574731137018,0.7398150342115135,-0.6724656070945104,-2.9436489088798488,0.06320972261850233,1.4718050987761782,-0.04424279783833614,-0.02888484528360353,-0.1638003309997954,0.9850775056393969,-0.7229942260385196,-1.9921138583525584,-1.1285318498715446
0.03551729519888308,-0.02545629773725474,-0.6169043131821772,0.7858241323760005,14.179960710896808,0.5120763564923436,4.076449071016047,0.022999474431325575,0.019036683900666613,0.7453347933085493,-0.6660215272238962,-2.946788956798793,0.0876022976188768,1.471254801039925,-0.04895847723671319,-0.038665794166671104,-0.1735689014741018,0.9828437619017564,-3.6464131419249046,-16.901949514368205,-1.14914899078838
0.03401027451732013,-0.028377624969424673,-0.6137855795341278,0.7882292014283065,14.181890075944125,0.46452000345948363,4.079081352495702,0.02554750249360113,0.020828101588692877,0.7484225012787634,-0.6624026531349267,-2.9491329145614946,0.10904864903187218,1.4712620897001503,-0.051120248218894895,-0.03875464716022286,-0.18192192727719572,0.9812182274709719,-3.858942107141083,-16.860516563626298,-1.1093137130114468
0.031767293473584854,-0.03044973179165869,-0.6114354634012724,0.7900698241259758,14.204614188886296,0.4280404392266064,4.082752376029582,0.019510571845682435,0.028010824337570572,0.7501578310635794,-0.660377134522517,-2.96196678012409,0.13472691389288696,1.464134793744738,-0.042108401700541656,-0.03778213993904651,-0.1874151466317745,0.980650271616157,-4.039495758232309,-16.85470247403439,-1.1118325247027543
0.029587307282074204,-0.032017345099647085,-0.6097190145556892,0.7914178442199832,14.128241671266892,0.40152782548682353,4.0800000021686635,0.018092158736104546,0.02613576280346193,0.7529399744421121,-0.6573210711532533,-2.9647794908708778,0.15814167671454857,1.465693422507782,-0.041938485239251574,-0.032947233063115915,-0.19375642591480507,0.979598943806108,-4.151881705654387,-16.750336421034504,-1.1195160756234876
0.028152794441907273,-0.03328541383118169,-0.6018718415361421,0.797401898516107,-0.3797832532272878,-0.4330490824681874,2.8158783133693497,0.014351376484760744,0.022614840357986186,0.7580590736222983,-0.6516356711287975,-2.9674742495408903,0.185230638549599,1.4673216200849946,-0.04141025431726437,-0.026322324323387675,-0.2111622206435755,0.976218644901063,-1.327687295842975,-2.424214914702194,-1.1213599567573969
0.029322877387663513,-0.03080714078429969,-0.5978394796305293,0.800486755376691,-0.31599218752756997,-0.4950368927030695,2.8206601630162034,0.013455186916118498,0.01730337224595616,0.7575613376601602,-0.6523958698033876,-2.9755160078414495,0.20128001130493817,1.4752635445829838,-0.0428944827385966,-0.02401058906021895,-0.21546790936567858,0.9752728515636808,-1.4402906652474252,-2.4560349639857773,-1.1231523929531038
0.030986483595266668,-0.029251012681763843,-0.5947437745083228,0.8027851884377819,-0.08368057961092745,-0.539041394607807,2.8421058875046725,0.01695296150629365,0.015166202913599578,0.7615178674166457,-0.6477446418076753,-2.9727600426890204,0.22336116280092816,1.4833806425599956,-0.04693607914610455,-0.026907445553374522,-0.22512733291677253,0.9728261292861965,-1.5834187890771667,-2.646842184109681,-1.1230242586818195
0.03430629890577465,-0.02781654560432148,-0.5915108136799208,0.8050865015299589,-0.05807357300687954,-0.5986225476817708,2.842901760899853,0.016972994729604958,0.0177500278289708,0.7667607328830254,-0.6414630406115893,-2.960645779940163,0.24237919798937246,1.47757260123056,-0.04650025324546021,-0.03279145469881605,-0.23679532300736053,0.9698919640602676,-1.6752919360999599,-2.6288057638314046,-1.130977564681084
0.03554264506652578,-0.02770790392703104,-0.5898662725083007,0.8062423785678898,-0.0033036247452855605,-0.6271020996748575,2.8477731981587837,0.01950042895533827,0.018844875770735122,0.7674209794325675,-0.640569780940767,-2.9601318494041045,0.25637087108183565,1.4821215376300165,-0.04863728673130605,-0.036223508345123445,-0.23966669411275152,0.9689593115893217,-1.7404856308545866,-2.663027195281616,-1.1257699694346577
0.03673563571234571,-0.028276402217292412,-0.5856793023380729,0.8092160978127189,0.17992849541963096,-0.6851248496834614,2.8640302469822387,0.01996455208824105,0.01965002974951201,0.768487189542666,-0.6392516972989385,-2.9498565081599883,0.2707967801990874,1.483445782657149,-0.049860391571626174,-0.0377490726680692,-0.24618933460875816,0.9672020266676047,-1.8894808721999552,-2.790433746735781,-1.1219159206079554
0.036701730078107474,-0.028392110118307178,-0.5846689831940176,0.809943856809333,0.17232041946869003,-0.7140715249699952,2.863553885924837,0.020072224101531484,0.02205861252345302,0.7728522640666736,-0.633884769780892,-2.94237787861183,0.29150798811589695,1.485239471074416,-0.04856796235646317,-0.03996953355908547,-0.2539746976522752,0.9651634278048695,-1.9389502471436697,-2.755757827766816,-1.1218542709245407
0.03401792026911885,-0.029679769830073744,-0.5818069634687809,0.8120729952551274,0.36724080761888445,-0.7303942227417792,2.8812558413931484,0.020529828949035656,0.02025037139635655,0.7735472746774922,-0.6330821924684482,-2.9341523568360177,0.30168929694637964,1.4925627952085248,-0.049384757207788975,-0.03591391295463107,-0.2585470281751263,0.9640667875378891,-2.0498498185569156,-2.9066595293829565,-1.1145885770329846
0.03168587376581121,-0.031095229600367032,-0.5801308093230371,0.813312569787284,0.5779967610990866,-0.744299130665695,2.9003878226052535,0.01762542120363163,0.020446796041182047,0.7745200051363575,-0.6319731281491499,-2.927780485701651,0.3113808011203507,1.4941085895921429,-0.046581658428986185,-0.03174467969047857,-0.2621038323081272,0.9633919272542963,-2.1569546960794743,-3.0815765563535207,-1.1108500664619738
0.030026279454591177,-0.032095742981006446,-0.5783464088751072,0.8146064799434628,0.4534155902831003,-0.7611986827815826,2.891528924495148,0.018769672475438492,0.014798935039826504,0.775749451200476,-0.6305882015063493,-2.9148344524692895,0.3218516133962134,1.501206305493006,-0.05056345845203397,-0.025964354017725167,-0.2661853243975376,0.9622445437960089,-2.1550598032718424,-2.9302986468358676,-1.1046132192469365
0.03063238788970089,-0.031200426318705232,-0.5748316784137554,0.8171026445323323,0.6206638536755236,-0.786846493483381,2.908129373291999,0.016452277337658416,0.013115084051102968,0.7778178540473241,-0.628137487391059,-2.9078735231522383,0.33589897422034654,1.5074399911142753,-0.04941383334994904,-0.02440192087650584,-0.27356863494622263,0.9602723682918615,-2.2687235858184307,-3.049641542174961,-1.1070880297686865
0.03619869112090078,-0.02517381051664232,-0.5723728697405537,0.8188072007561785,0.7475724244948196,-0.8107945267266814,2.9214366760256922,0.01640931813526922,0.011206109129937835,0.7801288024765041,-0.6253032935648741,-2.8908203825556695,0.34355552505003023,1.5125757284303578,-0.04929597044008447,-0.031066266287353088,-0.2800497088406028,0.9582155054973944,-2.333634202989743,-3.132875920595702,-1.1377852622006144
0.03676856684817345,-0.024438442963648624,-0.5719368321785082,0.8191087198870834,0.8091257140937387,-0.8247547479809327,2.927169803117053,0.019394735360393236,0.012526492372703863,0.7807979519097253,-0.6243568607156608,-2.87918360098188,0.34335528643518415,1.5167515063479833,-0.05076022767186694,-0.03480363479519186,-0.2815311675065196,0.9575762674660224,-2.36463973004912,-3.1727957725186586,-1.1398387434190471
0.035040360505644436,-0.02273859078665963,-0.5726505469478357,0.8187346827300135,15.981641064418227,-0.0630143414516624,4.2627037815162865,0.024620690527732567,0.017741673363388902,0.7834219640125776,-0.6207488066254175,-2.86313772394417,0.3461969450850823,1.5136226122469947,-0.04956320771306886,-0.04196121016109125,-0.2847610750808785,0.9563962962087369,-6.842207654445037,-17.730182691762643,-1.2943743140018737
0.030438274220233527,-0.02988730544649219,-0.5706082517206489,0.8201137015706703,1.181939534128162,-0.8225114613578626,2.9645720993175857,0.02936182214395742,0.019608822047104835,0.7835603054118008,-0.6203117162211891,-2.8489010479804624,0.3458754795904011,1.517558844792788,-0.05519080128069423,-0.038146339342861775,-0.2871791541108214,0.9555244453664843,-2.515128330468075,-3.4814546377965137,-1.1226104788236684
0.029283904930707958,-0.030017804813358234,-0.5723442754070039,0.8189404219569504,16.275357483371636,-0.04063905165162396,4.291812134053075,0.02828855073365468,0.019237195113850684,0.7848551758572636,-0.618734224971922,-2.831904838288733,0.3491792982681827,1.520067723107378,-0.053834922873160045,-0.036355487913399466,-0.28720813684335195,0.9556628933409469,-6.964068375068907,-17.972586573746398,-1.187384676859508
0.029499991993511814,-0.030232167230412277,-0.5726924062374774,0.8186813631534942,16.377646525353157,-0.030521663794843334,4.302385875520109,0.024106857634967047,0.014957811595239755,0.7855820768585581,-0.61810672525531,-2.8087306719134455,0.3537739565224017,1.5287214510877187,-0.053153602122387296,-0.03053945498579043,-0.2879863198797663,0.9556704012538499,-6.970561683813655,-18.05541517742822,-1.17099103403587
0.02880373076881553,-0.03362742460368821,-0.5712886442403815,0.8195540411530576,1.3014546383805623,-0.8159885840265133,2.9738076126731556,0.018861264393823674,0.011483220722741065,0.7849287874468023,-0.6191923667040734,-2.7974708311778866,0.3509873708162729,1.5388457556038098,-0.05312777570078825,-0.021973378952771926,-0.28858897672664263,0.9557253855466821,-2.5410065929854486,-3.5498851386496817,-1.078767543180043
0.03279627729823099,-0.02895738128799846,-0.5715161559717653,0.8194236741317498,1.5499691589494091,-0.8361574922947739,2.9928300604368907,0.01968118230173304,0.010641691970043415,0.7855122290378292,-0.6184415441149159,-2.7768244528639463,0.3469404524195625,1.5473292342145921,-0.053074285321360964,-0.027821597274539357,-0.289299059426917,0.9553612579424714,-2.617790391020516,-3.762233894746778,-1.0968618575393387
0.0318121831159522,-0.02831504477166216,-0.5726921094412375,0.8186635395745443,16.836027412970168,-0.0070773433047861545,4.351438235889532,0.0217709903965408,0.01246461360680976,0.7861362026689396,-0.6175439484263823,-2.7575481355730886,0.33952091963798137,1.5546489042216634,-0.05258963314290539,-0.030195323394821363,-0.2889055266293387,0.9554350682354092,-7.0630816020227805,-18.45512565018852,-1.1711444048447397
0.029854915317982074,-0.03333867343045892,-0.5727984940737292,0.818473641647745,1.859264028328937,-0.810231416088186,3.017893197166348,0.024760470803533205,0.013430644100933302,0.7854576179329956,-0.6182741037077694,-2.73734191883608,0.3317628136147459,1.5605436731588425,-0.05721737601925672,-0.028012720811016537,-0.2875034293885845,0.955658536007521,-2.672855402411508,-4.037111636424018,-1.0556411900650275
0.027236200673640774,-0.036372394047591225,-0.5738410046260704,0.8177051667525737,1.7954940049147012,-0.8283592644197597,3.006299147355506,0.024918535433831136,0.014181433535702458,0.7849001877929135,-0.6189585193996077,-2.709765731797211,0.3281835034346022,1.5619895074853178,-0.05764490446644497,-0.02476020473805207,-0.28534056518968837,0.9563706180700103,-2.654666785258135,-3.950585913562869,-1.0327642537101802
0.02417385353819283,-0.037941293077928,-0.5748561972748042,0.817016790243285,17.006833013253868,0.046323668787522365,4.371645770615608,0.02005352931783585,0.010956174777717705,0.7827255418058685,-0.621947380733168,-2.692468070966293,0.32010277973764717,1.5693711081469386,-0.05481832925845363,-0.01580327911259617,-0.28094389381686297,0.9580270015368149,-6.976459331196856,-18.608512633725926,-1.020996695823766
0.02671328111563548,-0.0327862532693451,-0.5759666333484978,0.8163785270802953,17.290409645569866,0.06555126778187059,4.398310986469841,0.01690672394024042,0.008763515464626039,0.7843226388300837,-0.6200607725867876,-2.6771300675134038,0.3187271536665276,1.5777284227046373,-0.05103365229808166,-0.017514416319878365,-0.2823814346003262,0.9577836587388376,-6.979376219769215,-18.887480584837444,-1.128632341409674
0.03186168361730071,-0.02614348536351287,-0.5764541933929109,0.8160894033191751,17.313046289430872,0.03763591968561286,4.400575412960119,0.01816293079944641,0.006230911464189208,0.782170612462729,-0.6227683491369639,-2.653413510867516,0.29901965418325616,1.5828860382885703,-0.05152185438221572,-0.024195015811107425,-0.2786503524008858,0.9587043761440647,-6.93257418865559,-18.89702744185312,-1.2284057987345944
0.03458523061270633,-0.022921137340226244,-0.5764626064209312,0.8160694496701142,17.53116346452174,0.026145747806140207,4.420045885734304,0.023253844398215984,0.010898526612198013,0.7829080495530788,-0.6216071643597592,-2.6330966367510875,0.285261308936572,1.5808171533825532,-0.05213772900221853,-0.0351280386221126,-0.2796641223869713,0.9580373984175042,-6.978745723673927,-19.08893427783912,-1.278844150417286
0.03467589543508206,-0.0243882159602347,-0.5762514999595232,0.8161721668817503,2.6604218321168105,-0.7904537836101326,3.0710152644331785,0.029257059817334948,0.015702402423645012,0.7819096842641263,-0.6225067908568912,-2.6148369975059116,0.2689369107673639,1.5795354809756543,-0.05548562758672422,-0.041606876814590715,-0.2781944269876958,0.958017783616792,-2.7635857001065003,-4.72627743593122,-1.0954779706059212
0.028594550604590124,-0.0325238038015532,-0.5772204384960804,0.8154392186082249,2.6811867753315255,-0.7626977031997058,3.0733303609929905,0.029426501861465823,0.020965399549067936,0.7817197866754013,-0.6225822902477312,-2.5930892807751307,0.25879733478152617,1.5798509803880274,-0.05512082833696177,-0.036185769074342525,-0.2765211914890286,0.9587430912697277,-2.741943132783538,-4.741857153687484,-1.0432925186813586
0.019354035838563995,-0.04449204099116243,-0.5785783649012832,0.8141823845142795,2.8167740868640294,-0.725433907949764,3.0885357760374177,0.025539472675836318,0.016996953559679364,0.7818372217837033,-0.6227273862121938,-2.569483261738303,0.2587310650451011,1.5895590595308893,-0.05779754103401052,-0.016040499736577323,-0.2747962377264475,0.9596297068922014,-2.762743915560872,-4.8652052411070965,-0.9614073720368048
0.017520363343702647,-0.04696642489871041,-0.5782633499016792,0.814308719074668,2.949320711979169,-0.703723897157829,3.1024214810017696,0.016093243963593778,0.0071732810746278994,0.7804173561406169,-0.6250106413268836,-2.5475110922478996,0.2592261998319598,1.6119762203003862,-0.05656065001030556,0.0005339212188429815,-0.27319838981983724,0.9602933133154641,-2.7886929578334576,-4.972829887244201,-0.9262906389805465
0.01681397220574199,-0.0479935234018697,-0.577990065212904,0.8144577316014145,2.749282419500048,-0.7119929471499518,3.089555461233541,0.01011258063949349,-0.001409855472903969,0.7775440303208815,-0.6287455995334803,-2.5273827143322283,0.2555152524809852,1.6349252156833958,-0.0569399405952306,0.012405409477532383,-0.26940640397384463,0.9612617429600473,-2.724692848125011,-4.759465108022331,-0.9048519056276487
0.025052577585179675,-0.03686823896034132,-0.5820890726846762,0.8119023418942672,18.72642144586007,0.13346461812523103,4.525163945290085,0.004226613308803178,-0.003124686038514121,0.7788890818611457,-0.6271396736251025,-2.5073368771081763,0.2514995912764663,1.6500969805369674,-0.04967817696618292,0.0036850306859810065,-0.26725317222468054,0.9623379038664148,-6.986915581692716,-20.23336214017685,-0.9728833350830193
0.029278765592185545,-0.030927094110129578,-0.5786399921820037,0.8144703973643928,3.2164681271216295,-0.717052053558632,3.1333027767901527,0.004805304429848541,-0.0018991439968175851,0.778153338419312,-0.6280530902784378,-2.481296006126144,0.23282848755891444,1.6539601827067023,-0.04746733961502234,-0.004593256913136202,-0.27027321399378623,0.9616018632772458,-2.7928160818725996,-5.171560982297985,-1.005176109144544
0.029509998406446584,-0.02831355560932147,-0.5786676855326052,0.8145374222730024,3.361980045833718,-0.7072452372360658,3.1464714215262433,0.014457087196872257,0.005293776034757048,0.7769123988673406,-0.629420442193666,-2.4516644813146495,0.2080183619664397,1.6401996402931132,-0.049283850068177294,-0.017783380834028473,-0.26803340132957343,0.9619838612265119,-2.7932275618542772,-5.291831323757196,-1.0485350979372652
0.028564012666401333,-0.027773589945175436,-0.5779879588058624,0.815072171256867,3.3385619549909507,-0.6981369120820773,3.1416480688354227,0.02129414421465424,0.011595473869576104,0.7776686955200882,-0.6282065778197408,-2.428919382948848,0.18919085466911822,1.620389513896873,-0.05019697219536621,-0.026524693588645506,-0.26983764646147085,0.9612306430636616,-2.7611931629004807,-5.251647347503328,-1.0776973576650108
0.02896767901214077,-0.026748362692246133,-0.5812874458230055,0.812742458589743,19.15274949716752,0.16202614095186618,4.559890297331492,0.022196443429378248,0.01455538402245417,0.7774891090002878,-0.6283360120834902,-2.4127554195368304,0.1709989881430947,1.603648705304423,-0.04857712658996978,-0.03044738790469231,-0.26563922018142944,0.9623663668496761,-6.998358198486013,-20.57150011321855,-1.2832820392841762
0.03121351929553916,-0.024336055471264186,-0.577184565340296,0.8156540014921891,3.730989256086332,-0.666620355233249,3.170042563688156,0.025924219443121094,0.012088466163188852,0.7771310312889268,-0.6286884475158546,-2.3915146697296303,0.15147357033779746,1.5993338451623356,-0.052703800109619045,-0.03378026263638258,-0.26999255022640545,0.9608252838744744,-2.8132182058907556,-5.608126243206837,-1.1207949131936052
0.032337556028731985,-0.024587415348545423,-0.5801950399363448,0.8134638634320703,19.604358946089746,0.16721916279072957,4.595387250387542,0.02766362701356644,0.012576825031801304,0.7784799023948786,-0.6269334803468657,-2.372719908525378,0.13881432143251654,1.6012950456605586,-0.054620654653083855,-0.036040555443737264,-0.26843469246751844,0.9610725666298274,-7.134943135364257,-20.96216285891661,-1.2797283613199488
0.03197716826188013,-0.027828546473833846,-0.5811340670319741,0.8127030385362061,19.679809687969566,0.15911285196204972,4.59773909002546,0.027075049239132412,0.015599289327323022,0.7786417771989611,-0.6266901839678235,-2.3575164194746705,0.12789620736726248,1.6043106871167427,-0.05464694267962219,-0.035870705530725314,-0.26736124251697196,0.9613766016188865,-7.113047569022417,-21.039245218930223,-1.1662096495184084
0.0328947435954214,-0.026156893148649392,-0.5776521370033658,0.8152004424680143,3.805077313236211,-0.6814897049235924,3.1601832870276887,0.025835880550692573,0.01713686771434427,0.7781420825456458,-0.6273226716870964,-2.34365091178163,0.12065424345402509,1.612631384678569,-0.05215167074409613,-0.03808210594782216,-0.2707279888670227,0.9604875389557095,-2.80090289835169,-5.644996644714004,-1.0649724994979983
0.03133319865754606,-0.031286012482999635,-0.5835189403816222,0.8108915231402466,19.897546190099433,0.16959289811188683,4.615360555258064,0.022801383874762902,0.017971893690338605,0.7766597849100948,-0.6292508930736485,-2.3383264898008926,0.11390465881450003,1.6198600405726795,-0.052017539500930327,-0.03252677964038368,-0.2613305402912109,0.9632977384493325,-7.039608154469193,-21.27837125374675,-1.041629574017854
0.030274094403259715,-0.031035934330265545,-0.5842428935317133,0.8104199475247392,20.016137077110614,0.17928211189598642,4.626034868824767,0.016800984050050507,0.022009624066683883,0.7733776553097823,-0.6333405921389664,-2.3364100844088886,0.10557322469909555,1.6162699853302411,-0.043933197160461915,-0.03140988503664641,-0.25554818301616494,0.9652867032474763,-7.024855692617507,-21.405148529323434,-1.082359088946312
0.03149952343781827,-0.024538784682037785,-0.5799384939921304,0.8136811238167311,4.502940976291939,-0.600907218346606,3.21465313158901,0.015650834362481963,0.023112222648533878,0.7724352762404474,-0.6344798031201202,-2.328707531793766,0.09904309194761218,1.6101399247680548,-0.03827155525081156,-0.03664448042272687,-0.25944466570357577,0.9643033420823514,-2.895188979903944,-6.3371259781539955,-1.092945338716455
0.02879028509534342,-0.026499050467472293,-0.584018327931113,0.8107968379618894,20.119301839209527,0.19763371543115227,4.643199689195335,0.016651341991911903,0.020815954909108356,0.7726246737343814,-0.6343031943541911,-2.3217331746653587,0.09123887782888512,1.6052394859059325,-0.040079546278603176,-0.03203785159702679,-0.2549564093989145,0.9655902005206771,-7.028718603327945,-21.487828055805227,-1.308027060721136
0.02846967150019396,-0.024774414889052028,-0.5841643422902469,0.8107575021966675,19.992352198145852,0.21364076289808054,4.643258748690144,0.018331501973929437,0.019477590474669744,0.7732202008707434,-0.633573279479247,-2.3149329470864726,0.08197706156265758,1.5987635777276155,-0.040677990117904766,-0.03281713022351358,-0.2557744877684294,0.9653226136844916,-6.951406272163867,-21.368948254422346,-1.3954418891902791
0.03388124677407119,-0.014565075889375787,-0.5786067288467501,0.8147724670204772,4.981377908301511,-0.6111611585503169,3.2539110772075546,0.023921078447442908,0.018825439444045505,0.7738402896854694,-0.6326488685638809,-2.3066039508412555,0.07265382533880141,1.5964670872212934,-0.04130368514726685,-0.04618344172612246,-0.26346262787614905,0.9626777960544115,-3.0248390914312244,-6.759458074848926,-1.2204417629022966
0.03547375213024511,-0.01522733478676467,-0.577793951623607,0.8152692136050953,5.040374091295632,-0.6093028230164919,3.2571803872437997,0.027953449482542636,0.02025175343247838,0.7742479860915654,-0.6319402876681405,-2.302264445237855,0.062111020807593564,1.5986114634910253,-0.04529527255217366,-0.05050467995343664,-0.2649452085390833,0.961874031284454,-3.0430796131223676,-6.813371380607936,-1.1973408039549254
0.03222573077026864,-0.02295641943767008,-0.5840587889443717,0.8107464684719617,20.459225680693635,0.19833606454005803,4.69476693771988,0.028095890705020995,0.023440374251421016,0.7740230524196561,-0.6320992676023307,-2.305083529810518,0.05177881979258393,1.5998115777238144,-0.04722674623359022,-0.045846575127422906,-0.2569529592954028,0.9641799119970342,-7.069068227977466,-21.816174943467594,-1.3772388180766477
0.03486597008955175,-0.022349364455401876,-0.5820591007994685,0.812091172969309,5.201687966892848,-0.5703020767108455,3.274519332441784,0.025695047077709122,0.022802661793910863,0.7721243161055668,-0.6345422315727279,-2.308586546155074,0.039994851561974326,1.6035066041565271,-0.04697464231333365,-0.04621312407508029,-0.2563249559198779,0.9643418725303947,-2.9846592095784943,-7.031102375139456,-1.1065161241818238
0.030523548190395343,-0.029146926172682823,-0.5892278683842604,0.8068638601523144,20.75566110996124,0.22003696110959936,4.727978471200657,0.024159627270631232,0.02228906573392374,0.7743365216837692,-0.6319196635218235,-2.3139954916629266,0.04220097430738391,1.5992429608569818,-0.048218151161041715,-0.03743674965035515,-0.2510549583711542,0.9660460173053278,-6.8765807425932515,-22.210408648842037,-1.2000217459643687
0.029877330319898858,-0.027896549318321955,-0.5918628459418549,0.8050015523355804,20.69389486912752,0.1831255317869136,4.729489537732832,0.020462018559319412,0.021004197737356425,0.773636578066587,-0.6329506888781381,-2.335557827017166,0.04304764227058433,1.5946642406953873,-0.04453302021692638,-0.03447617580446607,-0.24696028116312072,0.9673876280685477,-6.755313498914005,-22.20239981403802,-1.2734303950502694
0.02924426236683292,-0.023736634243077117,-0.5945505878437394,0.8031755373566194,20.65517297863107,0.13514147339947158,4.728385681550034,0.02026289057637482,0.02081346615816239,0.7726662922434847,-0.6341474715889663,-2.3722834417860272,0.042570767728920544,1.5851610583389593,-0.04078567169702658,-0.036307709552529946,-0.24246426516975508,0.9686224028624169,-6.643544813932315,-22.223906236354605,-1.4537824681531142
0.029938098692785516,-0.0217565933051799,-0.5959526084307131,0.8021663477104005,20.696325165758765,0.134978425099348,4.7317311914479205,0.02222239133726601,0.019256569268427583,0.7714387078643316,-0.6356238430643348,-2.405081603352674,0.03934595714410072,1.579730555269306,-0.0421632993834852,-0.03795686264534971,-0.23896049491318086,0.9693706281057148,-6.5761546019046895,-22.317966475067312,-1.5105665695244044
0.03076015434883217,-0.015810752083123266,-0.5899770877390266,0.8066789131779627,5.779281984103136,-0.5257920176318294,3.329846698550103,0.022789807313901005,0.019370104429779753,0.768858858906882,-0.6387186225697367,-2.446777791217661,0.03153711723140007,1.5753289802809247,-0.03875945941563892,-0.04262251431886584,-0.24243672446640127,0.9684551926697217,-3.007515357001246,-7.773437401747513,-1.2591782852135196
0.033814959115900545,-0.01415852022237409,-0.5955946688432806,0.802448176077786,6.044679472602752,-0.5322752899782017,3.3525524948932137,0.024763865498511534,0.02203652546126182,0.7695317954539665,-0.6377475662803906,-2.4916633230243375,0.028728974580173344,1.5722392085593548,-0.039207720985090753,-0.049424520322057415,-0.236574551253548,0.9695630217295172,-2.9822011777557402,-8.11637528084917,-1.2586969224626492
0.03324698691674134,-0.02212004436546626,-0.6078973370408779,0.7930108253465631,20.59186565535748,0.07779039608362837,4.725618969814725,0.02821489886739532,0.02464672958471621,0.7672519562452764,-0.6402506492308124,-2.5738219081527727,0.025501537603128732,1.5651443921548696,-0.045650091226635624,-0.04804332824156341,-0.2177888980539704,0.9737432431944832,-5.954396531202948,-22.566031187655312,-1.3999329833587058
0.03092553117564922,-0.026112754834393147,-0.6136568911007548,0.788534688876158,20.56065045440016,0.06309431019735712,4.728726169050759,0.027078888653684057,0.024109800673251473,0.7643858719472397,-0.6437388368494131,-2.6455800855063973,0.027081573157471353,1.556631763114879,-0.0464256840544333,-0.04245780548753583,-0.20625728964245976,0.9764732055118599,-5.672144239013899,-22.686223913796347,-1.3246282397741262
0.03037026059219599,-0.026441256529896238,-0.615149983257433,0.7873811055156597,20.620045766129294,0.09042734713443679,4.734084096586933,0.01987255788555949,0.023511053309801504,0.7615269795913792,-0.6474017077285015,-2.7359167418486128,0.03413598672268542,1.5469889313262613,-0.04098194134082677,-0.03674642098372929,-0.2001233131838672,0.9782233081199483,-5.606069520935549,-22.857448353458206,-1.330702175238026
0.0253398332827129,-0.02625079517370957,-0.6195925970027728,0.784075125444821,6.030390347735533,-0.5359378066328873,3.36114708430555,0.018480929927321938,0.01984707716851271,0.7571789711569313,-0.6526442786040643,-2.836061132455062,0.037147976481276435,1.537528400002044,-0.03860778265977283,-0.029066604504674284,-0.1883235725620169,0.9809173276266167,-2.622046504093886,-8.602420971032535,-1.1794913474167787
0.031164433537129537,-0.025535738382544772,-0.630448128000731,0.7751850501963656,20.657253632579682,0.06852331512800447,4.747660257812541,0.015898076329965535,0.01847196622039704,0.7536694673393246,-0.656801622739635,-2.9630973855578575,0.03751003505807671,1.5185451478205154,-0.040392691437564986,-0.031057872139173562,-0.1691723128653338,0.9842685444615256,-4.783617514643147,-23.315885947703677,-1.3548410919455083
0.03610859526623735,-0.02267682648077894,-0.635472625960191,0.770945181283286,20.574336186139703,0.04698488116423505,4.749513383756565,0.01751134859173643,0.017316660672545905,0.7496447718672726,-0.6613820393280387,-3.070525031517202,0.03513737511415902,1.5032068136308678,-0.04337716677243882,-0.036548752692572614,-0.15662246114554,0.9860284046335211,-4.47664929090544,-23.40575084404322,-1.3223264595789523
0.03590139554405799,-0.019704035510485062,-0.6325895081452306,0.7734037464139709,5.535713181878066,-0.6499226745369242,3.315248572178678,0.015898569999605056,0.02134698876438076,0.7441983714522238,-0.6674281425520794,-3.2049044770934736,0.0315544535000938,1.4787066192855238,-0.03741744535841583,-0.04013384193649853,-0.1522781154618783,0.9868133486458546,-2.378715130711458,-8.553740890621647,-1.187823885991046
0.042564987314444344,-0.0179549337867794,-0.6404546889185249,0.7666052658636707,20.500874434221146,0.006804484106396558,4.752257189681757,0.02038081087556461,0.024321883679352122,0.7431274870761313,-0.6683970425385325,-3.3489639968783558,0.0326449218760356,1.454606300480657,-0.04184008895625985,-0.05132845741188394,-0.14020622806745475,0.9879053649145477,-4.205301643894892,-23.669440543445443,-1.3277743592115663
0.0436965796074486,-0.015636086301184706,-0.6426127105087795,0.7647843003281064,5.53317526163022,-0.6926696440281148,3.3128540476318236,0.021837363809444357,0.028998979285148278,0.7392124600928083,-0.6724932175017171,-3.4884678335793695,0.029369031357713807,1.4326835345166742,-0.03900980355655436,-0.057996825754219834,-0.131576787676365,0.988838789881183,-2.2163067576515147,-8.895727964089279,-1.1833991251440747
0.042434458831190666,-0.019991565648282316,-0.6474217481951908,0.7606870144616097,5.43768285641562,-0.7106444272060344,3.3013200082315244,0.02727185690350427,0.03226799941636444,0.7381684412643325,-0.6732921909216577,-3.692622788552818,0.0340319538750625,1.4072994601094604,-0.04318227542390022,-0.060065854707708394,-0.12369665825203967,0.9895587506180342,-2.157267474912871,-9.031170888935637,-1.1351155607759582
0.041527835125433954,-0.028656867747798423,-0.6572369848291318,0.7519931971855806,20.338932749343314,-0.0407679579360547,4.753379127851744,0.02312548188310292,0.03816691696169627,0.7333021175395165,-0.6784368083686014,-3.8607542972409075,0.04102490787782477,1.3782999529299444,-0.04149364935607005,-0.05491075943996899,-0.10329674823145854,0.99226653040685,-3.2955980427744547,-24.190284307981646,-0.9959323782181044
0.038816321069571495,-0.026980553268957694,-0.6533779036419096,0.7555545367453156,5.317828523111132,-0.746314333000214,3.2868246953112603,0.024124864978025268,0.028999745157452003,0.7294813495879459,-0.6829597105788481,-4.01551829286191,0.05433697909047473,1.3688076175256851,-0.045471652300068464,-0.04756269415120262,-0.10315559355876144,0.9924862933460191,-2.1239872410552194,-9.260987795626118,-1.0742337131939685
0.028240447778269364,-0.0336172834502348,-0.7035540233182874,0.7092842107613562,4.311590904208515,-1.0137150591708632,3.1993710445050105,-0.0937057631071609,0.19675902053348887,0.7682572521689666,-0.6019019125148181,-3.961627843237695,0.2531697760649597,1.1516858024422065,0.16206991741287705,-0.0750926215550251,-0.11903579692859603,0.9766908001549677,-1.3473147618701,-8.409507076053192,-1.3073232766481262
-0.006241182222166159,0.027443951002452355,-0.22647193391448156,0.9736109799847573,-11.671490584050275,-41.19232835055345,2.1144740981783308,0.0720131133355538,0.2545991496240653,0.8343664819492478,-0.48355553798716755,-3.724848015030631,1.3269690573435016,2.3804447211997215,-0.013463075017781812,0.2722527178506491,0.7064019343543573,-0.6532178123523752,-11.65914682584254,41.649532899361965,0.7008745334725346
-0.0031519838912304862,0.008191597261667878,-0.5010587004267594,0.8653687892791714,-40.418554072256256,-20.830979432557687,2.5212567063968194,0.38277787259519597,-0.17921179851687352,0.8745775604061926,-0.23765168284233953,-4.392805423431528,-0.4068142720925306,3.4807957360268986,-0.41312639361158615,-0.03589997877994899,-0.6403253706911576,0.6465455854572945,0.20819114615762202,41.3949827814174,1.527697722868796
-0.002805458735440327,0.008835541198114968,-0.4887983003821474,0.8723475707288604,-44.20284232887434,-20.46156271432638,2.749662192129456,-0.5416394130117115,0.5956466823707047,-0.5170691351872612,0.2906394424192962,-3.6629204670077855,-0.8954546167715662,2.542282957736801,0.7582649495140182,-0.25374117123352535,0.3121145536608079,-0.5130635338363629,4.4772920210191645,44.789588002467,0.45554311111529566
0.014110882509574273,0.022578395675712664,-0.27615334697886673,0.9607447257184822,-36.50343684195968,-12.054563940563192,2.1562016312292513,0.0011354443326439417,-0.15053174519169715,-0.257982078922919,0.9543501199299544,-2.874753916398145,0.17281752674306478,1.7758674123646327,0.03501881645502662,-0.16949707291955307,0.017841830435027534,0.9847467155835152,22.00439690723264,28.217679111521388,0.3330604767870544
-0.00045148777361458215,0.036096428141065395,-0.16409459695046655,0.9857838542428615,-28.615372593804523,17.746362450169137,2.35745352022019,0.0911441457153531,-0.45909449006428565,-0.5496519131906455,0.6919593689085329,-4.307817337307304,1.6646078292834388,2.421401261170001,0.1853362345462182,-0.4623407745394715,-0.4252084851727973,0.7557044610821917,28.13396122028604,-7.353218840996792,1.973464537170267
0.0005976677014380271,0.026871563155437834,-0.1473138504333682,0.9887245275390903,-24.24275813861891,22.745915165098534,2.2719419528862126,-0.4281236967728526,0.6647889760349119,-0.42829984540747723,0.4374070873087575,-1.7578535891505949,-0.472436439066162,1.89230655642107,-0.5099813613485198,0.5822148228545528,-0.37093611591269515,0.5131776583573723,28.25965666737,-15.657336365168112,1.0230004095418805
-0.020338743823692815,0.02165428724138616,0.8971843604601949,0.4406559323206404,116.99547114827506,31.157580307075477,-0.9316710273074189,0.03375232042229353,0.031125102670618337,0.8094975335098711,-0.5853253386718273,-3.170618172400569,0.9021085702035827,1.2449426701101087,0.013364241328888471,-0.020355952822933083,0.8832185579086731,0.4683289561879531,49.382232081041856,113.64386414988617,2.5470641156789657
-0.018202587513085393,0.019444817169874257,0.8972812908910066,0.440655023697708,116.82066826708372,31.07627641070576,-0.983005729079363,0.0357474761237124,0.029100880954020098,0.8152798801428689,-0.577229567600893,-3.167016883548843,0.920003671917967,1.2411602413257474,0.015503941035865623,-0.02286817209487559,0.8784192809317906,0.47709143924898867,49.37402145210512,113.43326220123937,2.5481992856400795
-0.012999507857493884,0.012041970062076707,0.9060110834165291,0.4228828685095839,117.92126806727833,35.497528074391084,-0.8817258532762211,0.03662859085750264,0.03316881826316147,0.8143345466254699,-0.578288355406807,-3.15495487206137,0.9246849600198174,1.2409333025683587,0.02821726429055081,-0.022781601549058117,0.8691760471208722,0.4931711505533882,51.17816421845833,115.0358412275671,2.6056984579941345
-0.01412276106381692,0.01563251965656266,0.8973740958514786,0.4407674035632204,116.40027480137076,30.868367150174663,-1.1257593848646845,0.032344408883956066,0.03687651819260246,0.8169340289706505,-0.574641413343764,-3.151019680122338,0.9320289508199726,1.2408947573814957,0.026462132650779055,-0.015325338408367813,0.8767726324329681,0.47993191241550587,49.290716277151155,112.95263604620094,2.534700754663632
-0.013405646494525195,0.014432440756166117,0.8975789546358398,0.4404134574359832,116.18369169247339,30.792882772560233,-1.1269176311328177,0.031207950193444155,0.026282131101674436,0.8177452709455773,-0.5741323760907604,-3.1384142821637764,0.9298789889866277,1.2520235831081996,0.017836013152536166,-0.019112867604424072,0.8762778958841622,0.4810962732256235,49.304853013331936,112.683036354504,2.605401651254158
-0.017670163048198566,0.016303750083669858,0.8978063503580549,0.4397336811387194,115.79436218098459,30.65702423116909,-1.117933021277043,0.027235268700524264,0.023652282807623427,0.8155373654745347,-0.5775790986277581,-3.13986822535004,0.9232513395035798,1.254153264035005,0.009709200431057257,-0.019045264748963408,0.8780354071164007,0.47811801175815155,49.29468107309015,112.22953275201384,3.1050929506511338
-0.019860923802761884,0.018607144316106567,0.8978489449876186,0.4394617046691564,115.57562571778996,30.686731361538477,-1.086369876123273,0.02633518675060794,0.023113735492868288,0.8185249501215459,-0.5734013596067742,-3.1271718051928636,0.9153816460168156,1.2522933738020416,0.0057072565044016775,-0.019074717854885865,0.8754872584319403,0.4828308634348827,49.16639253404476,112.04968725205389,3.112905614990411
-0.014691402655028857,0.014665888501234731,0.9057604076924654,0.42328141733281444,116.6650325965764,34.777623690858945,-1.0360580934062478,0.028644421344325693,0.025186922250488086,0.8181447209077285,-0.5737458773047626,-3.1263297098984704,0.9042902170205886,1.2476153533629897,0.01451001727157141,-0.018889027066860093,0.8667718838946573,0.49813568969202837,50.766262399236915,113.65866632536394,2.6613040851949332
-0.014914088272644578,0.01541777186610928,0.9053415286657738,0.4241421680932001,116.62890550211662,34.508369147828944,-1.0379034467574746,0.029753757457088692,0.025998921278622387,0.8176578047077526,-0.5743470069653287,-3.115240972176925,0.8831470839810516,1.2383049904892731,0.01498540287227994,-0.01924954297140609,0.8676298381692509,0.49661187733938333,50.708243512005886,113.5628790754171,2.577563690628284
-0.011868055206503754,0.01571920775839866,0.9042187304810734,0.4266152168175201,116.32831950096741,34.291919839196,-0.9849424010741297,0.03280324816815455,0.02663629664991682,0.8170449043580271,-0.5750235463639543,-3.0984258134786256,0.8661516272928652,1.2380491992192062,0.01841169337824946,-0.018955681383591716,0.8693426122245327,0.49350290197814944,50.06837077142966,113.46603912447877,1.894038624027218
-0.01560786189162346,0.019378069037641877,0.8969977658496014,0.4413342193263151,114.49230319593975,30.706677285166734,-0.8686555694972622,0.029946783064393582,0.031899057761751226,0.8174008555219419,-0.5744053287444363,-3.0867540189210625,0.8542038239978055,1.23844810139398,0.017025034419469454,-0.014411065295698484,0.877065451941999,0.4798527507578091,48.00591271366931,111.40972472792527,1.936577842658755
-0.018696872018002908,0.019566543427217017,0.8962737772687637,0.4426747039705745,114.15612649073991,30.86711552089173,-0.7413422988811664,0.030183540330322806,0.02831865207245384,0.8155165304397718,-0.5772519349620266,-3.0642382527671748,0.832792807823593,1.2465503391316333,0.01199310988205497,-0.018469547924501912,0.8795043686458359,0.4753810120815841,47.285410512207775,111.37897479264296,2.33240121025724
-0.021705091097688388,0.01991137342483736,0.8955901399163658,0.4439039620383695,113.79131814060533,31.02168397058108,-0.6045877575007008,0.026591548715497036,0.025587171130251943,0.8142952202866318,-0.5792766872823455,-3.0531524415946194,0.8086225607560577,1.2489842575915442,0.005932722526734007,-0.01859703969258428,0.8813482101043607,0.4720638574005988,46.58431861489392,111.31792101406909,2.6677396602939654
-0.019128344206104715,0.01751172531963276,0.8994058936992089,0.4363444560245839,115.2176964958552,33.61616986285185,-0.7404684775267487,0.028208937681009082,0.02801420432297394,0.8132433362808452,-0.5805641533765753,-3.0370663914107063,0.7802150295874892,1.2447976076301501,0.012158429160343119,-0.018536760534368882,0.8780468949136448,0.47806088675162606,47.28800060993442,113.23908182924154,2.6618605428741837
-0.01670827426422657,0.0166280578272749,0.8984435055604241,0.4384559368742777,115.0261778293742,33.47098739815601,-0.6499790515935224,0.030390766159504982,0.030916096760864997,0.811001452584044,-0.5834357207095583,-3.0111315516228156,0.7412987518795228,1.2409109303401458,0.017867795112136264,-0.017598072111235877,0.8807943299235805,0.4728344299332159,46.73513900789317,113.21819932383163,2.2539994439254962
-0.010113288940383658,0.013478079799233688,0.892956337867225,0.4498277908427714,112.72905476405825,31.012293925698714,-0.5354415664498027,0.03342994019079672,0.029896577708099538,0.8100188630139242,-0.5846863050404147,-2.9896738689144544,0.712448928373447,1.2465784351396858,0.02490345427207433,-0.016714671595667595,0.8872212615708006,0.46036819040359916,44.47782584818432,111.04802279742898,1.4628736035158225
-0.004461885687337398,0.009040360714014362,0.8960914029246426,0.4437550687697206,114.45382905969376,32.99873853462486,-0.6254684268968975,0.03148704770223584,0.032449608900450046,0.8095400548306972,-0.585320842217255,-2.963416911232462,0.6905361040372292,1.2511294341110013,0.03312018378591949,-0.012136157957182647,0.8841679180812931,0.46583565742847227,45.447447111504104,112.99198338102036,1.2216619397417194
-0.007090901185249489,0.00961830137007652,0.8954916635435193,0.44491784401526985,114.14395467284524,32.63022751440667,-0.6718304071898746,0.025837797050477913,0.028820755405254226,0.8092260755375983,-0.5862208892315814,-2.944998324327355,0.6743745713825121,1.2627367908306435,0.02536422849091956,-0.010414356461335908,0.8854479209985093,0.46392906385779953,45.22073692949717,112.63680057692072,1.6667659950183304
-0.011532946048060445,0.013007226834661472,0.8949984121885166,0.44573046270763056,113.90184269077892,32.45302664200722,-0.6642417495621529,0.021710974488030315,0.02394803142668567,0.8061468451629564,-0.5908319468439219,-2.9307912533191036,0.6589699266469115,1.2790017878125817,0.013810924962804925,-0.010369083483414018,0.8886764515247099,0.45820945534202556,44.95776400231433,112.42583808935727,1.9320916123547018
-0.017300861560903085,0.018334975757376467,0.8945331476773152,0.44629021562178733,113.57401391654086,32.33707698914486,-0.6498731876342445,0.020946872522310245,0.014350991475978906,0.8026023021571562,-0.5959738435092796,-2.8990470124191066,0.6284788000807633,1.297406483610828,-0.0028407328814577,-0.015291510076486525,0.8919442575726407,0.4518777946961629,44.61677604221332,112.16093465927624,2.1140130915711826
-0.017955069200760745,0.01897299234968836,0.8944901741545577,0.446323839148486,113.49174505548511,32.22745036977062,-0.6249232668877378,0.022372521261333937,0.01703019347617157,0.801482185806785,-0.5973573039956518,-2.858547025746698,0.5961183865768946,1.2952884153410635,-0.000713376801369227,-0.01546803165619858,0.8927810970390736,0.45022454826445246,44.59101258548829,112.0215810133474,2.103765004559077
-0.013930631839540094,0.015006177566136602,0.8943570519652159,0.44688501399296554,113.0590734339644,31.87875748592137,-0.5110937077824165,0.02493330840953231,0.01849145813236883,0.8032350192555211,-0.5948528389017546,-2.830533775887069,0.5656968441728434,1.2954402404615146,0.007340124635555276,-0.016298828686249232,0.8915962755216791,0.45247823398442133,44.4706448179202,111.50288542217551,1.90805736843076
-0.011727286908857232,0.011582407220457896,0.8950261795361719,0.4457089370089196,112.8100678387459,31.717412677472566,-0.4676957240927688,0.02998868136217072,0.02673630592508062,0.8027265956041211,-0.5949923206609112,-2.793395167205405,0.5361609160426888,1.292864636281638,0.021020765069331496,-0.017446406160578097,0.8909770067000056,0.4532259082178316,44.71652880687641,111.06701052951671,2.020375376152978
-0.012138675978279861,0.007697516986738198,0.894385586068302,0.4470657940516061,110.04541738603595,31.02196957414003,0.0033088694587295464,0.03175687325925096,0.027586116431978686,0.7988676045724015,-0.6000342136459806,-2.7178242723666832,0.4820510911415209,1.3122369545285326,0.025437118820925496,-0.02114850210349429,0.894387639813284,0.4460677567299523,43.200076471712684,108.52987858936004,2.2287730275500253
-0.016346481980532047,0.010010901389394384,0.89530904162075,0.4450329138079185,109.67893562315912,31.048859657034882,-0.012048168371080692,0.028713878877166938,0.02742298077263352,0.8010916696699686,-0.5972232665182703,-2.678689974593876,0.4650064368636314,1.3171552178132027,0.01954851474393727,-0.020619953654635075,0.8919472714315617,0.45124576238273834,43.37923651604992,108.04044919994047,2.622606596376686
-0.018568159940847723,0.013564491492118271,0.8948507274110722,0.4457728161954767,112.11176440226585,31.135336114522943,-0.2675056315657862,0.02695316356279708,0.025968042255046085,0.8019821016675478,-0.5961743841866238,-2.634848255647887,0.4378386631479222,1.320727828834926,0.013304168415020603,-0.019347740264425463,0.8918366860717338,0.45174770550168003,44.517114484472906,110.10113609532567,2.7586772667542716
-0.022244419736121256,0.016447491787294315,0.8957951133487968,0.4436054335836367,108.81629165823335,31.294662685879302,-0.2323742389794603,0.030574743811663373,0.026069086351576728,0.8026065472946967,-0.5951540288171886,-2.587685368943353,0.4064867638512784,1.321620777473035,0.010475962028780476,-0.023889043664095416,0.8902594656606988,0.454706115654841,42.83762467910638,107.3507282704141,2.8459552766619174
-0.026743029208275003,0.018968539675033768,0.8943454844418096,0.4461739115523303,111.28552925817789,30.74513014088393,-0.14710854155106023,0.03276624627794528,0.030043675635824312,0.7989351656751501,-0.5997719164038635,-2.5469734181843573,0.37280951913184407,1.3187910735771124,0.010294518643071356,-0.025888789203834275,0.8942923198143745,0.4466150917742159,44.04486857341535,109.23419312816293,3.2258318595252526
-0.026924254838411044,0.019117137959503237,0.8933496227852641,0.44814737643665836,110.98981965678527,30.544632369447754,-0.16845034115722024,0.03292894916957826,0.032467609052804595,0.799023528106793,-0.599518923972175,-2.502830073550944,0.34500869228126163,1.3185224786308285,0.012345305170041612,-0.02491881761689698,0.8951639758596598,0.4448686348709705,43.494369945553736,109.05302554285605,3.2384107538329645
-0.026856570251057386,0.01956786539396674,0.8930300685310014,0.44876844806401917,110.9510209461734,30.480284039339722,-0.2064853561750568,0.03735916723172581,0.03374346047871004,0.7982421798665947,-0.6002292010394868,-2.463422592611352,0.3184497735909918,1.3230751083348167,0.015159547091452187,-0.027912702251344478,0.895885901549054,0.4431472899506986,43.32499153902757,109.0305444820298,3.1933184615052106
-0.024154313655572517,0.018941824530909483,0.8952207463301569,0.444564496732865,107.52310049966647,31.74266526434485,-0.6739758308241437,0.03808854855387373,0.036224256047831346,0.7970794146074902,-0.6015824736075852,-2.4241756760359854,0.29014990188425405,1.3250443377815728,0.019732571787624525,-0.025851477236488746,0.8944987584590935,0.4458859695600185,41.23306000615504,106.63739094024683,3.156257071640802
-0.026947958068498357,0.019733264831278085,0.8891290906571597,0.45643604805296584,110.19260985708237,30.169621005488352,-0.28267709178932154,0.03867178905915939,0.03511177949970628,0.795332152045179,-0.6039192194279895,-2.3815260059294694,0.26139201563870473,1.3358374100303858,0.01690121336018562,-0.02787321035547359,0.9016897221860243,0.43115319555295345,41.1543708165807,108.93190037326836,3.196350976573134
-0.024538745987583214,0.020576751726716257,0.8926090333496185,0.4496927404532937,106.92940620832896,31.790847894220406,-0.7653975012420173,0.03859973173021185,0.035209813082617954,0.7947806395832142,-0.6046437502502938,-2.3533011471699328,0.24200072562148225,1.3440085687282837,0.01759541306434107,-0.02568218778985878,0.8987758190612353,0.43730178794538144,39.52503512333489,106.63569774829749,3.0148039432326987
-0.025565482432515153,0.020788014600293322,0.8870807438670736,0.46043676918466253,109.9429812565702,29.834962684200946,-0.47447611848486515,0.037995185402229965,0.03523550414093569,0.7919843316303078,-0.608338428497065,-2.326465709005734,0.21523234067747868,1.3522428278625325,0.016734870379147632,-0.02508238902633772,0.9059946697058346,0.4222137803752267,40.23761264839824,108.89064067830908,2.9760629551656947
-0.022308773361552674,0.021135706775243825,0.8915372042729436,0.45190376622395795,106.43210637032828,32.00237167924092,-0.9459789024418044,0.03798320473380667,0.03649847322502692,0.7909565688829752,-0.6096005608193475,-2.2988222246512406,0.19128988987862797,1.3629797848781506,0.01938763318747655,-0.022130574776430566,0.9025348701587531,0.42961048111862377,38.474664832995785,106.54592426483283,2.7124226250574788
-0.02319099383460324,0.01958980246671225,0.8852989233677605,0.4640304232786495,109.64673219118862,29.652212109266884,-0.49436991920228124,0.03881758493406077,0.036173178277947485,0.787264540646153,-0.6143282830167927,-2.2719339198766537,0.16685090984673806,1.375759067586786,0.020367375887694196,-0.023802588316523803,0.9107781863529524,0.41170584408350364,39.29117415836172,108.84484955654104,2.7702147640318504
-0.021090244967557577,0.01704392424546196,0.8816175706072157,0.4711848526960033,109.21851915713266,29.335190710698953,-0.4083016004381723,0.036207203211415954,0.03629242094817864,0.7862806307159131,-0.6157391236378548,-2.2463467832875668,0.14709661573168903,1.3830448699171538,0.02266892524026531,-0.020908707652074966,0.9147124823479579,0.4029268176848102,37.54777142718982,108.91519387335262,2.6861687532416667
-0.020423162874101793,0.020213220356031413,0.8855790463786695,0.4635990430923072,105.3493928384821,32.048984937363,-1.021300411185275,0.03626008468494229,0.033529658716275085,0.7836441807946638,-0.619243704975409,-2.2261781573719355,0.12408294878114606,1.391536866984185,0.018016416201147117,-0.02005443679778245,0.9131036568323185,0.40683527402554254,34.92476282185757,106.636539762254,2.536524229279983
-0.022217839741782958,0.017439048631162933,0.8756116107747142,0.4821893344491965,108.64901219890058,29.00757956357006,-0.22611209619505068,0.035449939940839,0.03356325840686962,0.78169853177841,-0.6217428848477341,-2.204141285516717,0.09949252400996267,1.3930346237382665,0.019036099216091094,-0.02138158208081061,0.9226958999904836,0.38446421291858646,34.7171145695723,109.15527054209922,2.563130638799372
-0.02353749746271972,0.016711220092409988,0.8714426194839568,0.48964730396802464,108.34352865175055,28.73062643206913,-0.09820120258960507,0.035759925775550004,0.034679513204966636,0.7774825738202937,-0.6269285497392547,-2.1908064443673014,0.07030430730416877,1.3950914963507888,0.019981945517940736,-0.022005246378357605,0.9284383647114755,0.3702954143883326,32.88781241325883,109.3273584443413,2.7209764375459304
-0.024778209072373332,0.016957314413557377,0.8697059140994133,0.4926561811482216,108.19558280071466,28.589238079958932,-0.0734939831493544,0.03574627109196909,0.036326764121718536,0.7739494758877462,-0.6311931392882433,-2.185615285467207,0.0488412800828808,1.3964033209370954,0.02044028283004334,-0.021665879896417613,0.931749672284834,0.36187751060717543,32.14328629006311,109.35930432916646,2.8417321541018072
-0.026122314129309415,0.01732984519846828,0.8668292177115393,0.49761873808321117,107.92121970398561,28.341993812476176,-0.061601489316190694,0.034864491906255395,0.03716523976090492,0.7696183163825812,-0.636467484830195,-2.1913601336475628,0.028238434774728247,1.3980707166798463,0.01960177031766841,-0.020801768968878448,0.9362601456935986,0.35014282313647427,30.937231018102906,109.37422018963659,2.9575868335263413
-0.026006595748610414,0.01829327360639358,0.8636337669741007,0.50311602007932,107.6661543973944,28.12129468869557,-0.0384287865809351,0.03541607438930087,0.036346568581146314,0.766926922059298,-0.6397247258375112,-2.1962787314895116,0.010518210317843918,1.3995732911399787,0.018541851977309277,-0.020542475796381972,0.9399342219744874,0.3402320748762843,29.60277494756771,109.4453889296558,2.72403645925747
-0.025667134289076382,0.01933305831438192,0.8621256740467671,0.5056745526749462,107.54053041071342,28.094378086829693,-0.036632696410506954,0.03660799542105184,0.037049803956474996,0.7650834532528434,-0.6418212182973879,-2.204658186217846,-0.0021531328371469094,1.402610289092784,0.019188204501419875,-0.02005468238173031,0.9418724902285699,0.33482209406371616,28.913816487178412,109.5140463216467,2.481487765645214
-0.020059304293049085,0.01947556721705297,0.8567575927463659,0.5149609245994352,107.1427820605521,27.98748226190287,0.023298017296067286,0.03589639408081781,0.03697071829033186,0.7608286757507824,-0.6469036566880747,-2.2169622223788394,-0.01631723044871322,1.4060935641259946,0.022366176577134394,-0.014378911180038374,0.9474773674931724,0.3187156085710348,26.50691068887098,109.7315319204353,1.4328877440028929
-0.015021550456543728,0.022609040822370127,0.8650773481596725,0.5009035495941334,103.12056704129617,32.29260027982377,-1.177717723226202,0.03412349559647944,0.0393417512514699,0.7591380219953988,-0.6488430297211012,-2.2330166145997534,-0.024670383176163463,1.405999973978177,0.024216227074975897,-0.00654675178603998,0.942916810978798,0.3320822216874593,24.327510849373787,107.50458590119311,1.1812685854230334
-0.021672881073977992,0.019609829978339037,0.8513541970738265,0.5237764522379312,106.74366157871181,27.94300589012869,0.0663064265485831,0.03148138880199167,0.04056893391600002,0.7565100667102325,-0.6519628844697346,-2.2513641591008593,-0.03428280405378012,1.4046509727492942,0.02206279445357766,-0.009163631599130027,0.9527900872153817,0.3026884713049372,24.084530581213013,109.9180088123499,1.5499063840156748
-0.024127534212529163,0.020555025175756664,0.8502569456612157,0.52541267532075,106.63537576619309,27.921742543642722,0.06781590664424897,0.02843400782889819,0.040880110311127524,0.7526664853636821,-0.6565161731366703,-2.2738080732616357,-0.04419394161950495,1.3975183967157296,0.018386990870872914,-0.007362564432649816,0.9552387458544879,0.2951722372277495,23.60946854243154,109.9298853988788,1.7565102104128096
-0.026254189453598167,0.025885546821657533,0.8580070078975915,0.5123130199404468,102.14413576014616,32.607563998621345,-1.0742442163171773,0.029348644515493807,0.04211762145559502,0.7499153650247273,-0.6595390119832611,-2.3085800878081004,-0.05598158117038403,1.386148557494712,0.014445275601494294,-0.006219828918085425,0.9519459693438405,0.3058619283125031,20.631017290676485,107.48697525497823,2.0595792156500803
-0.02333036554797726,0.016989183758559283,0.8441901179144985,0.5352663883470741,105.99992283680109,27.934055549689674,0.10106707389878267,0.03336104613474245,0.04601102847592342,0.7473820873511823,-0.661959244490152,-2.342179793465155,-0.06476858385128773,1.3761679492733057,0.028557939458797907,-0.009725458490390432,0.9605081943292413,0.27661140283328844,20.787256402106614,109.94173758201056,2.0677393868391136
-0.02127343660527467,0.02163771965855109,0.8555904498713085,0.516763226315487,101.74805874576066,32.604428194930506,-0.9003285276252142,0.036531647737467865,0.04919134703612978,0.7449254433717482,-0.6643280318545658,-2.3810349902535157,-0.0701912701465543,1.3720666789759393,0.03071483070688795,-0.007308430201684009,0.9551797256729575,0.29433803302659994,19.423877452326593,107.4017168267341,1.8019175434023798
-0.017426773999390893,0.014217460747834698,0.841898201726147,0.5391674965056198,105.8238269902129,27.9209885404523,0.10393393470181067,0.03639943895324674,0.04731575238009254,0.7424824301344443,-0.6672002258409725,-2.4246937554777106,-0.06960024043135472,1.3740638445265256,0.037277078862284194,-0.008586686929155802,0.9633791318996912,0.26540033236466243,19.79265793941761,110.03886843921441,1.5895465482472395
-0.011156343949724454,0.012323612177283706,0.8399791087885579,0.542364048745268,105.61398167028884,27.925168127015695,0.04278908471942344,0.03183430162458423,0.04702487074210757,0.7412022176719357,-0.6688755574020984,-2.4668238358884818,-0.05984189558333816,1.372313519099941,0.04016919528146721,-0.0012616929324707582,0.9647598695319332,0.2600446846642146,18.934561321948237,110.03130471273293,0.9916202951805342
-0.007381683129871028,0.011593807273485138,0.8368300262235656,0.5472902352479366,105.35472382396622,27.880644527217328,-0.043268264059500794,0.027242198928294704,0.04155889187536073,0.7390758386542912,-0.6717868901825188,-2.506447052506106,-0.052106034453098526,1.3777805682752247,0.036159497250041875,0.002280629751297677,0.9672830459063909,0.2510991807804566,17.61824811129231,110.02503025898461,0.6165764886947449
-0.006367634629630695,0.013513205740732821,0.8474945571568508,0.5305938390985568,100.94752834343629,32.57232723641391,-0.4955523749638484,0.024001840754661313,0.03821667551639032,0.7378094972797167,-0.6734987327951809,-2.5583871298184797,-0.03752960160738571,1.3865972605755745,0.03086488793605179,0.0043391288159397995,0.9628313756196949,0.2682988497479996,15.848125327347233,107.37298360663067,0.5469033025024372
-0.007364941912321589,0.012104011456549746,0.845109788586392,0.5344049922790313,100.69868932536917,32.61048274370091,-0.3962303026835272,0.022053512361091945,0.034192051951435355,0.7347106884432765,-0.677159324282769,-2.606844572611732,-0.03167301005523808,1.3888006829458457,0.026801359220170826,0.00242000676632284,0.9654257916115272,0.2592853092684937,14.764636049350296,107.34095629097537,0.809090037113698
-0.0127294196026511,0.01717211487100273,0.8294204458383133,0.558215732824515,104.66891931439334,27.7358497146206,-0.7245700274204431,0.021939833785139487,0.034806058269597914,0.7329164068588643,-0.6790734294303568,-2.670827378549121,-0.018989826561606,1.3799646633665958,0.01988608140861063,0.003563469063457503,0.9731826700153472,0.22914479316851963,14.63641226700548,109.91400420415182,1.1262859701251384
-0.007801936520998616,0.011403589831086318,0.8405187869783711,0.5416061822596694,100.18574563513441,32.65039787758701,-0.3057926433641409,0.01965782821898372,0.03774998421255813,0.7304211923970897,-0.681669560842259,-2.7336863990930493,-0.012702629854292213,1.3679994973130571,0.028728605907974495,0.005997631195984675,0.9690753986454319,0.24501340241468061,12.751421374976543,107.23231252138504,0.8494759391398408
-0.00604575427839857,0.016623496728780066,0.8250557494920537,0.5647743960572388,104.17904524415087,27.663499425115333,-0.855877128727144,0.02306701854054168,0.0365281348690204,0.7301282993483728,-0.68194301412163,-2.788075510389896,-0.004253890090323342,1.3594399143361082,0.026905263865924726,0.008520680214134678,0.9756030685706856,0.21772036510270582,12.877828578021534,109.7562447692728,0.32463963320122935
-0.0027486981272582633,0.015154466436753875,0.8249143819944953,0.5650478291120694,104.0090363689099,27.687124796540957,-0.8282811462281678,0.02391451606506886,0.03727637760169678,0.7297468819067953,-0.6822815078408465,-2.8425358621143877,0.0069595416487850115,1.3509100564917589,0.031328354847082615,0.009669266323809003,0.9756305930499047,0.21695618307950054,12.769783415916846,109.65914712204608,0.05472708636024892
0.0014436008225924603,0.012167432264510772,0.8260855187028537,0.5634115595177211,103.69805995666141,27.905483792784935,-0.717294252813625,0.02024826589274479,0.0354397916497521,0.7276735835359331,-0.6847081018362002,-2.917946637412933,0.01928441187519344,1.3554307905419976,0.03281893187256652,0.012621998683353546,0.9758023644765783,0.21580859190935886,12.946387028344768,109.45901010815348,-0.15917330294726972
0.0014863316603367397,0.01036177630264837,0.8263449662579757,0.563066977499262,103.34584688665994,28.078489829037835,-0.6031513277884155,0.009369214079985182,0.027620338109020127,0.7281231171292732,-0.6848255698002358,-3.0411970185661845,0.06244676962947428,1.3693660792280236,0.021572651482014572,0.0159881392059806,0.9759402738959234,0.21637833047862154,12.837669189952425,109.28030711933668,0.036471810060860754
0.0029310296954199702,0.005629453520027933,0.839206230172478,0.5437762605683409,99.21104469685311,32.72262803780404,-0.23116713643017217,0.004482037067119694,0.02410349672230319,0.7259836962375953,-0.6872747671686237,-3.1013113314763006,0.07764396693121774,1.3683217365626519,0.02059256125160225,0.0153424170130114,0.9714925493765979,0.23567516451051032,12.007127476911577,106.73251647204832,0.2652602630206937
-0.004643159483289174,0.010291127862693168,0.841311097765903,0.5404333173789877,98.84898994420092,32.88861073442695,-0.19456933027045853,0.004561670246416238,0.023342061293678915,0.7281585859502817,-0.6849959219192558,-3.1570426038504595,0.09568848952445819,1.3558606903654151,0.01142909537195775,0.012445467990949026,0.969971156863188,0.2426323163944853,12.569895589329242,106.41793867789066,0.47990751744297233
-0.007050541044869187,0.011711734001778499,0.8421169546335913,0.5391216559147778,98.66991396779864,32.89782396841974,-0.1928387125552149,0.007948101145206644,0.02594530159499072,0.7280984090671386,-0.6849353076949912,-3.226832989082645,0.10840407753547122,1.3310640475163156,0.012777512422909513,0.010182735641896775,0.9696052698625677,0.24412838369568352,12.8486503796513,106.2780527227908,0.5505176389079398
-0.014380905557621714,0.02001577086891556,0.8341789696926147,0.5509428327825254,102.1812368107388,28.606930817932607,-0.36314686044334965,0.012290246189544163,0.033728054546405664,0.7283345247153893,-0.6842807817648564,-3.283592352755929,0.12232051461955239,1.309591007316619,0.010487702582439388,0.011552262335898202,0.9728143624918023,0.23106009923639614,15.153216821164918,108.19962137035795,0.47246362074478465
-0.010366998398527873,0.017140201999612685,0.8476989410184859,0.5300992776978244,98.15326992271724,32.87267477770001,-0.21992628024431404,0.015302310047002466,0.04071351599487157,0.7333928076379377,-0.6784122925091376,-3.3420658764241855,0.14339424554658714,1.294559273148446,0.023020947879054794,0.012635495069792299,0.964544741171953,0.26260963900935036,14.974807683540583,105.59610617228812,0.14197082849584786
-0.01246701874174908,0.020378792776159234,0.8384014670130254,0.5445293916393182,101.68603440698334,28.83018018507937,-0.30104991685945803,0.01887114796563355,0.03825281289153186,0.7351010709156592,-0.6766143788148427,-3.3841888365669743,0.15729417869722728,1.2936202684514881,0.018931272631552566,0.009632248180763513,0.9684200964886696,0.24841767937972908,16.493876623829912,107.66788476252324,0.08832930595839983
-0.011874202957116886,0.017574877825111815,0.8399000184284526,0.542326549246347,101.42541620643058,28.981521179946185,-0.20108035170408733,0.018866127249113646,0.038655936658059886,0.7367958891059693,-0.6747455858323584,-3.4337623994268958,0.17549573406209068,1.2905680976565896,0.021737559836453677,0.008228187420270431,0.9670933803316608,0.25335778879445386,16.85918878010641,107.43880349794645,0.3615405743575959
-0.011373958245523159,0.014194805364540401,0.8411511990083927,0.5404940341772841,101.16876623651612,29.107438862018853,-0.1028165880933507,0.01417958104891552,0.041490578450192876,0.7429833257262295,-0.6678721801916421,-3.4915122744676905,0.2068162413387969,1.284608709299944,0.02442097478637463,0.011527892808443416,0.964032728700789,0.26440805901407577,17.16648807488692,107.21805974504746,0.7376899739833166
-0.008524400016504315,0.0096733909230031,0.8424907522578403,0.5385564895834305,100.86659293580996,29.262047782052377,0.042050342618034975,0.015748351134161443,0.04098161701353887,0.7439297108161392,-0.6668141284260002,-3.5416982850961376,0.23021840892392126,1.2837812052379427,0.03012749677069923,0.008911874900510946,0.9629345938813937,0.267899011440066,17.456166705430256,106.9576005855278,0.9133503676572639
-0.0037707376737398752,0.0068711419257817055,0.8437926629253838,0.5366120674559242,100.54022269851394,29.271487228141496,0.09952504730832068,0.015881731546190683,0.036952152673398624,0.7422525069632762,-0.66891219522642,-3.596430533273828,0.2477821685541868,1.2829805035440192,0.032079869369817465,0.008225433627645724,0.9629733173149639,0.26755488102867114,17.86286867139045,106.62432678573121,0.6240423372509052
-0.004029719139938571,0.007094085208993012,0.8443183315764369,0.5357797964487677,100.35060070072646,29.475009893950755,0.14536424067355824,0.015287289580218699,0.03455499715450836,0.7454538042241236,-0.6654854444063555,-3.644581706684986,0.27505285596094736,1.2844708181005706,0.02939600620545723,0.007323571494175448,0.9615283438670488,0.2730301889169562,17.853058378078668,106.53574380883705,0.5801865326998785
-0.014800369367684507,0.018508546558227944,0.8528673519107128,0.5215895539748571,96.6769280471338,32.33693250676993,-0.21047256603947417,0.011880353928890098,0.03296481910359525,0.7439291091060929,-0.6673392379566832,-3.7019626889903607,0.2944874760333957,1.2861845248686685,0.010665372714713017,0.008402793055722564,0.9578852804924824,0.2868299710796577,17.160545356643635,103.97140856283937,0.5846844721698706
-0.02038862895708898,0.022459866034041553,0.8523467233128179,0.5220966591397475,96.47214177458974,32.16022448428657,-0.06428071419607306,0.01279278213114601,0.03129420076865541,0.7455295398850991,-0.6656145452754985,-3.7399684873534693,0.3098747892405441,1.2868189320640235,0.003037116713327296,0.005184000092157058,0.9574982287397747,0.2883765663595228,17.09941743784128,103.75936738823496,0.5838592145694966
-0.020100827471488423,0.022756780348863647,0.8462189208096369,0.5319695703204166,99.4419416625874,29.909659521392086,-0.06920056816573705,0.012117428436257236,0.035093721335024364,0.7452640089795709,-0.6657350490778219,-3.7849014431610746,0.31803792399394415,1.2755993301482327,0.005801439476444796,0.008584357662415542,0.9607965359031232,0.2770607671614357,18.025436359331376,105.86783464599094,0.5821722543496973
-0.020952022511889958,0.023748788434947706,0.8516521376426305,0.5231497340621244,96.0715682789249,31.98646906878207,-0.09601807801892548,0.018955410045009488,0.04104727668044709,0.7460610773956181,-0.664340787775697,-3.8264045085447025,0.33003152060476076,1.2601298839077584,0.013237188825735699,0.005476256723379079,0.9573990977538983,0.2884124738361935,16.869871591426854,103.43485089342654,0.4617312266841527
-0.012392790997091362,0.017631058464768125,0.8496665407643409,0.5268798098373791,95.67121544517758,31.73026744616095,-0.21769015652930257,0.020989474026912355,0.0477301497767201,0.7490174545988554,-0.6604953652287174,-3.8809447844949863,0.349252979429596,1.2426678986870847,0.030222289785844608,0.009676814080997225,0.9568045626228431,0.28899481208743544,16.108772475755583,103.14026410737983,0.3559356533358349
-0.013072420287995793,0.01704189668790687,0.8480421619160126,0.5294933212023626,95.48673194475616,31.69366763337166,-0.23045079791840362,0.02039774479425181,0.04163921382181266,0.7507997030259633,-0.6589005340836621,-3.9782645349016224,0.38728828199177545,1.2549228679390816,0.02470380286427356,0.006163683584641125,0.9572108032878793,0.2882693344733086,15.497391641284292,103.12663562646034,0.5559895700398567
-0.015718057619147893,0.018225438328247873,0.8429319789182123,0.5374815857119675,98.19692658989749,30.402739550135266,-0.4785607988515945,0.01559182240522348,0.03363500513354639,0.7471085269626567,-0.6636674095082865,-4.026359355274691,0.3971483641996173,1.2648592090499078,0.01268439590337551,0.005287884747537893,0.9617964033575451,0.2734205970002141,15.859076010808943,105.35856652761316,1.0185148500517458
-0.01951209383032311,0.018805022738973113,0.8458148656359343,0.5327878211665594,95.16227657286359,31.524713079306593,-0.13294629516826095,0.00766274691773766,0.03560614758931316,0.7413875156617417,-0.6700880809150641,-4.082464149112165,0.40403420887184205,1.2588363255634762,0.007182196573714665,0.01062425536811724,0.9626115478556538,0.27058187150138435,14.725952643281452,102.96609817420958,1.0398166757415823
-0.024896483996780162,0.022842004092609572,0.8429391758256769,0.536946881722913,94.89826088514286,31.32182496155474,-0.00795529759965774,0.011788958273138772,0.03407069840667443,0.7500522365320295,-0.6603952229129283,-4.140862978953335,0.4332140244717665,1.2563803798167383,0.0014753554629133893,0.00476786737793084,0.9605287384873713,0.2781359978621671,13.797863553106014,102.82569677960771,0.973616584442927
-0.023242274386835654,0.02774372529545094,0.838273366617863,0.5440476497580073,97.64913728313225,30.540628283157275,-0.5636211021855673,0.01969139964707208,0.04113692415119133,0.7452417599796625,-0.6652328324983167,-4.189366057171111,0.4362601840237126,1.240856723005655,0.009059740907326152,0.00700859451953254,0.9645964225626011,0.263481578629294,13.897758690556309,105.29567399455155,0.5321868796792513
-0.019068677218391502,0.021564080117223106,0.8393095600289622,0.5428911847155272,94.6556456193237,31.180442545515916,0.1153496618481995,0.024545880507800766,0.04976131184924247,0.746249362572282,-0.6633499833825294,-4.226885313198142,0.44288701442112166,1.2208832750238374,0.026349499145535235,0.006487929341406539,0.9633663749655181,0.2668123652558796,12.475799157684488,102.80120151662868,0.2045735387590324
-0.015181015808841122,0.024260092989435753,0.8351157284811038,0.5493293226204395,97.39940329291602,30.63695779833961,-0.6207070796064691,0.024315294001775834,0.05091112138664923,0.7412030555227173,-0.6689057143428726,-4.290827750546831,0.4436479778018297,1.217048436812567,0.027737458932815495,0.012636386889321078,0.9671410291652808,0.2524067843847615,12.494803872556602,105.35556787105911,-0.02424217346618196
-0.00805577612274913,0.01214793872163161,0.8318083504422147,0.5548715168311287,94.29823866343631,30.621820796279735,0.15653146229513837,0.021555228946192852,0.05158147021905247,0.7369983243553075,-0.6735786471768439,-4.346323237598179,0.4605421572669701,1.2216353735096759,0.0404870709723762,0.01293676781394458,0.9699051019148346,0.23974471923731727,10.025499056901872,102.66958936646529,0.1776403961433095
-0.011777103724574939,0.018745526791417992,0.8291495355128444,0.5585883572112895,96.8150699447955,30.76610781845193,-0.7758233032992372,0.016295767650423065,0.04765581799040963,0.7348198547670709,-0.6763897929511125,-4.399043308929406,0.4809525399225907,1.2321758580306696,0.026875927408348484,0.017133590241387477,0.9721568184322508,0.23215349445370204,9.902954686591201,105.2006518830242,0.5232059598978138
-0.016190311539345883,0.02048992019805466,0.8258464152297209,0.5632900988254238,96.67357891234741,30.743940259461397,-0.7758281742640738,0.008784175275944503,0.047217982990598435,0.7289342705667435,-0.6828968659617283,-4.459950870506717,0.49649315346747214,1.2348594780266606,0.017950722903747208,0.021533871997599076,0.9755138469361707,0.21814398533953935,8.6802339875696,105.21858810717137,0.8025099743192428
-0.021169557800038544,0.022133590023573756,0.820545218124351,0.5707604567841752,93.7819655785921,30.07891434376711,-0.2977618935082913,0.010335493041507259,0.046594854531843255,0.7151600391765659,-0.6973293450585011,-4.519993365146548,0.49408118993855377,1.236787128418873,0.013541062820508064,0.018408541113526702,0.9815904842116125,0.1896256484154366,6.3911131363568465,102.46751839246753,0.6735525106973531
-0.020281221332154032,0.026640690929582572,0.8128317531764463,0.5815354560782818,93.50294627269437,29.941871142044874,-0.3917632146204397,0.021011440762499826,0.043657171003695934,0.7277990518236406,-0.6840768311685812,-4.576497452212587,0.5311950031523348,1.2388586838859115,0.014441849412734804,0.011773052394859389,0.9807255035689483,0.19450016676671625,3.7842624493532346,102.33710070366965,-0.1457991471109401
-0.08337118075536235,-0.015478571379545294,0.8471627423510434,0.524523543818354,16.4592147371064,13.07183168178176,4.773558680874445,0.03012271506319748,0.03377514755107504,0.7447207940054744,-0.6658399210177928,-3.2866510039799146,0.09391386077123676,1.3720372752952334,0.0004284734355935121,-0.08019748448765184,0.9570479808194734,0.2786168377929384,-2.535680670740824,23.714763513374685,-1.0374139710193722
-0.08282638591991157,-0.01781986566694511,0.8469734116426638,0.5248411970810263,16.116422952620226,13.030350036944128,4.718303974405783,0.03013641206062417,0.0305100751781606,0.7423665334556819,-0.6686201178440037,-3.246117491839472,0.07908704142048559,1.3836170612388026,-0.0004924629678023249,-0.08291405303434247,0.9579180148415753,0.2748055569518549,-2.7173649702238065,23.355724995536413,-0.9430588544099203
-0.1402529553393677,-0.06704468517450789,0.8373855563228817,0.5240415525225479,20.518374212305545,12.809714264231616,8.005185580087073,0.02962126872708127,0.02560037047543516,0.741746180659107,-0.6695370079003444,-3.2200553555298392,0.06043355462024583,1.391282315050129,-0.007214248781346014,-0.160309756559406,0.9509710189103422,0.26439148579145005,-0.573924578424811,27.734712014373333,0.5072212701296284
-0.0859576648877475,-0.016258577313658564,0.8475207493425978,0.523503121236677,15.698263928230517,12.913640419942794,4.660088637197195,0.029812680980539366,0.02265239517829856,0.7324372804481499,-0.679804165370555,-3.1896813344123025,0.022947879754962278,1.3925232437401491,-0.011720584002983061,-0.08741951303009211,0.9610437732807733,0.26194526621121444,-2.7981039326239188,22.910076649861804,-0.9489026770197719
-0.1471765827015819,-0.06051701362370624,0.8406260626544013,0.5177108916688069,19.547305909728706,12.746838220931295,7.786230149250503,0.029459986852029597,0.02432875664247006,0.7295406409174138,-0.6828694414196016,-3.1607900675346476,-0.007921952799828366,1.3882117779021699,-0.020649626946676245,-0.160866088220455,0.953526778403896,0.2539338052215564,-0.5950700518238172,26.810790068036116,0.32186432425935685
-0.08932680952949565,-0.01021796735566293,0.8502252108146036,0.518684301996564,14.887899236992979,12.753381747728326,4.5441260084616095,0.03254097193549811,0.02550076508636206,0.7307697330300417,-0.6813709660770005,-3.1232267933557027,-0.04159523283201008,1.3890058476006757,-0.014837828542941696,-0.08667986322553912,0.9603029615694377,0.26473507919484146,-2.8301762794880347,22.107821256342017,-1.1407109924513241
-0.14795335065796242,-0.05831701270892867,0.8428597762361213,0.5140975876825179,19.1121297504059,12.669961647487526,7.651916731106564,0.0315429483865798,0.028771218781330925,0.7279309130422782,-0.6843199874432673,-3.10444566548331,-0.07198174908495433,1.3928336837523885,-0.018330422059329624,-0.15940238328558984,0.9534306255841795,0.25539169529990746,-0.5761901360351198,26.357494255199644,0.24488127588610586
-0.14300672572248552,-0.05805618111232652,0.8461753882401951,0.5100644749140459,18.651133176967186,12.687765593373115,7.456087438751517,0.03301848857750433,0.030075684647902123,0.7241080253677517,-0.688238912154081,-3.0731441647460525,-0.09512627454661172,1.403222728226956,-0.014092984504052735,-0.1561077348033461,0.9540967062666855,0.2552082248153428,-0.6082451932373443,25.91494854297369,0.17088455297930594
-0.08004050478371773,-0.01201462899900715,0.8540607473892591,0.5138379180762004,13.736956278014596,12.588002671613367,4.4015656006554025,0.03020926412453108,0.03118792212156531,0.7204702718474606,-0.6921252063455281,-3.052468955505639,-0.10830898448568668,1.408099836188582,-0.0045828224073446045,-0.07575744153964462,0.9634552594692761,0.2568925277059256,-3.087139581936153,20.999656560678936,-1.235297599356168
-0.13777598168029404,-0.05675539269464986,0.8513853668828166,0.5029309707404376,18.039028292822465,12.533745165329265,7.194415388810221,0.02626164202050521,0.029600179306452604,0.7217102403079745,-0.6910632999791109,-3.0305597775456166,-0.11279812989007826,1.4123227686480164,-0.015842023824184457,-0.14612783662821494,0.9539193168995486,0.2615982081158247,-0.3905542062036442,25.241524490079012,0.09001483070444127
-0.13933997857365185,-0.055046744970550406,0.8541438544320417,0.4979884558654111,17.714325125382096,12.528315297777453,7.085711355544557,0.026876868420870954,0.022613995460277026,0.7212671180434127,-0.6917658459208285,-3.013362755846078,-0.12233137913051058,1.420892187318627,-0.023987255596055728,-0.15027600618164447,0.9517217939015217,0.2665846217393895,-0.27604646409045963,24.93353360386391,0.09371674838899047
-0.14127344894987562,-0.053874241142058216,0.8555651675654515,0.4951238459333936,17.575095134672416,12.465574727196781,7.0474969161410534,0.022912596802359398,0.024080433524829005,0.717295561742879,-0.6959757342989743,-2.9968205784644666,-0.145068372543603,1.4128466365533792,-0.027732185113549968,-0.14651040532651247,0.9527702600690182,0.26456465857688605,-0.15001638547320084,24.778022230804865,0.09180786744633851
-0.1377273914051873,-0.050938001549762024,0.85818133306209,0.49189560400415555,17.185179307157753,12.53243430084467,6.818972281033524,0.024080378989815444,0.02473426886272341,0.7183873585751186,-0.6947862652147043,-2.982226808900771,-0.16025246079472175,1.4088134029294885,-0.026026363114972636,-0.14283129438956357,0.9518041668769189,0.2701678694473932,-0.24353188327744069,24.434381482054597,-0.008920578079151475
-0.0793633661879925,-0.006009867640958062,0.8680640769987062,0.49003070906080254,11.742345168429146,12.417950886429026,4.0667654890238785,0.026135928344141246,0.026911574568510586,0.7169158031746298,-0.6961497048496889,-2.9732755779234257,-0.17639594520206345,1.4080831648948775,-0.014771836224020203,-0.07058078154455695,0.9575920300369798,0.2789581512356042,-2.9131449330785966,19.284775600126732,-1.3589239927861065
-0.13482927377894902,-0.049713901222322505,0.8649543166622125,0.4808363807418315,16.503337168915287,12.38901811092228,6.591773461951355,0.027945456051426898,0.030205446646402782,0.7163134166101082,-0.6965642624075131,-2.957710909879615,-0.1850115561021039,1.4104837784970001,-0.01874299579373075,-0.1408566098946147,0.9496091171153785,0.2793754467540479,0.08766217763180573,23.74183031849158,-0.04675090174072638
-0.07662389496167554,-0.005372976803168487,0.8721879194009178,0.4831026216988195,11.162073845824992,12.336057999906416,3.9602105715321856,0.03188069824761192,0.031220280123072243,0.7161036414740992,-0.696566213547439,-2.951446683950887,-0.1845637610708717,1.4187533449343595,-0.006894408057739699,-0.07133664500925142,0.9557091083357963,0.28545341206640823,-2.8751581211166055,18.769564310285485,-1.3613806378541593
-0.07648093844488829,-0.004878944513075433,0.874393921312256,0.47912642624593765,10.861623052474222,12.291809955481995,3.902858610406785,0.03130207491736513,0.030465435211844687,0.7160204112502246,-0.6967114237876969,-2.955785805717663,-0.18252444000685858,1.4266318430116263,-0.008155277011228914,-0.07093467831152458,0.9544418386187039,0.2897283892956623,-2.82996382008114,18.516239929737814,-1.3422625711443303
-0.13358259477460088,-0.048133878414791255,0.8716306824241946,0.4691468571553768,15.804890749632456,12.199017022450334,6.3405432425708135,0.030353763125876804,0.029903442159137674,0.7141786119575315,-0.6986654016290968,-2.9552066948720683,-0.18577456851002538,1.427744359904405,-0.018648220485099724,-0.1414594729729094,0.9465663871081863,0.2892292104472176,0.46647489506357787,23.005264004323603,-0.011874510687691409
-0.08189101728367279,0.00013136203356045484,0.8807079981488287,0.46652681169354465,10.037740740669435,12.250228946683364,3.7520917838086287,0.029207693173325874,0.03052679639123792,0.7128369155083196,-0.7000561100727323,-2.9564923264118628,-0.19742062512890085,1.4211536892744212,-0.016910581003625934,-0.06976485936770903,0.95160625593643,0.29881839018068,-2.7284186207591277,17.88508183840554,-1.3809144536317588
-0.13519130181320782,-0.04273130576183959,0.8776003620070606,0.4579464510475154,15.19901800656232,12.09753092463211,6.1048361125009265,0.030175106173071942,0.031089054220386714,0.7158855860527168,-0.6968721269767388,-2.9523421176558053,-0.20837869363476869,1.4119454135018157,-0.022517976155003235,-0.1388043223169641,0.9423260424202466,0.3037234443249428,0.7710205552322671,22.412683550987847,-0.08747771973257112
-0.1299948683390625,-0.03898366635894586,0.880729555851418,0.4537588097354016,14.804025984776686,12.055872324276379,5.90573831467545,0.029868578345377303,0.03507795550880207,0.7122227982889078,-0.7004399265193741,-2.95473919270417,-0.22674087616346522,1.400673989110333,-0.01884121735164904,-0.13028023369197309,0.9434710821171379,0.3041946522320691,0.7760959467620716,22.042393289674518,-0.25001076524124644
-0.12151713401998847,-0.035843956725581126,0.8836969565516729,0.4505868239164718,14.460535232250486,11.987174393909754,5.68938573036089,0.03237514875341038,0.03441576334010598,0.7154959007557482,-0.6970172314789878,-2.9576333925490443,-0.2366220424466109,1.4007199644470547,-0.014052411456176937,-0.12503139767022298,0.9413666830641405,0.31304703695405744,0.7724503678345366,21.68963521415216,-0.41169930458269066
-0.11755403780711964,-0.03696022532402663,0.8853685031873536,0.44826064237564317,14.325602000682494,11.916316741670016,5.659724034274397,0.028689320411355086,0.03598858300728624,0.7146834932658914,-0.6979321236629855,-2.9646952522769965,-0.24594551356972516,1.4015441775335833,-0.010906425239502521,-0.11907801427199184,0.9414618409411719,0.3152000610044261,0.8496593788317738,21.5427309597025,-0.44262816349597633
-0.11107408465311899,-0.040395057312811,0.8885734367389477,0.4432471484229782,14.049097313467762,11.751337294695304,5.574214053156123,0.025357647175778663,0.03283477465870177,0.7136917742002145,-0.6992302330003839,-2.9752955794250178,-0.24919169649071507,1.4077909191503442,-0.008420924605393891,-0.11549631734266472,0.9402820239051304,0.3200928056516491,1.027361869068615,21.212879466822216,-0.40000435936293544
-0.10597918664094924,-0.040088701437168556,0.8926763670052531,0.4362226631048723,13.552017801186942,11.686230608850337,5.330363513309937,0.016489912744119407,0.025796418720316336,0.7089059260055425,-0.7046382161315988,-2.9990688901595983,-0.2603328354033413,1.416102042772209,-0.01603674001047552,-0.10684447743864443,0.9403275380478859,0.322662674940101,1.0783629012484435,20.75314352055055,-0.35278764210931346
-0.07528404254722841,-0.0010120239179741638,0.8987855256260477,0.43187482870670485,7.899718682467309,11.787895126660942,3.493389450066392,0.016323178414356845,0.021560880591400267,0.709246725181875,-0.704441456114958,-3.0116119584161396,-0.2687029352097678,1.417595762384001,-0.02588724862760964,-0.05946730711633435,0.9410542631606005,0.33197946251249194,-2.3652106058364915,16.1669212903746,-1.3281744595044231
-0.12236312508333268,-0.03522732252251595,0.8967566458469026,0.4238087062545416,13.053202983067877,11.491784208910985,5.210549790658348,0.019780160217835262,0.022730497487679416,0.7075660523405654,-0.7060044980882966,-3.0409667161652107,-0.29946340212114697,1.405045006290208,-0.032696530380278074,-0.11955524892225669,0.9350714515143257,0.3320826100823723,1.4880201907981587,20.255905982348825,-0.14749217692606464
-0.08140390936954782,0.00684088119035478,0.9029461600804338,0.42191804640225306,6.517293755937118,11.583477191091788,3.374528678938468,0.026471244925362323,0.028438116362569276,0.7099494219590854,-0.7031801796053491,-3.0579971888253743,-0.3125968712884574,1.3906503689316247,-0.025251511343592437,-0.06488584079687713,0.9369703766652202,0.342401375713916,-2.70843276714418,15.07782018178058,-1.5691648846288304
-0.07717295854614258,0.008742066793169957,0.905760245464537,0.4166128760293433,6.145930654022038,11.552052682159456,3.3468638791624468,0.031827698059424994,0.03497127553354413,0.7087956825083377,-0.7038271719544044,-3.0876340996783274,-0.327126551337936,1.3818228640963726,-0.015577344426682904,-0.06280573560425896,0.9357691565003764,0.34662497264102976,-2.7418840939934155,14.830006924331961,-1.6697214595845704
-0.11693026780141917,-0.027829887337557157,0.9034312634061895,0.41153950253039284,12.289500774364804,11.346947777868536,4.974517337901553,-0.03409461602463568,-0.03848713456061221,-0.7059575393007879,0.7063853412520834,-3.123165878707777,-0.3382395195952796,1.3828949561767927,-0.014149346421041736,-0.1171695944104103,0.9322514774587075,0.34202085450687697,1.6819314985094582,19.595716976882137,-0.4154870211046595
-0.06422796099690595,0.0056245892048786385,0.9091778422990009,0.4113864170035143,5.609888882860552,11.384886513194715,3.312124132747341,0.030310719048173434,0.037948314773125755,0.7064130330867296,-0.7061315829233737,-3.155867665458591,-0.3353511240696019,1.3827021663051478,-0.0023554898364290915,-0.05334618155517766,0.9352157437718828,0.35002878336262105,-2.7981308543130674,14.398215475445193,-1.6694256820022322
-0.09556458964885475,-0.03628134913368786,0.9094402733697631,0.4030750080114324,11.90661775870138,11.107328973485892,4.888769653805639,-0.022393897586829758,-0.035231561863794676,-0.7048340648758092,0.7081427761335647,-3.198399548190642,-0.33516913189823005,1.3852147486024873,-0.0010336213230575377,-0.09921450374046839,0.9306689651936692,0.3521515172476731,1.9590698191142835,19.164804822276846,-0.489396848037821
-0.09209651636218236,-0.038800111773255916,0.9121025059397814,0.39759502217545944,11.726244464679162,11.051576190985315,4.847104002718357,-0.01650537960588438,-0.023981038227877886,-0.7060221763945596,0.7075911027483799,-3.238539522689503,-0.3321711786839594,1.396885637214712,-0.009337314380393405,-0.09799665347079453,0.9276746803834192,0.36017934122351847,2.1148744155022117,18.99415533987706,-0.4334049676577201
-0.04822281454195117,-0.003049656898419008,0.9158475485965478,0.3986082380986981,4.431252167566683,11.0785023982246,3.240971805186999,-0.008098996177460823,-0.018992793483620526,-0.7034438955944112,0.7104508187113061,-3.2890809895143875,-0.3395489312170794,1.4022374124861234,-0.01149184559340235,-0.03593543760632922,0.9319543593375642,0.360607340358747,-2.9509797927143664,13.504970300426145,-1.5046194976107772
-0.05489607496893355,-0.0006338349498019273,0.9171154426871472,0.3948231046823625,4.119928202525315,11.029658504078952,3.2198655485108016,-0.007376085830648075,-0.01340865234580758,-0.7016576993841958,0.7123498257843304,-3.334378528801632,-0.3519006973398478,1.4076336179727829,-0.0234509430276726,-0.04044044235708669,0.9310691042808757,0.36183552471624947,-2.976364666008502,13.3116451095918,-1.5271283906029973
-0.06061250907644845,0.002131921799368274,0.918342348577153,0.3911124000369939,3.8319611974232757,10.959702764345366,3.1980473979949373,-0.008177017652977113,-0.017625094739904267,-0.6998004781791444,0.7140740739992968,-3.3968315037075483,-0.37206868619130196,1.3961025465557888,-0.025389737289438094,-0.04151022124180202,0.930550840719335,0.3629151355473739,-2.9695265432484987,13.13790270608763,-1.5776304906619603
-0.06557238527838533,0.006548985140747285,0.9213981720832134,0.3829918818516162,3.3193694770114064,10.937722460844725,3.15234319026022,-0.01461165665690242,-0.02154081942579177,-0.6984949382321649,0.7151414642238627,-3.4592953941438713,-0.40089456193061007,1.3814440208994918,-0.02602414706790951,-0.046331723148294715,0.927956103207073,0.3688815334497535,-3.0381678864189787,12.868901481749685,-1.6767611158423914
-0.10797352393594795,-0.025239028309521044,0.9198343636048352,0.3763103149138119,10.633905657921645,10.686845045730934,4.539727089196994,-0.01658895246417813,-0.02937372620579882,-0.6972352554046743,0.7160481753944399,-3.51340598630419,-0.42925639573958646,1.358785196675103,-0.026455147778589923,-0.09756076008224648,0.9237754319433942,0.36935210109864397,2.6259725911792833,18.076721484438828,-0.411020271902367
-0.10219939331373463,-0.024204346144750775,0.9212946772540234,0.37441360992545997,10.448894499966656,10.721209230521254,4.466633831606263,-0.01831173922522955,-0.032509886584140016,-0.6985692383464239,0.7145689656827608,-3.5751831058634584,-0.4518196767652605,1.347265254282752,-0.01931275326715725,-0.09338739082155685,0.9227616819374816,0.3733854458126261,2.5666077327676335,18.01088351312354,-0.5122380319646922
-0.09846901294473111,-0.02539442412658082,0.922376813608961,0.3726660575227502,10.395680089568266,10.628639407638047,4.456874555541081,-0.01872858166479529,-0.02941234947222839,-0.6992263580542938,0.714049475967511,-3.6373784445311523,-0.4665659893114146,1.3452410603535738,-0.018446520516348743,-0.09329882970171959,0.9216212140489765,0.3762570824210757,2.68625233226954,17.9504543753495,-0.5270804077198754
-0.04211523663662577,0.003483635602953391,0.9278517481253131,0.3705473041688839,2.1746464588587457,10.660907932386408,3.04712142500016,-0.013064057972883897,-0.02442064013493481,-0.6968682642873005,0.7166642065527525,-3.7065523350831238,-0.4805880117249279,1.3490078533679961,-0.0051105326411118035,-0.02992468156937703,0.9242547850168944,0.3805673242180284,-3.2755185693653184,12.16946586555173,-1.6673630311327403
-0.09212328175716751,-0.025646896678073485,0.9280030262699216,0.3600915451422606,9.768097584293528,10.443594460332179,4.265028149643456,-0.00808755309925105,-0.016153305132814922,-0.694950288607005,0.7188308275131176,-3.777720791991888,-0.49099395581507405,1.3617244632249466,-0.030495161070984485,-0.08414548635360493,0.9186035813711864,0.38491173347872887,2.8862171750389845,17.404434098652374,-0.48889235379704266
-0.09616797463049334,-0.022585075177875946,0.9296916556191478,0.35484512185854616,9.54768058562211,10.382143784333493,4.190119002945948,-0.00039426800624634966,-0.018366748044393328,-0.6925958829353558,0.7210918457866571,-3.8375576768156194,-0.5051458613366681,1.3525292150126695,-0.03648829577143127,-0.07674065357408329,0.9179147308292047,0.38757195885082807,2.9981154078291343,17.220605302820594,-0.46005649797803727
-0.051339948173506574,0.006455680451915934,0.9336709304959758,0.35437427595442533,1.2710187549571828,10.364084424491693,2.9925973571040565,-0.005821601172072002,-0.01910895882578931,-0.6929572863045422,0.7207018495951236,-3.9128409249218223,-0.5295086649917802,1.3479847706426866,-0.02156980134604048,-0.029587506658410978,0.9194832384758165,0.3914203587981283,-3.181747352379024,11.63043538876149,-1.6902599187515337
-0.09073443040111906,-0.02084122149679865,0.9345577961393735,0.3434161212019944,9.29318380685536,10.242582395756244,4.145842446256548,-0.008066414394707604,-0.019581924585200975,-0.695130129491655,0.7185719061174516,-3.9744558841533735,-0.5507409821924589,1.341287787842032,-0.02964127457802818,-0.07886193448359724,0.9118745105937693,0.40173009230112267,3.386354055254782,16.988274904456766,-0.5681032709842091
-0.03433543927812839,0.0038558270880794396,0.9401989250715684,0.3388689886981572,0.5088538082230798,10.213293080904123,2.968842646898981,-0.012178526627540263,-0.026756335671630473,-0.6881322127199064,0.724989544619655,-4.037867395687563,-0.5709873913829858,1.3366075491872453,0.0017370497268776074,-0.023215232714304618,0.9157867063861674,0.4009897056467194,-3.2675495432385055,11.23175636889621,-1.6758100362173929
-0.03246017770718931,0.0019402982977651342,0.9423272760578976,0.33310940680658735,0.2745193415163101,10.122150400397004,2.964608704072864,-0.008378057803137684,-0.014988430326794483,-0.6916235400856988,0.7220540380768685,-4.08383021194,-0.5768746855778405,1.3472025439854958,-0.007865141780465034,-0.02395130804984813,0.9113003050822535,0.4109698630611082,-3.2324778075084017,11.090343660470163,-1.6234888431262275
-0.08779379704530385,-0.017870572549896973,0.9435330835473162,0.31893292725712735,8.362327133696866,9.932920058337686,3.8623661688641904,0.0005957901421148083,-0.007047876341232668,-0.69208604358587,0.7217803549188925,-4.170208955963416,-0.5958402181255222,1.3518700526258123,-0.044539976735716344,-0.07084954230374137,0.902382078651206,0.4227329144470074,3.807323781040873,16.1087035996495,-0.4855908900247994
-0.09606714011290003,-0.014131459429027738,0.9446265776490701,0.3134518068921271,8.131092862996702,9.86580543859941,3.8003878600828624,0.0012534657082262826,-0.010611575399455146,-0.6961579345200857,0.7178091344473043,-4.219679720098329,-0.6066116545911646,1.3320177605111785,-0.049489068023470806,-0.07251131799238222,0.8973106855363299,0.43258117681135616,3.891864470851761,15.905387042661904,-0.4219100439503283
-0.06069605782601272,0.00709230352172892,0.948748408938186,0.3100679672787846,-0.4129026436581853,9.812546501043698,2.9475067087176203,-0.005286056958208311,-0.016464547913293565,-0.6969941702422185,0.7168682604999378,-4.29231344845391,-0.6350344003932542,1.3112275758069687,-0.031194621028595458,-0.03713056039787373,0.8972800106123743,0.43879015446894415,-2.837345176478734,10.762995888676322,-1.728171326889839
-0.1039831376569679,-0.005237982492833081,0.9480182811177135,0.300701528577812,7.531298311198469,9.757280721937832,3.6690009880542247,-0.0735096706982443,0.24899022215535305,0.9103021930002951,-0.32241295725159247,-3.382575025612101,0.13676964807949327,0.890415020262336,0.18518544811246243,0.048215380394186526,0.6056584653604471,0.7723726110097758,3.747698313708085,14.292098054624827,-1.0383135658386178
-0.05070664420605226,0.007238467358298496,0.9535912235222499,0.29671572126363993,-1.009540632330399,9.652877769161705,2.944011777214584,0.20856570324520052,0.10317323994698827,0.8919258764672832,-0.3877162117796276,-4.261274544292582,-0.13549936154282327,1.324689154193794,0.13415385483860295,-0.2106933987693399,0.6411124713246196,0.7256623416293599,-2.7059681548796193,9.93269571655971,-1.7399994803289593
-0.07836643078602536,-0.010301034881193646,0.954701429931392,0.28687588064037595,7.231030333400469,9.586073565869356,3.6220938231215696,0.09849734575119824,0.40450393339536916,0.823999367876876,-0.38431742412510056,-3.3174782151136504,0.12739309128126125,0.9115679941615698,0.392807457841564,-0.046525891339638206,0.6339788435713897,0.6645362807273832,3.8758991628079182,13.836039916384378,-1.2751565785627663
0.015067583617904896,0.005545018244555278,-0.583506156455813,0.8119499898853063,-28.71028668688905,-1.5127922622536971,2.6838502706893514,0.02157589916323694,0.05035022347137644,0.7301598911012315,-0.6810769919757371,-3.9556266365032644,-0.8522421191734322,1.2668637000518599,0.005647679657890758,-0.06824986299118603,-0.1948016809082199,0.9784489588279495,7.308110531076758,23.645495165526153,-1.6490756458395637
0.014751426128478616,0.006502689416937086,-0.5866874309075176,0.8096529928757503,-28.80204262850134,-1.3694958559190127,2.6498291355776544,0.023033161734520656,0.043377228230478904,0.7265267471389929,-0.6853807520080981,-3.956819358615523,-0.8710966098683058,1.2927519594431074,0.0014140405132967385,-0.06380789294660516,-0.18564018415542505,0.9805428472605779,7.30394653203987,23.74140641451504,-1.5405083962288688
0.011908653824537414,0.009500224170595418,-0.5638249255552862,0.8257538271345594,-24.08894106297464,-3.03744130436894,2.93799971358586,0.0185377422720686,0.04324476528821045,0.7266200133399812,-0.6854265814807795,-3.954200849321001,-0.8774440403247361,1.2936141220320918,0.0078154100742665,-0.06132634397418658,-0.21320979137870003,0.9750485032860581,5.366561575233524,19.52458464838908,-1.6637207676848482
0.014962913446685058,0.008046623330833624,-0.5922545285425357,0.805571807162476,-28.77683086769349,-1.1666205091480606,2.600416625122852,0.02260113706878677,0.04023708088344263,0.7262519871744122,-0.6858776983182895,-3.9530367601900562,-0.8847726333370953,1.2954041418692517,0.0012049020852355785,-0.06218532885537731,-0.1784137517863276,0.981987813702207,7.177096871018871,23.757992936532318,-1.4318875060426302
0.01079838047626239,0.004147253135207689,-0.5673982222562548,0.823362285176437,-23.7735624400529,-2.9135011574644523,2.9407006729375347,0.024510050044353464,0.03978304479913413,0.7256593051410218,-0.6864656871654858,-3.94788336037498,-0.8891545167073563,1.2915880843011023,-0.0020110467649111386,-0.05734570974603214,-0.2076531501304872,0.9765180973773699,5.199815862668643,19.22474306830407,-1.801741261767816
0.011249070759220714,-0.005114578938491519,-0.594853002926382,0.8037395127768708,-28.445403111355404,-1.0021109916588102,2.5882627932391706,0.020505315412339502,0.04131649070623261,0.7234494882434732,-0.6888347534756203,-3.948347859276919,-0.8959366801279462,1.2912484759364113,-0.003352584050757545,-0.05002037932060574,-0.17113986939264664,0.9839704603986206,7.064359957749128,23.42126390509364,-1.8271427482306783
0.005366958631510183,-0.008112511120097107,-0.5722604109159337,0.820014271227459,-23.744903429732688,-2.650964275182787,2.9361137657158345,0.019577592256883446,0.03535501199341246,0.7222770297102556,-0.6904220689993184,-3.9505746771584467,-0.9019195593498902,1.3193213901864285,-0.005386578473544813,-0.038470469610312495,-0.19682768290953626,0.9796682453671618,5.173900020786322,19.14985714438713,-2.000588836571132
0.004305744633334216,-0.007642223471703069,-0.5731979122496361,0.819370008223525,-23.63381601555085,-2.6010193730940045,2.9388944624596967,0.010872555632894071,0.03258527803548652,0.7211002816567347,-0.6919785914202388,-3.948394260992035,-0.9052482378654093,1.3315966130673766,0.0012788747373609984,-0.030748144356066837,-0.1939838654016578,0.980521889639337,5.142418776838438,19.045635799669924,-1.947860848352322
0.004573292921012871,-0.007912168437089258,-0.6029717329599399,0.7977102054215984,-28.431744530302467,-0.6908124114052043,2.525965921522607,0.011496616001648651,0.028737601682197755,0.7205779890171612,-0.6926827122240383,-3.944348906863137,-0.9031605225182515,1.3383695547263381,-0.0007121817903861311,-0.02767120453855257,-0.15692193162744042,0.9872230267831054,6.8741756215092495,23.47701405068662,-1.6320361693503989
9.548083250195607e-05,-0.004770488696104732,-0.577569616933223,0.8163274899919891,-23.280723009899987,-2.4987612797335714,2.949044672917818,0.013794158189602102,0.030095114247798996,0.7187546138020432,-0.6944752050552475,-3.940759098823159,-0.8971865768883795,1.3256408404663698,0.002626353245046107,-0.029290196909862027,-0.1855626932695242,0.9821922792916742,4.9132692777559495,18.760872908527517,-1.7675175609039657
0.0058246369286829025,-0.007249493120264384,-0.6059326121740516,0.7954616194123251,-28.24961628312616,-0.5394940572102769,2.5170840317951324,0.010519686098104065,0.027719395174883137,0.7181592986045324,-0.6952468577155758,-3.933710857188667,-0.8997994524791854,1.3191838002625345,-0.0008277724295937781,-0.027566765711052457,-0.14975769625780885,0.9883380093027844,6.799971406505937,23.320961431288104,-1.649602502658426
0.0053348432142653664,-0.003317730913911867,-0.5815176488260023,0.8135095304993915,-23.43943060208528,-2.234891858465062,2.952672848469902,0.015090736023404494,0.025816247962312012,0.7197302495398124,-0.6936095147305722,-3.9219718305058175,-0.9016735837999297,1.326757546729184,-0.003352023072323314,-0.03131573139911431,-0.1819734505431976,0.9827989378329952,5.05672575853331,18.876629589149843,-1.858668446404068
0.015559854968175116,-0.0009214752023868219,-0.6101692001039359,0.7921177873532091,-27.88959960600306,-0.4073801668376973,2.5222773285385003,0.0110315812079621,0.03166338061098357,0.72017843742561,-0.6929781762880722,-3.9198430168829583,-0.913949071426573,1.3246684931784345,-0.000864558568002144,-0.04237956790354343,-0.14712936789925318,0.9882085679978482,6.632208263143758,23.009725654180762,-1.675245890285496
0.012404743052346807,0.004273142489243481,-0.5879871624511813,0.8087638464939441,-23.237973544910687,-2.0173785112278892,2.9537186920383007,0.01757974046835993,0.035139847362838275,0.7171939010167742,-0.6957650840597875,-3.9105821536282477,-0.931213719427344,1.326078012222171,0.0008778052571917939,-0.05062620923704959,-0.17057878051791153,0.9840422226882539,4.9646830549256435,18.69436486943826,-1.8026842268697565
0.013418420426357965,0.006905575106350237,-0.592239776293099,0.8056204481032071,-23.293695668916087,-1.8954575027187275,2.9482446453209725,0.016352274080852994,0.04138120933215599,0.7171133347545049,-0.6955348041355417,-3.906421664553121,-0.9406351656145654,1.3133583243994305,0.006952973354947985,-0.05744761159687406,-0.16535544067266666,0.9845349187932789,4.918553280465068,18.766424013187578,-1.755020137348998
0.013866398725101014,0.007872389288191395,-0.5945663888712133,0.8038883987830256,-23.482945360227575,-1.821481706622535,2.933408750648713,0.020789903778544807,0.044155571241334485,0.7135447575578954,-0.6989076794476327,-3.9086716567277815,-0.954143464825068,1.3053781378996152,0.005466625632906219,-0.06325349892275713,-0.1576147249487422,0.9854576141861966,4.9510014891814755,18.94863555421523,-1.729666213149033
0.012368604598530553,0.00015606573041112516,-0.6248817297257199,0.7806214300919271,-27.49106129642354,-0.15442515492361508,2.5250459257539877,0.023656366987501117,0.044293055817285265,0.715115154704892,-0.6972007006728534,-3.89480336275141,-0.9497318941023953,1.2972940147945267,0.0006994594818865945,-0.05831232582496236,-0.12202208359803388,0.9908126939677907,5.9638259157661375,22.822980794267025,-1.5708609574330876
0.007641895847708544,9.423142607789151e-05,-0.6081167129628791,0.7938108439442702,-23.163489355548677,-1.6349118881612412,2.925787749375072,0.02230480107892272,0.04473689987018363,0.71201434310638,-0.700383238555596,-3.890663373724589,-0.9512599286492327,1.289994956009811,0.004214301893152968,-0.05458369612026987,-0.1389501808408324,0.9887849650058921,4.373825885901774,18.765432817941715,-1.8202191256482327
0.008128108038053486,-0.0012849891545192835,-0.6135091528500177,0.7896447315292163,-23.335450505297842,-1.4196402694227572,2.900841601007098,-0.020895105178429556,-0.040673524167612995,-0.7062201100882598,0.7065141294541074,-3.8911583520004145,-0.9591861815207489,1.2968045399632306,0.001803761279820108,-0.04976934270799244,-0.12385265541096077,0.9910500889053558,4.373413238163874,18.929984440900665,-1.8423886448205558
0.008599765948590346,-0.0016651259880446061,-0.6167524981611046,0.7871083962156102,-23.345373381963043,-1.411140707890354,2.898014504527467,-0.017082263814709127,-0.036671766526602034,-0.7029620669093457,0.7100758482650453,-3.8980592858774923,-0.9707906365726237,1.3061615059146132,0.001894803835288477,-0.04426312771684466,-0.11502247905363093,0.9923744326389636,4.237489883374718,18.9613429978766,-1.8539365985607474
0.009712344119957004,-0.0028375069660379003,-0.6245082324054247,0.7809526788376906,-23.7562501816588,-1.170070948284888,2.850145083488954,-0.017082273258239158,-0.0366717605308488,-0.7029620666366022,0.7100758486175235,-3.8980592802056977,-0.9707906358881634,1.3061615179853823,0.0006702085326704439,-0.044119494229813386,-0.10512725614009603,0.9934793812988183,4.185557450781542,19.383942713035143,-1.8748913291143012
0.010961553507889885,-0.003320395523107082,-0.6316902991245825,0.7751362366127386,-23.56243997767143,-1.0725125526852253,2.844127419561893,-0.013006988496432576,-0.037700840715299284,-0.6964732125474224,0.716473676462357,-3.9045744215068057,-0.984282512053617,1.2971090413060984,0.0035668361574625303,-0.042695128641615746,-0.08681570574703174,0.9953026860738127,3.896223708512624,19.23437792184162,-1.9211651152284606
0.010508449898862793,-0.0038606534697480095,-0.635258171255642,0.7722187019804991,-23.570393591971992,-0.984645684613497,2.829572060715396,-0.011987895530546506,-0.037425441909389776,-0.696641461597302,0.7163423068912029,-3.8995127110778824,-0.9794819054420386,1.2903626524422458,0.004300402141428818,-0.04107110724829318,-0.08245769685999015,0.9957386197789895,3.800116664128228,19.266293595078203,-1.9187994540130844
0.01136441186145293,-0.0068972652280217496,-0.6556019043478826,0.7549896826386752,-26.714710110299904,0.2405407946912419,2.53415044076109,-0.012702270088593186,-0.039177887181331,-0.6899757065886748,0.7226598576149517,-3.894022814337924,-0.9836245355716776,1.2879543950863557,0.0031234648745203488,-0.0407633244655657,-0.04661451632605806,0.9980759901998346,4.418860311507096,22.38347799744636,-1.8135435714026684
0.008137054036043435,-0.005657107346490898,-0.6447583232714057,0.7643222422907305,-23.60025272343171,-0.7991170322435437,2.7937482742008584,-0.016853537813975,-0.03622599259263579,-0.689049617344549,0.7236119544073065,-3.891170993102132,-0.9811940514652838,1.3007157644137417,0.0006893792038453872,-0.040068074136301986,-0.05971100302373848,0.9974109836517845,3.5033935009779347,19.363447590332555,-1.869045789372472
0.009717733618019506,-0.007506319647604992,-0.6605235409094609,0.7507049172098882,-26.45889121413626,0.23364188648668005,2.542415148514184,-0.013527469899933375,-0.04013132247743124,-0.6854491355698902,0.7268878641584334,-3.8880110586372605,-0.9749646001905881,1.30261243507051,0.004143642105058656,-0.040266752887625344,-0.03395196367687355,0.9986033662092655,4.0740919719946085,22.196469997251825,-1.7779104776754429
0.008321792093054068,-0.0071181880191795175,-0.6527084972867833,0.7575299972577408,-23.17702550568373,-0.7092730508184104,2.7901718958977426,-0.013687959721586027,-0.039665683171552356,-0.6824262151948611,0.7297490898603516,-3.891261230067674,-0.9747005157492714,1.3065090141067501,0.004590630051513102,-0.03946671033822122,-0.04021737404654593,0.998400654905439,3.113871778343232,18.997539470686128,-1.8999230480028457
0.008404740023983547,-0.007499554275688865,-0.654321899950716,0.7561322425843778,-23.28255057333098,-0.6771422307703006,2.770356954912449,-0.015702063421060414,-0.039854259505478454,-0.6795943244654764,0.7323364236182055,-3.883334355568784,-0.9680286476401903,1.304908288208685,0.0029529266006011676,-0.04062891144915052,-0.03422669733386085,0.9985835493180152,3.073352952217746,19.118454505080926,-1.8976152228511622
0.008513049272788658,-0.009034324172343138,-0.6709022746631733,0.7414418701628658,-26.079366144433948,0.34436553267016734,2.5452481478729805,-0.017478545258523458,-0.041522744239106464,-0.6785148565079065,0.7332038950145822,-3.87867964701689,-0.9582528601798358,1.2994203867982907,0.002526654221364766,-0.041665325648468636,-0.010659771173753791,0.9990715619691994,3.50524377937533,21.922767466241535,-1.7958048648180351
0.0022969077829888703,-0.012267972949901599,-0.6591102950112393,0.7519427106266369,-22.93078412802555,-0.5786870168739142,2.756794147788538,-0.016799284622462184,-0.039723046229291986,-0.677509716354463,0.7342482195277931,-3.8591551141543445,-0.9379112934584284,1.2908724621348215,0.003551597779719984,-0.03349047654435463,-0.02520059866364383,0.9991149603329124,2.828936463953047,18.8273487353417,-1.8796435281286175
0.001029841992356451,-0.016686688371086462,-0.659136284571342,0.7518376501733364,-22.9392330160573,-0.5040204937482713,2.7350262231817357,-0.018268640472799746,-0.03506818573132524,-0.6717295639578889,0.7397404085418976,-3.8567428412894236,-0.921952085609018,1.2918232452886622,-0.0025910957148982537,-0.026755063801124846,-0.017100874683671063,0.9994923775942702,2.870666465775565,18.823751519998297,-1.9556547948502543
0.0012718053704590328,-0.01904675920239025,-0.6579322585307297,0.7528351390972919,-22.83140136806952,-0.46651818467182693,2.7269564058335494,-0.012420602672548235,-0.031523976957974674,-0.6699215936109564,0.7416582945803009,-3.8456469591532034,-0.8940650284513569,1.297913913599284,-0.0023131050629112246,-0.01863009567993365,-0.016102934707671362,0.9996940854950203,2.920037991571787,18.710970546918887,-2.014147100892485
0.002522768792834784,-0.017187242843637766,-0.6578788924906835,0.7529233673729905,-22.807484247831326,-0.41339326129661913,2.7121657621372393,-0.009169606007536553,-0.028437535685977344,-0.6714690190912501,0.740429997562504,-3.839944712526779,-0.8704167672459463,1.319626390557337,-0.0016041909346529353,-0.01641178628318763,-0.018222106604717514,0.9996979717261241,2.9592335793154994,18.690633320257135,-1.9541635347320911
0.005674696787994469,-0.013625852500666837,-0.6702120021754215,0.7420229148078966,-25.39409235091449,0.4929540565943853,2.551152592664666,-0.005767209555681174,-0.02664000483833207,-0.6746573274051052,0.7376276432013346,-3.8287757517753596,-0.8511309235170162,1.3417746099461205,0.00019645488652035576,-0.01741041740606073,-0.0060145398711034265,0.9998303176446308,3.505525591085237,21.27728658569944,-1.8221979695445505
0.012728231705646955,-0.003687693834195987,-0.6667210285862474,0.7451895484188765,-25.195798733077822,0.44314400160715195,2.5522218340240865,-0.011861348312534697,-0.025217068897020342,-0.6763469432448366,0.736055854005535,-3.800893933112118,-0.8335705517872871,1.343351555811826,-0.0038890525901666482,-0.03259405850375742,-0.012898047414712396,0.9993778779786414,3.6561505362434135,21.08726925730704,-1.6712143268147375
0.013401479177011311,-0.0011234563855696369,-0.6536782524864926,0.7566530779874109,-22.62988472793438,-0.32429440244652596,2.689829492280241,-0.013722931203702724,-0.03023569417126104,-0.6767807858251409,0.7354354165357179,-3.791414797511082,-0.8241877590087369,1.321148064296649,-0.0012353385219113523,-0.04009194674175531,-0.030929506679059596,0.998716413884233,3.2554149244331416,18.532458328124136,-1.7208699906806875
0.013854548663588932,-0.0009512515600373212,-0.652554049404708,0.7576149148527341,-22.638448141308515,-0.25690110608240957,2.6850284762217385,-0.014422911188323572,-0.038580621177442515,-0.6806668944972546,0.7314342718507791,-3.7801925283350557,-0.8054183381330206,1.2905629263213074,0.0034677507871892052,-0.04737553774980206,-0.03783475843766011,0.9981543288396634,3.3630965195944946,18.533803305075416,-1.7512643822756861
0.01276223050112686,-0.00255915802242046,-0.6515368750798776,0.7585052910784476,-22.591359161927016,-0.20091253128566677,2.683824443752366,-0.01880040931974843,-0.040148430458475805,-0.6812055610702292,0.730748678895915,-3.7547539440666022,-0.7844576273353009,1.275754250062594,0.0008286772218134609,-0.04952555791471858,-0.0400278149251331,0.99797009295851,3.4388265304106356,18.496769104373453,-1.7846253041596278
0.014021667545518424,-0.002827852149892421,-0.6615443458060144,0.7497696143640082,-24.919019368661907,0.5744445855377762,2.542643201518871,-0.019555824873043953,-0.04081146936173935,-0.6832197374872243,0.7288091547105862,-3.7478817886845395,-0.762405376128659,1.2768531890766945,0.00018506945167749017,-0.051055160501887326,-0.02949027779438152,0.9982603166764843,3.984478748298185,20.80278291947623,-1.7247059214383142
0.006533076567743031,-0.008246463709757353,-0.647262401255872,0.7621946593012353,-22.273819002134644,-0.10605877576244893,2.6897525265278084,-0.015251087375705952,-0.040109322367009696,-0.6873062384226943,0.7250991526807657,-3.737430521482202,-0.731706603105756,1.286349699120575,0.0039319847254053525,-0.0389532871654341,-0.0541439207047668,0.9977653114665003,3.613887292538421,18.15716053639617,-1.7933244262725443
0.006338739233123076,-0.007632537690957387,-0.6462707945931201,0.763043658521128,-22.21166452924666,-0.07282455265590215,2.6894702595919657,-0.01355558851049915,-0.03843901644450782,-0.6896903798579219,0.7229563389073701,-3.730786574921525,-0.6999333803653152,1.3024306301063238,0.004651788321888358,-0.03694500465951461,-0.0586911846499673,0.9975814615060268,3.654822791044144,18.09495152825991,-1.7535660621157645
0.007714342052147005,-0.007067354251249701,-0.644426070161716,0.7645950441420066,-22.253302943418873,-0.01867411939235808,2.6847858324542315,-0.013215567811237559,-0.034666136665118495,-0.6916793859514206,0.7212511592961274,-3.720369978876981,-0.6720250742362881,1.3116193495270476,0.0017828831676729774,-0.0352605266500286,-0.06370075491364269,0.9973443389378641,3.7809135322199343,18.12193096953842,-1.755667601054962
0.01092275386646553,-0.005717140061663306,-0.6541315384858902,0.7562803303772816,-24.469375130341803,0.6673544467849979,2.5390194217863886,-0.010606800084331625,-0.03576550989130503,-0.6915913658765765,0.7213249661138571,-3.7170004101328145,-0.6469262580409999,1.3070027882012698,0.003540853971155911,-0.03741716049867931,-0.05074423841573317,0.9980042288091661,4.299113806289047,20.311284122111918,-1.6957632723633562
0.01156767501789471,-0.004118225072010436,-0.6415721118158443,0.7669644414554658,-21.862498156305037,0.02583403237906623,2.695358173492842,-0.013333256382656831,-0.03599535774573441,-0.6944811446189549,0.7184862547493426,-3.7040344996931496,-0.6134935626802642,1.3075276975596157,0.0016962389886177238,-0.041236048982054074,-0.07121030746255474,0.9966071458447062,3.850336241245612,17.723683536880998,-1.7636803242289476
0.01243470737341528,-0.0037125419838724013,-0.6399816478724788,0.7682806033416321,-21.896960749898255,0.0074835045745658135,2.692654091517838,-0.015833830668604453,-0.03653280753868853,-0.6985643817443579,0.7144385546272138,-3.6902999281479416,-0.5823976439082701,1.3099293907779093,-0.0002617825680056311,-0.04423486900054582,-0.07895284265317751,0.9958964085041044,3.886363802015039,17.76273507917719,-1.7674287965813504
0.01393892029892089,-0.0039690838431120385,-0.6490492666289276,0.7606083107373978,-24.023456793439266,0.7213803279116746,2.545105101118436,-0.016134648432392113,-0.040501883253097684,-0.6985023396581578,0.7142784835517554,-3.690066396222789,-0.5618141808010046,1.305570812155313,0.00128688472983479,-0.04817958798773861,-0.06705616640039376,0.9965844378559735,4.483301558612958,19.839576188433597,-1.7090998344737944
0.012017699574131057,-0.0026588542623474294,-0.6392840501397901,0.7688721666361866,-21.855837528194115,0.1424876938988291,2.683859434990328,-0.013781742569173817,-0.042069956244819746,-0.7018469915281752,0.7109507597830987,-3.6927718633004734,-0.5387712741418762,1.3055309860709807,0.005888152240195368,-0.0477011384490744,-0.08458890811903745,0.995256071409307,4.002198694297041,17.699759350915375,-1.7209828508516467
0.01149132108551181,-0.0020300180651611614,-0.6396420905321638,0.7685842989458007,-21.955558891125634,0.21686228829003085,2.6745947018975826,-0.014098343082962208,-0.04266921271763576,-0.7021748980911241,0.7105849614923552,-3.6884341568848917,-0.5152580138354624,1.3076154362093158,0.0068662716102818626,-0.04843919748926925,-0.08464160600206681,0.9952096748897492,4.054990474411408,17.79953302791962,-1.6811171126211115
0.010776125789943709,-0.0026400220419580205,-0.6379806172062783,0.7699724913694471,-21.788677676221482,0.21021724145862208,2.6776184282008035,-0.02097628822922839,-0.039438292801804116,-0.7019608492769712,0.710813324632675,-3.692892397336702,-0.4911957571392818,1.316229821143468,-0.0005033044383782544,-0.04943672144181942,-0.08652505052654555,0.9950221971841157,4.067197405254809,17.61981545212147,-1.6741602950138756
0.011439585285952644,-0.004756246637648111,-0.6459029711720304,0.7633189803991188,-23.600052736671103,0.8013269220999746,2.544858250098324,-0.018588323630307605,-0.03277594939732542,-0.7047475639086186,0.7084568318045824,-3.70279682404186,-0.4706731296197034,1.3236614564466938,-0.004475142722174031,-0.04171718217571312,-0.0798894653915614,0.995920339750316,4.558043604180356,19.378558458397254,-1.6449343968468926
0.01334231537384437,-0.002965742129519641,-0.6360753727986381,0.7715058697852918,-21.50600435535557,0.23129132623569149,2.6815524882038613,0.01801782786368617,0.03573853226652714,0.7079671631920276,-0.7051103537974336,-3.7009773928654703,-0.4451547224175723,1.3216562498833713,-0.002675912478830908,-0.046387929679969034,-0.09716721986233252,0.9941828457867482,4.078000311646249,17.311758772419243,-1.7317054699095846
0.012674592169449272,-0.004738743655342379,-0.6460019190755579,0.7632158407505728,-23.6844391638528,0.8788730052248184,2.5302665981813153,0.015429007119276467,0.03598624482176276,0.70690171540831,-0.7062272301998344,-3.7121541907726505,-0.4338418262580879,1.3267288695039752,-0.0008294475658880182,-0.043045501445925595,-0.0827652159544462,0.9956386472259995,4.607380479590808,19.44452149628976,-1.6572625729434896
0.01498052337449509,-5.172002114344671e-05,-0.6358367310957987,0.7716781924052761,-21.358765364154237,0.2916242205144499,2.6767851576271315,0.016379453766921428,0.03775359051681312,0.7104214943971778,-0.7025721886011904,-3.7089576859750313,-0.41451824829968276,1.3277988272803742,0.0008038101975747975,-0.05015442958122881,-0.10092915519236378,0.9936282970581622,4.097130058793528,17.15399633960981,-1.6697446644390854
0.014617402156803587,-0.0015490662389959033,-0.6457224927808863,0.7634306741707537,-23.443142056926774,0.9526249585085225,2.527725085600233,0.020387431919713633,0.03564656750669793,0.7117975875747521,-0.7011831923024628,-3.709937786687458,-0.3966953707023446,1.3273488396027475,-0.0038986987849574093,-0.04969675880538543,-0.09008571163046153,0.9946856774238064,4.62750885231795,19.201921660590095,-1.5916298615092288
0.013366363281088336,-0.0026842272153783913,-0.6450074966088258,0.7640546214606059,-23.318883305359122,0.960517245070605,2.527265940614429,0.019804013782539435,0.04134990989768631,0.7125436344541735,-0.70012824181602,-3.7355318009889134,-0.3805867873400915,1.3187713461811545,0.00026885617487926487,-0.052012140897793234,-0.0922284359480567,0.9943784895693191,4.626188347982475,19.047165139910838,-1.6032956234576397
0.01103075741595663,-0.0028787132369806363,-0.6366273767043171,0.7710872963753905,-21.188725620756827,0.46294418287868666,2.6632013584686494,0.021771477103903352,0.03734229159893802,0.7127072639499766,-0.7001284967459848,-3.7255848317940874,-0.367864416165272,1.3214710630334654,-0.0027892117198163673,-0.048500716791175014,-0.10336396142764462,0.9934564873444175,4.136045212437373,16.95913302176321,-1.6530899793667697
0.008464303313503969,-0.005808629989590206,-0.6366626317465568,0.771074126608207,-21.240409322423375,0.5196333752799092,2.6523194990859684,0.020453018456252546,0.035450039105232534,0.711676186802187,-0.7013144614951016,-3.749325097681833,-0.3568200798386851,1.3256928425661505,-0.0032710801121783933,-0.042306447391730485,-0.10183551952912001,0.9938958655242633,4.173283403599335,16.978584571815862,-1.6665856931822136
0.005602128003373664,-0.011954231757462191,-0.6432239440591496,0.7655642822741372,-22.79048359769456,1.0347226758212855,2.5346674754609744,0.019167598027871373,0.03534443720996787,0.7142612124645705,-0.698723331736385,-3.765906214858185,-0.33221031928332784,1.331295633950531,-0.004392421736878384,-0.03503617880480867,-0.09695015726055034,0.9946626763949662,4.609860645913004,18.469396022862735,-1.6975716696210712
0.005189809658244272,-0.014013192440431643,-0.6348443205692192,0.7724955565919748,-21.065121944701104,0.6620068127969034,2.6468655729711674,0.019572944937551847,0.02967919502955611,0.7147136897147058,-0.6985129826590628,-3.7698576328707376,-0.3108097940601037,1.3436121125588474,-0.009918914487694434,-0.029273650375597014,-0.10823784083804489,0.9936444224871345,4.282224050857324,16.738919661655743,-1.800592982220228
0.00582358904172091,-0.013769785609509167,-0.6338198277111985,0.7733362171882859,-20.997186021189748,0.6315336270096168,2.6497381543896346,0.014198339289864033,0.027993241469046595,0.7161598869164718,-0.6972300925557157,-3.7807699093278746,-0.29135083369259984,1.3519368249394181,-0.007159168143325837,-0.025217288401573935,-0.11155559148895434,0.9934123940663903,4.264072574836844,16.659023818593262,-1.798776874259867
0.007088624185618332,-0.013844861212373178,-0.6422137234483427,0.766367799845336,-22.862965784195865,1.1556955841925856,2.5087938178970823,0.012177412604296545,0.024634854474646636,0.7171518231387825,-0.6963749687747244,-3.79426664628079,-0.2768296486118498,1.3686399160851568,-0.00837674319206528,-0.022142265677622123,-0.10203728142823057,0.9944988403426582,4.728623703439832,18.483026582600733,-1.7277767485710989
0.013064733902037648,-0.0017734473473878646,-0.6401884401731871,0.7681047641312979,-22.49966619087303,1.2023360099044567,2.512367177101522,0.01223889038859903,0.021961091630295256,0.7201439975986956,-0.6933689802255588,-3.8056454747784434,-0.2719009706615142,1.3829769985029732,-0.005677331704717347,-0.03288245157511613,-0.10895060865499956,0.993486928528418,4.836483899263743,18.093463274160502,-1.466396134380015
0.011322491573194687,-0.00042174652500647,-0.6304714926642331,0.776129705817383,-20.644284876711197,0.7510224900757976,2.6491347889987846,0.013444230811047737,0.02869149271513933,0.7175323212885413,-0.6958041526248273,-3.83041939873078,-0.2768982955055955,1.3733950232437584,-0.000526152083212358,-0.03857532474545616,-0.11788293748667715,0.992277824268123,4.470396548732285,16.22124607664847,-1.508951894819694
0.0107014526128283,-0.0016382082778753566,-0.6296129384747462,0.7768335361522499,-20.550560416008352,0.7929349321933614,2.6505254620256213,0.019048284652632613,0.03590302781726985,0.7201770936298646,-0.6925987938598982,-3.845623672480835,-0.2682016655487408,1.3514952660758548,-0.000783948728681801,-0.04645604249388641,-0.12297313690570139,0.9913217586332747,4.513006471255218,16.096455842138287,-1.5508977551127259
0.009725598035006455,-0.004045452418941067,-0.6286777293344658,0.7775945985514868,-20.633120726982668,0.8097496307885876,2.6417314986286407,0.023247105911853742,0.03595339023871575,0.7212875274810059,-0.6913112385151878,-3.8557057310193255,-0.2612801220991039,1.3453472287556612,-0.0051150778475412915,-0.04679038564535268,-0.12581359239635959,0.9909366456833129,4.569740092730367,16.151762484661983,-1.5960623350855665
0.011439232834173182,-0.008885304760895415,-0.6343998825333873,0.7728693190657111,-22.29827624310019,1.3559759130212115,2.4636609494247104,0.023480402765954565,0.03277788447008199,0.7223370029874214,-0.6903647840748863,-3.8694064579315794,-0.255214079180313,1.3509630114141018,-0.011668424756760377,-0.04235786566658186,-0.11972118532581084,0.9918349141182975,5.173230185262777,17.721807959996625,-1.6224929985089627
0.010764946587719827,-0.009221485455207517,-0.6331348854064165,0.7739116855380636,-22.13096753976697,1.3655758315849198,2.469550327444776,0.018422341699609473,0.03127924409362462,0.7270269797524,-0.6856485958035192,-3.888566868674834,-0.24222932653503707,1.3637047433277365,-0.00853852412258676,-0.03737490777103389,-0.12804002945069035,0.9910277295480592,5.189236429401502,17.52382138973235,-1.6064318558789725
0.006416166759586115,-0.009744674989347496,-0.6256889599241812,0.7799853841851536,-20.38656422749682,0.9936174780375495,2.633036013572829,0.01811758615686683,0.024344582115804606,0.7243147850978509,-0.6888012677703994,-3.900159556352344,-0.24109864413445725,1.3837805435493644,-0.010376992104231627,-0.02825957183419816,-0.13364684821257794,0.9905716706011033,4.771205106110354,15.793998418155,-1.6346002310084886
0.005984177422153853,-0.008220149601829348,-0.6242746923793833,0.7811387374952864,-20.355048578533285,1.0353970015395362,2.627837292932117,0.013920701314563256,0.030951212335399176,0.7313919317644079,-0.6811123832964775,-3.9224678215966926,-0.21898700350511022,1.380003406239772,-0.0016399889332031992,-0.03164546585693098,-0.14581769884107726,0.9888038600408524,4.838996029111197,15.723867133802145,-1.5825292297190856
0.0062231689119078264,-0.007686002360775183,-0.623192088963457,0.7820062773339909,-20.403472662855222,1.0396629902586483,2.622120685801363,0.011063571403730477,0.033755003135176265,0.738060490475917,-0.6737988643130735,-3.943201565002981,-0.20135300337774337,1.3693228008854506,0.0025181698118637665,-0.03270560995526278,-0.15696671708984214,0.9870589909545885,4.877398582247369,15.740754338777487,-1.5779048665397741
0.006131238611472373,-0.008482944435550394,-0.6208031905932065,0.7838965787118142,-20.181081244921984,1.1607790507645177,2.6187671616884654,0.02259218355347177,0.02167913775737699,0.7290588834432409,-0.68373441678833,-3.9658139192880384,-0.21186979192432476,1.3800583453656365,-0.014628162358805126,-0.029689454459807852,-0.14671768874578803,0.9886245358926601,5.043400883268374,15.44101589302928,-1.5787952814116644
0.006602219442730198,-0.009383263987139298,-0.6199032757038258,0.7845943498566914,-20.116406082511503,1.193975146742332,2.613391397405108,0.01872591383877068,0.02291689237139536,0.7284613805255736,-0.6844473487988074,-3.9895326078037705,-0.20836845498486967,1.3732211485356898,-0.011840206575494712,-0.027975831330779466,-0.1469285171366596,0.9886805213119271,5.085749254748174,15.333629168142522,-1.611089365750703
0.007985467483529036,-0.009617705863454798,-0.6183453633189904,0.7858070651915134,-20.077914131405464,1.2339721456991128,2.606813665838894,0.015205692100706797,0.026496645344920054,0.7361643556417492,-0.676112975911402,-4.011789093419472,-0.18884258063366577,1.3743881107712916,-0.008043952915377784,-0.029599581114169587,-0.16005399609692547,0.986631581672088,5.1538079396396475,15.245867790834698,-1.6326136273319607
0.009170579613825931,-0.009443546442128211,-0.6186080610156075,0.7855894517791416,-20.279913294058076,1.274840867190278,2.5873379534116694,0.014790761418059458,0.02407392059038681,0.7334822309935827,-0.6791211206705019,-4.026324188936501,-0.19038862252567135,1.3808187530903138,-0.009881752633749751,-0.028375047672318056,-0.1557456550355078,0.9873401129155239,5.231137466309851,15.419714329816028,-1.6276841314701784
0.010868086302480432,-0.007313173969517086,-0.6156005870288842,0.7879494396446428,-19.984222979019307,1.3192698308880608,2.59652353296159,0.013778991637964073,0.02324376163090907,0.7366522460456557,-0.675731703659505,-4.045195085820498,-0.18672031827647767,1.3841373362815963,-0.009279451938315954,-0.029861520972665333,-0.16411050766745072,0.9859462067527088,5.320171960459185,15.064421314769664,-1.5967083521131409
0.01124639067260089,-0.0028879961147806076,-0.6139262060788889,0.7892780192459826,-19.838226938350033,1.338789326551023,2.5968337334866893,0.012148899129411925,0.02934139709731979,0.739159482288527,-0.6727813511158566,-4.082814160392814,-0.1875508948603444,1.378198179356073,-0.0012764580648115334,-0.036986933712492114,-0.16999915888826692,0.9847490154179582,5.369123792139939,14.866475402915306,-1.4860140269520061
0.01067729736796127,-0.004330168571102529,-0.6250448500175554,0.7805037991115699,-21.262192917597815,2.0469884754865006,2.357446274770272,0.020726051292528427,0.02570593574661224,0.7400549487011218,-0.6717352965031615,-4.104606025971522,-0.19432669451208534,1.3830577422407622,-0.010486279214171923,-0.038011351818438316,-0.1573867941422285,0.9867494981558436,5.9441321934775,16.228026604402622,-1.2938932106484493
0.014065714713375952,0.0019444099879933588,-0.6126711222163984,0.7902103966295937,-19.67530386461675,1.46572014137098,2.577128498438656,0.022137152607701525,0.024800869437634005,0.7409224711911114,-0.6707672882853019,-4.137615907357979,-0.20216742189646536,1.3759019157030017,-0.010292395894857205,-0.04488654972537254,-0.17421909431838323,0.9836294888906988,5.512216671728613,14.60672181464738,-1.3797414530769263
0.014971224112581605,-0.00038200535021524183,-0.6127718766514809,0.7901179302518743,-19.699494358423237,1.5287596782181936,2.554646905978572,0.025462983034428087,0.026965673346948698,0.7420415904364694,-0.6693271001673614,-4.133772236919068,-0.20137392000062665,1.3620084136221267,-0.013899063070079218,-0.04776264632986345,-0.1757421061984491,0.9831786499768367,5.572703396795566,14.61364739107312,-1.446976428883736
0.014170605929393208,-0.0037418392855643997,-0.6127527315233838,0.7901387742523378,-19.717501378474594,1.5952599901906979,2.535665607271045,0.024990555903252967,0.03212667638636315,0.742690943931325,-0.6683962227469645,-4.174306463053723,-0.20328780213245914,1.3520753787121604,-0.01231090812704631,-0.048720913541911014,-0.17671853574335497,0.9829777582679343,5.626195112645705,14.56995765640696,-1.5128881697355536
0.010424639356195281,-0.012988239199326042,-0.6295156870972418,0.7768092637419317,-21.01410052322808,2.642009211103982,2.265113183457588,0.02237418958285398,0.031250013816209884,0.7454267348682071,-0.6654786361865577,-4.203611170900178,-0.20363621934266124,1.3516715327301838,-0.014327259336907957,-0.037487612721624444,-0.15950878072890468,0.9863804323904163,6.258606087335393,15.817207762544378,-1.4732325919248037
0.012479940057629325,-0.007033769707070332,-0.6133778674180466,0.7896596538645971,-19.646851055390357,1.7587421381027752,2.5018627830463434,0.01849586276795436,0.029821800197979594,0.7469520000732791,-0.6639512579097572,-4.230041484771926,-0.20476721763590408,1.3529201142746166,-0.00985336463391851,-0.039545861224604406,-0.18208258126699317,0.9824382777887598,5.721938881202505,14.413872226694863,-1.5340008002628955
0.012135600652247447,-0.0063945054776127315,-0.6137190763719703,0.7894053032464637,-19.552640237196442,1.8213853013248809,2.493546496909003,0.017618642086803672,0.027142214384529025,0.7500287579121326,-0.6606131590833663,-4.2581764719004065,-0.2079273901179677,1.3533518347393718,-0.010063555241652556,-0.03711685974482233,-0.18620373167346205,0.9817582359672156,5.7439423147925925,14.286314234632716,-1.4990423639478114
0.010326456743684351,-0.00683457087588553,-0.6169936697914687,0.7868706783006464,-19.566250340053273,2.0288569703187704,2.460117290552927,0.1516417283132506,0.018330718453806447,0.7933892443417773,-0.5892387274763271,-3.8856624232459827,-0.011323971000315458,1.4074220660095298,-0.11951971562140867,-0.11215159717584446,-0.2595124704916848,0.9517301794563348,5.723884990449386,14.711041916329778,-1.404894756883089
0.008508006473899137,-0.013605112355480271,-0.6352935639195537,0.7721040100828559,-20.58007411831875,3.128530944879458,2.2062503384513814,0.01970719090166215,0.02966671516189307,0.7444383255683888,-0.6667406482757761,-4.334532920060779,-0.22959448852959774,1.333786052583323,-0.012169728730681952,-0.03268824594684024,-0.15068725062648333,0.9879659552728383,6.412479699043239,15.26000907231352,-1.4028672079666613
0.007406542311340294,-0.015575864959753112,-0.6363427250121775,0.7712136356975426,-20.487907581698096,3.251280241339714,2.1937904167141387,0.015188237112889231,0.02819907642797086,0.742967451394188,-0.66856076441176,-4.366246919546326,-0.24023280345895986,1.325883451099098,-0.010293182708391534,-0.026501844128708135,-0.14710742314969363,0.9887118431078725,6.472582295699066,15.129291216496622,-1.4359993246430833
0.007546077038393695,-0.01628125252575311,-0.6401618058323468,0.7680304941153,-20.571924599129716,3.5138907887625237,2.1597547854313,0.02006133315753306,0.023167705064885143,0.7480050854025,-0.6629850620986627,-4.389832040977207,-0.23654147019289876,1.3334502137216413,-0.017758031746150045,-0.02548628001275906,-0.14957155183112525,0.988262845968846,6.586582664805559,15.205421850100311,-1.4215189393855172
0.007066251894832704,-0.011978954906068486,-0.6177402498318537,0.7862592170914094,-19.01388202383754,2.3386254231884323,2.4389293699440984,0.01748250988204216,0.024215240467418343,0.7452583112565154,-0.666106623207138,-4.4303149149597845,-0.2511050888454086,1.3340689023702024,-0.012421348728878475,-0.027126027785837444,-0.17410481131842534,0.9842750649021303,5.954071820067916,13.52252123386238,-1.5160140626398644
0.009647463743801717,-0.011776314855495972,-0.6198248433487674,0.784592511065083,-19.10606145182402,2.4854911518253857,2.4009045327597853,0.013906071089739692,0.021949868460407387,0.7455827258456129,-0.6659063172714639,-4.460175093231571,-0.26442856591322544,1.3302169497996932,-0.012510049438372198,-0.02519209060684188,-0.1718578214585103,0.984720136098293,6.056698573790352,13.573248940569695,-1.5145075657409297
0.015021689059588735,-0.013187075193125843,-0.6412059417597908,0.7671084604914663,-20.07391229713403,3.78408472907563,2.1658685722940203,0.01865661037476814,0.02627006825769163,0.7452545575379478,-0.666001095248332,-4.471485355339018,-0.2697098887295062,1.3184517268897968,-0.017299309059748975,-0.03452709675539478,-0.14400656989462296,0.9888228968439615,6.755981245185279,14.590259777898945,-1.4380993065155612
0.01627617632589353,-0.012131031347656506,-0.6432094814595126,0.7654211175054131,-20.118776470977878,3.944047425874487,2.1556547917159636,0.0173662106489923,0.029570552851916426,0.7479009401936296,-0.6629239630524845,-4.518640458929751,-0.2844094848591714,1.3094722653178135,-0.014135081459166872,-0.03793505315561244,-0.14536822932623847,0.9885490423427548,6.854649259979276,14.592824210330075,-1.4224561143963244
0.010875310692199708,-0.01022528712823586,-0.6244160873406717,0.7809492435431766,-18.852021475979654,2.94612912589389,2.3337348334923913,0.01165312713986069,0.0361974877507791,0.7494334877714033,-0.6609866821012239,-4.541950825743405,-0.30040857731133913,1.2927996097455061,-0.0013498152791181746,-0.03693634414131745,-0.1720259820425496,0.9843987738627487,6.312715741850773,13.20794189812898,-1.4496778922787028
0.012436720425619378,-0.011612603007041747,-0.6481549252851044,0.7613183751001394,-19.82514284861486,4.300561544509264,2.1585071714558914,0.01464454975949471,0.03712905377892968,0.7490682979565709,-0.6612893886372812,-4.570807960618179,-0.3119428011352242,1.2896253907005013,-0.004006689765223603,-0.03939562980554606,-0.14102966015120397,0.9892131043142249,6.985460122964429,14.285025329074632,-1.366119680277182
0.011690017761049207,-0.012712481124354628,-0.649838114359181,0.7598764119477016,-19.710961497256335,4.50597696239015,2.156009822763342,0.015871740811715034,0.03007720165554097,0.7512226077358856,-0.6591722410801849,-4.581933447901655,-0.32115117774529345,1.2910996605946896,-0.009770887877181217,-0.03357110915062632,-0.14192772133184212,0.9892593352089427,7.111581518824712,14.158257132339232,-1.3805392655577593
0.010023272094255487,-0.01381179938703945,-0.6291090448254324,0.7771297047038215,-18.711787697423688,3.3975412667838327,2.2704753338102073,0.01264586570184582,0.033040889609361156,0.7492391754156406,-0.6613539443573039,-4.618404724198008,-0.3333090444225034,1.2813815677716618,-0.006018427094925916,-0.03200802539352957,-0.16568643093019572,0.9856405386606842,6.572593011386004,12.9670688410643,-1.4755137852394193
0.013295327866697964,-0.014338103153073913,-0.6543907612567132,0.7559036874078259,-19.726057966655958,4.8873721448350125,2.140451449020588,0.009554814113078978,0.030314834025874506,0.7518526385299108,-0.6585645953897457,-4.647530338921865,-0.34618514576237186,1.2773215932314639,-0.0069207448092684035,-0.029721237139475467,-0.13682955137028752,0.990124449362801,7.334184413544141,14.128682154267974,-1.444711062481297
0.014310728421620473,-0.013784137972034378,-0.6570066016648235,0.7536229335425312,-19.527389257078767,5.047147648863074,2.141831422282831,0.014231275654325316,0.029435888001437583,0.7538947788790218,-0.6561811195620981,-4.655662597936096,-0.35452960169655734,1.284394578183421,-0.01116766240976703,-0.03327749467440375,-0.13641965253491783,0.9900290753643293,7.376647545318252,13.951025784301375,-1.4267163148278381
0.012434278082598822,-0.013528179220229673,-0.631273223393306,0.7753428238670782,-18.21570272455574,3.608822578955369,2.2703507855866265,0.013403276278180942,0.031148762368309362,0.750453720384525,-0.6600525133267495,-4.670027193203113,-0.37401818295008704,1.2766123761648362,-0.009088303379313717,-0.033014140347102615,-0.16461679475101623,0.985763044633308,6.639576644258702,12.412018202642717,-1.4811104901462762
0.011267963829787349,-0.013179938550523776,-0.6328233553410743,0.7741020108136908,-18.033882180038745,3.6671208978078766,2.2736914912382185,0.006663915592742112,0.03376359655065902,0.7473408234864991,-0.6635490225502999,-4.67854474210539,-0.3897045539135755,1.2609195364053158,-0.0011189105179014362,-0.030029023432372407,-0.1581404383577729,0.9869592734996527,6.623611760066876,12.239666028800034,-1.4720464036970902
0.009849746665739066,-0.013391751230039814,-0.6370373146413473,0.7706536856748006,-17.993162135057446,3.849023580979633,2.2632962070289167,-0.07937691744853854,0.06416662343009076,-0.6611460184607915,0.743281838663768,-3.994761115439537,-0.4859216392485139,1.3457966058293613,-0.1182236882867693,0.00232591119407248,-0.03558537842528304,0.9923464266612337,6.8818884257808435,12.895618788999569,-1.3897533703952685
0.009042691208118337,-0.014107304792825287,-0.6434038490495658,0.7653435181115735,-17.95935947762007,4.153794301512448,2.251531071522633,-0.08686037685888079,0.22383593066335067,0.9381050111965981,-0.24962319412233241,-3.319667804200195,0.33387510708523305,0.894356326227471,0.1950035269706049,-0.12038656130696423,-0.5565653523254431,0.7985710418720207,6.262629284637958,13.714099577879576,-1.8593615692537762
0.010384827717901503,-0.01567706862827649,-0.6686890099740826,0.7433043742723265,-18.748578867582523,5.517457810898918,2.155442718571524,0.01613330444595259,0.03291933093199397,0.7563956339542944,-0.6530862723052179,-4.758235649952838,-0.4068279737154878,1.2531473056746367,-0.008619415642665856,-0.03287380609151801,-0.12492578604195889,0.9915838676223181,7.354682134267087,13.245124079168804,-1.4547650148087128
0.011486352098256538,-0.016560274389248755,-0.6699193774485998,0.7421602581292723,-18.613682529353923,5.571924845612443,2.1591695045594124,0.0201836378645497,0.027786577686369284,0.7517795283820953,-0.6585196030253211,-4.7695404613955015,-0.4212224972425001,1.2602951387682906,-0.016378390356642777,-0.03187344282757154,-0.1161324333478149,0.992587069176482,7.363723996209665,13.113520348098145,-1.482299829360992
0.011732759067395078,-0.017066754005340263,-0.6769490421155618,0.735738447174817,-18.70573784624696,5.947654369560496,2.134407976490941,-0.035626246050373726,0.2470119490333717,0.9213051013654661,-0.29818245727249226,-4.033108046963432,0.21382576447914248,0.9103187972556037,0.17420391077883743,-0.16333947881236957,-0.47369514851928635,0.8476945902858845,6.918875348069643,14.083249487905501,-1.858089824867675
0.01576110238052453,-0.011325873048867759,-0.6875117863710853,0.7259138074539365,-18.454249635469864,6.323793977775267,2.128982239246573,0.15578188552021763,0.25513351634267756,0.8005900677335007,-0.519321130350822,-3.870066185059521,0.21573341350902883,1.0915372622332193,0.04507062295839317,-0.29904324148411576,-0.2183344349199903,0.9278318022125474,6.897715454986551,14.181277787785941,-1.5478968505641368
0.016765932310283175,-0.007988274922382663,-0.6614142121011595,0.7497908581785551,-17.072416344186877,4.740255680097448,2.271873209062392,-0.15023104450660796,0.27155893742564263,0.8134862180696313,-0.4918602949837257,-3.06024660674324,0.2313413754337929,0.9467944025441294,0.2775099564547571,-0.1139572004107262,-0.2812682882146158,0.9115317496323693,6.237473716051259,13.285464028376659,-1.737069369223666
-0.019504183533487277,0.02788744358355584,0.8191853984839614,-0.5725182619146217,-10.390350083072462,8.39195698184426,1.9668127303777538,0.016306382447052462,0.03546792365611982,0.725851432550258,-0.6867429112468161,-3.9744403069600853,-0.5567456619562086,1.3090179227258547,-0.013917397219632109,-0.028669619772745174,0.14815308104693156,0.9884508199870231,6.1985569045730315,9.03480372630231,-1.275180457548458
-0.01824732878169852,0.029151491182634947,0.8206302139734981,-0.5704237700762232,-10.363691886286688,8.405520953764835,1.9717320662293005,0.015678631226718514,0.031392629318836504,0.7249771122625218,-0.6878785285519541,-3.92961923582473,-0.5820712048033001,1.320894932797538,-0.01686783338696362,-0.023949671333904087,0.15197961358606862,0.9879494351909195,6.179008719573937,9.095627716197605,-1.2988842697480518
-0.012547041659698685,0.027913450740830972,0.7702345074223917,-0.6370260705725587,-8.247021103966517,6.205811685905019,2.334278092959977,0.012544196522522807,0.02719651044137999,0.7206819162925595,-0.6926186313421698,-3.9116903536215766,-0.6189855713976993,1.338734194641877,-0.015850323387782125,-0.016695909188255687,0.07507698863607781,0.9969119618312433,5.8705285881027525,5.467709168546176,-1.4160185437048325
-0.01431857082869401,0.02756841101096157,0.7729432545964044,-0.6337141993183303,-8.126934444251333,6.193312742521925,2.3409609405216223,0.010972228169883379,0.02188615218945228,0.7162209008289638,-0.6974440678413399,-3.8818624274794327,-0.6539546572472388,1.3545094420660944,-0.019767977538640926,-0.0133783101408054,0.08582119830854643,0.9960245829309101,5.866957164374456,5.432612866852265,-1.394390512242904
-0.021760195358628765,0.029125869388663007,0.8234548632245806,-0.5662157414467529,-9.868838212842434,8.170041722084136,2.0258023259299804,0.009960982818658296,0.023217387628873352,0.7144148790293373,-0.6992661241290573,-3.8506203569317576,-0.6875336919853583,1.3598305159255193,-0.022545716442484404,-0.016527543630749843,0.1720964773471673,0.9846833671065662,6.1192383454329775,8.719106373421614,-1.2849953111168801
-0.02346051665033955,0.028004536656034428,0.8233125540831568,-0.5664113243697101,-9.698624867998774,8.063497215013228,2.0439232552145263,0.0132995183283789,0.0220502061985486,0.7130291071043583,-0.7006614044178515,-3.813522562713634,-0.7156112584495439,1.3638019166553552,-0.02578471451778781,-0.02054548015446875,0.17388532562782083,0.9842138615533542,6.101732796048989,8.563950389626314,-1.2638632747656517
-0.02507315831989661,0.026749359673703,0.8260249816044012,-0.5624398085612017,-9.655589089379419,8.100943099557753,2.050015574602938,0.010334248023138884,0.027073400166405345,0.7079165092566179,-0.7057013888629884,-3.775921983967427,-0.7593182344125746,1.3601498110983792,-0.02007956357992484,-0.02263614748083436,0.18572180097610244,0.9821363594714629,6.100124709551974,8.647328694117308,-1.250126366483832
-0.026337376790882747,0.026267017069824154,0.8285179574703331,-0.5587256755754256,-9.623613496766211,8.14344367624608,2.0477571342177754,-0.011289781539795849,-0.02930737665904882,-0.7040252585161603,0.709480129304128,-3.745681600142819,-0.797739355612421,1.3636163016352023,-0.01920469194371093,-0.025634822401514618,0.1955284677164806,0.9801748078787962,6.100251694849476,8.73034034635382,-1.2373248424146805
-0.02724745525082448,0.025778372958568774,0.8287107812216469,-0.5584187431999135,-9.425182879958925,8.001423828367308,2.063265490748435,-0.011850813264172531,-0.02877296482677574,-0.7017769985651061,0.7117167407086935,-3.7100508084053514,-0.8397627985485483,1.3690840471531949,-0.02025638933569486,-0.026662997356582653,0.199011391411629,0.979424948299486,6.064284321314027,8.546259167769545,-1.2235658345458507
-0.018687760508113112,0.02339536172108864,0.7731911710502029,-0.6334657351957932,-7.124860439816871,5.7950857305938825,2.420563562788974,-0.012499368090746315,-0.028359696230926434,-0.6988556725449704,0.7145909615848347,-3.6843340816676067,-0.8775248703707575,1.3754562753038693,-0.015694540659053322,-0.02397123028368383,0.11063670645423322,0.993447824848969,5.864514233890179,4.6148603331298315,-1.3280587343127266
-0.027065150068761396,0.025144924805519723,0.8298872640710765,-0.5567066905839227,-9.129729728733196,7.809179591090981,2.0863316035256716,-0.012268499487889386,-0.029571592063810603,-0.6978148780443066,0.7155622969687103,-3.654242549507143,-0.9037868247984839,1.3765818092714222,-0.019202171703874466,-0.027537878870944114,0.20646667558158738,0.9778775248994281,6.001205301988946,8.302192247981584,-1.2081503158402211
-0.026417647053122884,0.02539272892219668,0.8325307692629613,-0.5527656243585362,-8.901803126959521,7.702175927134533,2.093217645414157,-0.014556269857517512,-0.029965835210277143,-0.693282792600153,0.7198952237739314,-3.638124786293459,-0.9300956262306598,1.3800305400659294,-0.019721005712710685,-0.028717422004750845,0.21727327900143703,0.9754889614132207,5.928277999957087,8.132546914681956,-1.2034360506448853
-0.01846322086257912,0.022902894597942126,0.7806737762917387,-0.6242459626660082,-6.690007654321448,5.6949799228129905,2.4514848564712963,-0.012769825792692112,-0.028183926731806457,-0.689298911398741,0.7238160046363379,-3.6215464988937582,-0.9629368373079654,1.3843221090616176,-0.01511997475429919,-0.023711966977574044,0.1355849432072982,0.990366524152022,5.82020296041851,4.387343691009185,-1.3261216433738827
-0.02646091082544518,0.02708158363266208,0.8342994355336434,-0.5500098725427379,-8.662345099028244,7.569781460257502,2.1068356277625924,-0.01484179526317358,-0.029462207820453522,-0.6857707216073571,0.7270696093290073,-3.6022564301592026,-0.9900421302314537,1.391465748928284,-0.02139351181321103,-0.027042928057869932,0.2305946336455897,0.972438744923407,5.886745824242983,7.951862883714648,-1.2251251283075941
-0.021812846113294367,0.023950038584513486,0.7854170884240241,-0.6181185910549583,-6.49821983681511,5.641070153705073,2.4593107586196084,-0.013005926324178433,-0.029513740045215953,-0.6819146148479275,0.730720359019643,-3.587300128302895,-1.021312518694154,1.3975830650827246,-0.01712958116014693,-0.025831785962379034,0.1533714269909056,0.9876823890634302,5.797028057656493,4.31851474317961,-1.3164187137066972
-0.024465455797573542,0.023204499287146567,0.7895875042620789,-0.6127108337532733,-6.448821321970968,5.629107953397806,2.4548675517365055,-0.012944452516349233,-0.03018446647414041,-0.6784961993505884,0.7338693661678012,-3.562612746130526,-1.050889189999791,1.4016626157639893,-0.017796541856307108,-0.028285775166125487,0.16477095555378643,0.9857655554071162,5.766039089203602,4.376451621023344,-1.2889014108263246
-0.024445172027400576,0.023449102532113998,0.7924010432758011,-0.6090592415934687,-6.4059302295264615,5.634587164431991,2.449165568250965,-0.013471118231930609,-0.031127252410117396,-0.6723660944633151,0.7394413148770677,-3.5445315967218303,-1.0782763236757524,1.4005735007521891,-0.017381593404193898,-0.028729738522381698,0.1775000824553778,0.9835477634886376,5.762791524820196,4.413624654874171,-1.288345806511222
-0.026915770630619167,0.02838436405921109,0.8403820710082216,-0.5405810243582793,-8.140678375543416,7.213187034248449,2.1256031665950346,-0.010807680646621305,-0.03404237824477439,-0.665393337647805,0.7456379930880631,-3.5292137640192243,-1.1033822246589062,1.3912881582551317,-0.016190010677301334,-0.024230358950834578,0.268144834773602,0.9629377554357396,5.670151258171158,7.5689818781942435,-1.2369505527882623
-0.019114885982112636,0.02623766605078582,0.7948970716285993,-0.605875277206766,-6.103738875031468,5.500802189912179,2.465721108135675,-0.012916101083655684,-0.03188303550379209,-0.6611174419546992,0.7494934117943503,-3.526013171956659,-1.1248344708020956,1.3942227056429666,-0.01415447454104628,-0.02255634058013586,0.19616373376505536,0.9802094938866142,5.703712453776454,4.162982686996212,-1.3524345378032656
-0.022458851088636083,0.03294224738799198,0.8451022813675911,-0.5331158808102604,-7.840736083048682,7.0573704292733055,2.1246086091441327,-0.011972661009615632,-0.02627113296326342,-0.6586882058884637,0.7518619091193623,-3.500760477813521,-1.1342971065091696,1.4007279646795665,-0.02276564580447842,-0.014149040640932519,0.28522749743263004,0.958084967384608,5.526833563076407,7.364121062793444,-1.298707125118418
-0.017343266591674327,0.028783637758432196,0.7979224673356864,-0.6018226062738519,-5.864288138902566,5.404332343145256,2.473105407106626,-0.008483983431021889,-0.024607983226617294,-0.6531638818283455,0.7567690616440315,-3.4971577448638707,-1.1533859784654992,1.4142423856303088,-0.01739587048356629,-0.011124630386153543,0.21142522990364634,0.9771760324778135,5.646301328971768,3.9968898596138676,-1.3683272776600661
-0.024018631344310627,0.032837495338108036,0.847199821759281,-0.5297143251407389,-7.710335984198991,6.9466560035011184,2.1299510970908315,-0.009230567468336514,-0.020534674972639666,-0.6496692065930494,0.759883573814264,-3.4900373751181917,-1.1696485446415696,1.4327343532147923,-0.0270774638073045,-0.00934913846530642,0.3004304664622462,0.9533734522132437,5.454672356473688,7.268703128277872,-1.2585449425576176
-0.019755502566404074,0.028339268301129237,0.806218888880205,-0.5906079149514278,-5.677931759931653,5.346995568514217,2.452253382355316,-0.007890113658445445,-0.021169653052712605,-0.6454349417558125,0.7634810592652286,-3.477223364574485,-1.18205077729075,1.4379127362894608,-0.020966695425463665,-0.009978520383514291,0.23497568327780352,0.9717238574214492,5.559700373022417,3.986955648998109,-1.3016785273109823
-0.02063784999974962,0.02778511465399298,0.8088938823027045,-0.5869350506864542,-5.605454967158153,5.322368012385482,2.4487139867209606,-0.006683210676642569,-0.024507809386654283,-0.640844186651539,0.7672505655970848,-3.4763047677570706,-1.1990240510883257,1.4340971411303989,-0.017738724802211593,-0.011698001838916228,0.2451818557991826,0.9692442168938832,5.5401777876460985,3.9672542121479113,-1.287868959938242
-0.023568598019213332,0.026547602049363034,0.8128077215484903,-0.5814493561815933,-5.519529781154347,5.265195837927649,2.4465188990723767,-0.011170332228041676,-0.025287819266417162,-0.6316757448894231,0.7747396357442006,-3.4683917634561348,-1.2204146607715958,1.4337557212237146,-0.02096985106542897,-0.018103150687089436,0.2633194469228894,0.9643108472654022,5.483987888200522,3.9558457755947454,-1.2542571525289874
-0.03253654841578658,0.028989768445455373,0.852455897736771,-0.5209797584901564,-7.11963904514414,6.497079184753602,2.172970522555403,-0.011942652208901354,-0.026397125728797124,-0.6266723786729888,0.7787440494923947,-3.462836114574423,-1.2348660283222923,1.4308968804238267,-0.027224225171420865,-0.02174709901358914,0.3385664194051756,0.9402971258594103,5.2370361589486425,6.70107062598365,-1.1725879399092005
-0.025197419115037416,0.02602855740451821,0.8153818681315291,-0.5777889003708175,-5.258509149673728,5.114989349762368,2.4680654613152235,-0.013296137893576084,-0.030378386367347722,-0.6208387288045549,0.7832366431514651,-3.456531538891442,-1.2422943471236447,1.4288810379391617,-0.018807453921058655,-0.023650737933773522,0.28103476708006725,0.9592217584919805,5.413307569640692,3.7251968592015454,-1.2494371112250924
-0.02404508438673074,0.02680716061916509,0.8201739062421436,-0.570979836400443,-5.228710828479052,5.098996181853295,2.4666817171406663,-0.019449133797836644,-0.030612574859237147,-0.6156597765292895,0.7871770074252085,-3.4492112005486995,-1.2423216975542546,1.4373807645724412,-0.021429256218601776,-0.027132445831322603,0.29535018060231494,0.9547632628978284,5.339432455576148,3.788307150655111,-1.2560182359708876
-0.022382421619620216,0.027632849333462606,0.8236437743006527,-0.5659915069114829,-5.165126123950813,5.064971037309078,2.4729525440256097,-0.019149810324173556,-0.03357860579818565,-0.6084193072477772,0.7926737718414386,-3.447553186030285,-1.2368041224883621,1.4447092122303087,-0.017736138003993887,-0.026491890296700682,0.30980139102123333,0.95026665061893,5.273592844842103,3.781048478536411,-1.2698827587168038
-0.02876601286914869,0.033800516119305485,0.8645126890473949,-0.5006474329203365,-6.896024203964089,6.323732558138204,2.143980765248095,-0.0210365593539806,-0.030905638310792186,-0.6039401980881,0.7961523358154868,-3.455460441371384,-1.2329966562677206,1.4588076165738844,-0.02712920169370197,-0.024121792628721835,0.38752276546992065,0.9211450764013149,4.8568018827041675,6.663100430120753,-1.1940124782732011
-0.02922088677503932,0.03422039132327385,0.8671822276182362,-0.4959537162849331,-6.843528784109367,6.287700683509172,2.1434786541131956,-0.02400917495852851,-0.029052320190709337,-0.5988033027233629,0.8000088292368652,-3.454947889440936,-1.2215643687466213,1.471035791872675,-0.03058203456818428,-0.025349884299934105,0.39844525326381297,0.9163315462643346,4.76966006165484,6.6461285291696335,-1.1844998850707287
-0.03267008446302539,0.03331151268570522,0.8718636502370752,-0.48752106015950925,-6.666383980169712,6.135128123979257,2.1624595462020224,-0.023172573890799988,-0.02726973506887062,-0.5898254948269684,0.8067374287961796,-3.458007803195212,-1.2200230677293527,1.4781930036984596,-0.03352578642325988,-0.025893899649931638,0.41747550694306707,0.9077002416592443,4.6089926666135135,6.501456325127009,-1.161206139593113
-0.03012103177573209,0.024185721972836968,0.8366131602039135,-0.5464304113709619,-4.546240156603744,4.644173538487166,2.536644240042296,-0.021229824705253825,-0.03036243818225134,-0.5820197576119553,0.8123302398901162,-3.4666027596533495,-1.2140623328120785,1.4706565021925966,-0.024743799496294978,-0.03223635260441383,0.36300088014887466,0.9309022091328356,4.957331279557419,3.2603180723833933,-1.1899861098049906
-0.03210178432805418,0.02254413360612798,0.8395345324142143,-0.541888370761867,-4.3213066336137445,4.526708726167442,2.556656387621466,-0.021732538480310457,-0.03372348701763912,-0.5793734221161265,0.8140742355215657,-3.478040417782147,-1.2072904799715185,1.4641360083667867,-0.022659285336648953,-0.03676590427891272,0.37106023825395207,0.9276039697292733,4.9113868340187175,3.047348188251691,-1.1727719181659717
-0.038793579676034806,0.02952632962208985,0.8852516064788208,-0.4625503726748404,-6.353539141173087,5.840355454278949,2.2028187284578067,-0.02570079401696643,-0.035579173973730824,-0.5705206205530963,0.8201096347988813,-3.472766672469628,-1.1962608451907055,1.4540576042212474,-0.029051759292456653,-0.03712653911923685,0.46424793967500455,0.8844498097023676,4.170308193499996,6.299925199085459,-1.1370726629044696
-0.031267594581356827,0.023697102243462925,0.8497865443813706,-0.5256649254636719,-4.131057595633251,4.37937695766891,2.5808184110568853,-0.029179018260228718,-0.03619584749794397,-0.5628156940893297,0.8252738575794225,-3.4899476542260266,-1.1902479130548371,1.4472348943558808,-0.023721071737079547,-0.041864118537795286,0.40727736498161915,0.9120361036210829,4.730639870385897,2.974234417106676,-1.2213643173538928
-0.030968651173451985,0.024571386526969188,0.8528933683216813,-0.520586296286731,-4.156672901928573,4.365938302083464,2.5813384146034366,-0.025743858205446397,-0.03632474756887754,-0.5534831716632914,0.8316694927459456,-3.4969125738342495,-1.1747969747998244,1.4363286264035686,-0.021776294847411854,-0.03757228644353863,0.4229471313323335,0.9051131644009346,4.658958185651223,3.030812829564368,-1.2467400413081504
-0.03678039881367761,0.0318249322215762,0.8989101679212361,-0.43542494871104265,-6.1469955419106554,5.6171073790425226,2.251325134606688,-0.02259021000359725,-0.03616287094997306,-0.5425704107710716,0.8389274572526277,-3.5152089034013096,-1.1670769819701372,1.4364167159459522,-0.025452521635751978,-0.029309932323122415,0.5199207449085951,0.8533320080855324,3.7312300917121615,6.1792645990498976,-1.2288796130132429
-0.03334787670167029,0.025150791947567166,0.86388238009074,-0.5019587534376291,-4.164802157823601,4.333440795169793,2.5793836165443267,-0.025459389494395687,-0.03265539581067877,-0.5366796866739043,0.842769457516479,-3.5315941801861577,-1.147117653821955,1.4431242697092008,-0.026171633457369555,-0.035086388499947815,0.4603919302304118,0.8866359238847248,4.4863671358871615,3.1725154052031184,-1.2394411986089782
-0.036593023830936544,0.023166887475326785,0.8747707805604783,-0.4825974796963052,-3.910399870686433,4.157991615011554,2.5997436627775414,-0.01748706044510554,-0.035807227040293176,-0.5258297186232952,0.8496559022458565,-3.55062753031498,-1.138139168202851,1.4337309457772842,-0.020389411951868504,-0.03213546378435201,0.49120547533241676,0.8702119080149824,4.337981698123658,3.03821619757038,-1.2203197079368444
-0.035220397780508415,0.022697107177597205,0.8793920821638211,-0.4742509153744784,-3.759856621743779,4.05129213572792,2.6142781471190375,-0.023806044830401284,-0.03637694053889022,-0.5155554306974188,0.8557526443458774,-3.566060293117844,-1.1180229970657285,1.4320004902045935,-0.021142010471134835,-0.03692160254141735,0.5098610034607907,0.8592040315367285,4.261659685326585,2.9133321687952622,-1.2279693880069737
-0.03471456813689892,0.02341164686002031,0.8843113519650603,-0.4650163721161841,-3.8233272432526064,4.042528525096316,2.601732583322679,-0.02205341608284564,-0.037431857446457543,-0.5018915484188067,0.8638387445078841,-3.593437059802218,-1.1021590479770593,1.4209676247691592,-0.018891679723695338,-0.03410757346748758,0.532330358549284,0.8456383193991199,4.15642443621177,3.0157549715803067,-1.2426678823324833
-0.03775037270759693,0.027508101868783014,0.9191024723121572,-0.39124015525210915,-5.700763796217643,5.143482031148494,2.3335204967119196,-0.018624929155023978,-0.04085442108018894,-0.49259588382227987,0.8690991448238342,-3.6223254753334957,-1.079933636013155,1.4119144517961366,-0.01609661514376753,-0.027790518877802425,0.6081224886998143,0.7931933085818109,3.096568568713235,5.72540392846448,-1.2374082096054109
-0.03464827201426941,0.025942937456364105,0.8948241587889838,-0.4443154128433403,-3.804327124839233,4.001884448607143,2.5858181573462815,-0.01865163907965131,-0.038330698854848244,-0.48033258526983935,0.8760499308903196,-3.6473532289879658,-1.0539206536634536,1.4141566343405398,-0.016802829880775617,-0.027636243041757377,0.5723034423263219,0.8194038521266402,3.9803281052322474,3.0868689122412727,-1.2596925235758605
-0.03493846381011681,0.02938289436459553,0.9051866229760517,-0.4225554719212136,-3.651098336500013,3.8355719166663107,2.592605210824665,-0.014680324698076543,-0.04090436802845083,-0.461575301939859,0.886035869128378,-3.67581864290935,-1.034515735809339,1.4135083515337639,-0.013696315256321766,-0.02066523171017266,0.6088471328854728,0.7929000743624028,3.7966669592883773,3.006143875455808,-1.2872658001523667
-0.03790660585998261,0.029354857143673915,0.9346318229409737,-0.3523701706164737,-5.397632095282461,4.7986684629986485,2.3915935946501605,-0.014881624551498444,-0.03922089807678022,-0.4508125097857247,0.8916324015116627,-3.716831139150246,-0.9989789224313204,1.4182046687763816,-0.01561903595481197,-0.01864414478408777,0.676418714916493,0.7361155912571289,2.6219115262503996,5.37187090971558,-1.2860310800281751
-0.03843185061603111,0.028898475505654705,0.9400895307749193,-0.33751969586835723,-5.315283628234511,4.658977985715353,2.409118954557634,-0.012533546657588516,-0.04038488054591631,-0.4354586496826597,0.8992150666264599,-3.742702806853725,-0.9667967519347838,1.4174085348162488,-0.013407505687061862,-0.016162885792657736,0.7002810651338399,0.7135582875484803,2.4252724595681387,5.249457785647923,-1.291157561547577
-0.035647259454462635,0.03144904369466871,0.9172522493764481,-0.3954599114422642,-3.62259839137414,3.7110601418429496,2.579282664434068,-0.011313626628445215,-0.0414603184495907,-0.41999266237643595,0.906509353176526,-3.7855161114635316,-0.9366518227830292,1.4184832110702361,-0.01196745712792234,-0.01323607848301877,0.6672412316791918,0.7446279103978832,3.5407942667913215,2.967295280184125,-1.277950993204003
-0.03927535702482391,0.028271494274536343,0.9477632536373042,-0.3152823877048769,-5.1614967229568265,4.434855237053455,2.4353273757236664,-0.010553182482804029,-0.04710972180851319,-0.4035854476853866,0.9136673852486994,-3.820023910714843,-0.9029993762376632,1.4094512997944548,-0.0059729457829826105,-0.01487500443900885,0.7408455955779155,0.6714840740288758,2.1893395420748227,4.986461988532724,-1.2987117109687876
-0.03950842978050746,0.027353991558879985,0.9530793996768905,-0.29888208550131173,-5.186037428499731,4.3540077421639864,2.4403315902866254,-0.0036519569993200356,-0.04529683797764108,-0.3895401879790364,0.9198876570693616,-3.8788285117785777,-0.8774985004038036,1.4000642932589353,-0.004918817296229837,-0.00724654034279238,0.7621888947435526,0.6472954361179046,1.983535492505742,4.952116242005071,-1.304507739680347
-0.03605054278694171,0.03252715956423833,0.934994584552034,-0.3513224574572749,-3.3601718821473696,3.345822649424804,2.599151914971067,-0.004111777931057111,-0.04851965135660201,-0.3682606576832113,0.9284465653537678,-3.9085711887430596,-0.8355567608549326,1.3856001762681593,-0.0015284244678502046,-0.003966800266415453,0.7405971756337058,0.6719358242106686,3.2225173335593644,2.676787036350797,-1.306742741180749
-0.03647988528902457,0.032087605294101144,0.9387652550894032,-0.341114935751452,-3.290320550071101,3.2507432003181975,2.6067304987409017,-0.0008727016140289953,-0.048109542031377184,-0.352160971306421,0.9347017495682471,-3.9517891492962818,-0.7995990542586329,1.3737148457382529,-0.0005319399086474805,-8.459632105389633e-05,0.7591211927441309,0.6509490952525582,3.166770566036867,2.572348968312549,-1.3106203320660355
-0.03652215999890396,0.031935814540728684,0.9391156280949811,-0.34015889323432924,-3.1995607258033942,3.1820511740896222,2.6173063906699596,0.00012184517156318495,-0.05174166261885935,-0.3380436107453018,0.9397070302692586,-4.018406869745988,-0.7565611349831702,1.3628883501629847,0.003517022136664588,0.00017826661733846258,0.7693908435164994,0.6387686033997545,3.2115183002042578,2.391459946974737,-1.312939480116073
-0.03962008729337323,0.03197474054176732,0.9507381437455708,-0.30578562209067106,-3.2420543358450686,3.0184628825654727,2.6095327563176482,-0.00011078884277662209,-0.05413880784434555,-0.31494889193128206,0.9475632816241262,-4.071088375280293,-0.71403026397728,1.3490199261677156,0.003825003001959127,0.0011595872709087946,0.8067262393440633,0.5909118373016242,2.9214007009507705,2.43973116724934,-1.3118021567828055
-0.04072850246901725,0.03360770563607846,0.9558662646253789,-0.2890179844916833,-3.2455864511277923,2.8967728804836383,2.6121135780294154,0.008426722769239132,-0.06062523963851977,-0.29545077843302797,0.9533952004208225,-4.158714880014529,-0.6718149852610258,1.3241872890019613,0.011625314220109912,0.010541192938526333,0.8281136928428003,0.5603404742181103,2.8143135096193572,2.3492527807368075,-1.337171586193637
-0.04587090360260581,0.029240394147614854,0.9750511225061314,-0.21521191428985925,-4.9461068127441195,3.627692828116011,2.461212255047691,0.008177984314879184,-0.06370164310437619,-0.27824988917820753,0.9583591291424438,-4.20885149941757,-0.6195852136521918,1.3065511286943887,0.011775422613173325,0.009523825057318944,0.8772493777788236,0.47979596222271986,1.2168099996626722,4.065378982251113,-1.381385403577825
-0.04484016345903697,0.03016758302941655,0.978226512073094,-0.20038005827037544,-4.91805128644819,3.4749276010485346,2.463772907642806,0.007543304689769075,-0.059528455213143566,-0.2600466807786864,0.9637298300822082,-4.282485416218931,-0.5757217272656621,1.3055132736083845,0.00868505800038858,0.012863609305656486,0.8930796036063398,0.44963086965365756,1.104588453658021,3.876259553537131,-1.38121886674907
-0.03957607308871583,0.03522576241380407,0.9668571923148938,-0.24975998432535834,-3.1472044649644886,2.5431989912663653,2.6396105745978957,0.009603095078981208,-0.06097405908958841,-0.250665332309791,0.9661039467164315,-4.429639099848157,-0.5088256935776909,1.3073346065876925,0.014287198603934891,0.018167340084899578,0.8735532174113385,0.4861795965079059,2.679464652459852,1.9307969774412483,-1.35164519482967
-0.038224046581658525,0.033678131015388225,0.9718607662121941,-0.22998120977958256,-3.173222690835928,2.4264685913811945,2.6467098227698926,-0.08470966908788834,0.07522336265399232,-0.570393170705182,0.8135215722320678,-5.434304474018522,-0.0719558020735207,1.6063959861585064,-0.14289412944830185,-0.059430892991901775,0.6594275090865134,0.7356660906874486,3.199744878825584,1.1371504339707545,-0.951519710591652
-0.04240523770963184,0.029805744544702882,0.9854215935316721,-0.1620422673515325,-4.692910186130348,2.9263718039027253,2.500964895512908,-0.1934727732183663,0.5371515342965604,-0.29738854032557993,0.7652428185282543,-4.6911915822731665,0.06369762408927321,1.7799426279394635,-0.6019856782263376,-0.09341319574197032,0.6888858458710236,0.3928403103427815,0.97313154178409,2.655534393570279,-0.8461274198705766
-0.044022203420644605,0.031347305037983185,0.987156363221093,-0.15033863982673465,-4.7978583852388965,2.9025372087480434,2.4792485466248593,0.30926682547947193,0.16537725152828708,-0.21084261289752942,0.9124416627496479,-2.906400639151821,-0.46171393701973396,1.122598706400673,-0.16353549248058835,0.3494781364951569,0.852049849286461,0.35374034141149785,-0.6856549300018271,3.6598378583857523,-1.6946271369547625
0.038803778265650624,-0.015252892324333842,-0.548316642189643,0.835230792036505,46.923032329198406,1.133646956821849,7.644750992695652,0.021052563769190413,0.017723184043438273,0.7995744325063397,-0.5999361675947462,-3.6340391808397907,0.9188858394027082,1.314547794613026,-0.043341445492933076,-0.048222167341478786,-0.3378653626186294,0.9389585392455067,-19.82841912587073,-46.84868047200335,-2.85832250430603
0.04279474147810636,-0.011166134039350377,-0.5455737779343263,0.8368949637695903,47.03544402259274,1.1198747199377976,7.649609832920593,0.027230877161115916,0.022303918738020553,0.8040725010231821,-0.59348835509746,-3.5851450332960724,0.9012831960600562,1.2986093027930576,-0.04499751279696711,-0.061305594080560855,-0.3478739885006374,0.9344519977511818,-20.095768644430343,-46.79708476498208,-3.003325896697866
0.044635196444672766,-0.010909221332331695,-0.5421840282193878,0.8390024837103081,47.0888012578215,1.1347326906384296,7.62671643729783,0.033835604036705796,0.03018645754481121,0.8040888653597026,-0.5927773834121143,-3.547442891082701,0.8823637537649435,1.2779731125639935,-0.04725225903494671,-0.07309556173623086,-0.35152162702903406,0.932124888950735,-20.432859494724827,-46.6725091399273,-2.9282412542894503
0.043422897835147294,-0.014754617435280979,-0.5398696304667248,0.8404983850714163,47.13582336973565,1.15454231089916,7.610330319588694,0.04309848126525967,0.03413582445690362,0.8073345259778215,-0.5875272160210467,-3.516050826434042,0.8736555128575287,1.2676505975850656,-0.05521935531700299,-0.07834673181857744,-0.3592570862733091,0.9283032685357381,-20.70857412702394,-46.58275497720442,-2.668846078949171
0.04046145883933836,-0.018296061812828585,-0.5376101564772445,0.8420234225502556,47.24824162699991,1.1762072159831405,7.614475208951138,0.041563224313903774,0.03581095872584095,0.809869250434548,-0.5840392716422,-3.48557490752032,0.864034173052372,1.2624388012905277,-0.05419337208118543,-0.07458135028485335,-0.36573402689901874,0.9261421716887672,-21.00947911619017,-46.545768022422976,-2.541500572593759
0.03913630565327514,-0.019470938890914044,-0.5364408185702222,0.8428051259278325,47.630451315040204,1.2044142956699488,7.667978534729464,0.03564598745215741,0.03490617468054373,0.811073560216825,-0.5828126649833002,-3.45866424176771,0.8560933911640413,1.2658971882994174,-0.049919022347055586,-0.06893557861006888,-0.36887229141367067,0.925575069800844,-21.272487233978147,-46.821314147173354,-2.53998618256809
0.0367912331536614,-0.020808095179527655,-0.5358195910497003,0.8432738547976952,47.431408204025956,1.1703546835267389,7.6367692787497425,0.03336550328049399,0.03151080109821227,0.8115020548544261,-0.5825446142331352,-3.4360399048045047,0.8489588088511462,1.2721346672851226,-0.04957049873096896,-0.062184642558314865,-0.3703260552087024,0.9254914633420552,-21.29653126365357,-46.563110376878946,-2.538435407309979
0.03426063507177714,-0.02021920102511691,-0.5319769697680973,0.845823797507931,48.10941328562063,1.2742022952791103,7.704322016984683,0.033140917018828694,0.02804737311660922,0.8107443134515411,-0.5837882173240552,-3.419516863055268,0.8382180477647619,1.278158469203272,-0.049504377051821806,-0.05732622398813675,-0.3735539434947419,0.9245109366554298,-21.91407610933186,-46.999274946076405,-2.7491317341226207
0.03414242519688851,-0.019704282979582346,-0.5317369050868948,0.8459916665089238,48.2220776112747,1.2761761265096538,7.7135057864240935,0.030217759648823755,0.02863189974129574,0.8134605962721301,-0.5801283992631293,-3.4014376529578167,0.8261880238038571,1.2763834187843048,-0.04617498334639755,-0.0566327499870451,-0.37813222412011993,0.9228632746099696,-21.96636108046618,-47.07692799900237,-2.8050299400043075
0.035439483016614176,-0.01843606114483527,-0.5309425232554049,0.8464657061524483,47.929193484179336,1.1970291302095575,7.714120114186006,0.030955823992301207,0.026144592250388173,0.8134451664499153,-0.5802285398326146,-3.3952169236629306,0.8103269276892437,1.2774933525380319,-0.04788149194606346,-0.056697211364231365,-0.3789881779348509,0.9224211348067436,-21.963396276567906,-46.74573570669492,-2.867093234112791
0.03569323896631017,-0.01759862986994264,-0.5302059292656539,0.8469344446238676,48.33732231397619,1.300794478539956,7.726361421527656,0.03169156669928651,0.025105857522313313,0.8156368401185559,-0.5771497947323826,-3.3765960825854404,0.7934056947950232,1.2727364137039325,-0.048483841324367075,-0.05702174709621521,-0.3833288534346737,0.9205741836554985,-22.0982165177301,-47.110710600403394,-2.9130479752783893
0.04179601073075027,-0.01201605124185124,-0.5296394590046586,0.8471072845069867,48.02810965056642,1.1584605339946847,7.738974728156485,0.03245547019275744,0.026957665834739592,0.8138325736145852,-0.5795657588498221,-3.3699771038511646,0.7672924048993385,1.2659350524438562,-0.04721801225654746,-0.06707659590001434,-0.38092589701972007,0.9209596356956846,-22.04086658782228,-46.78015130273436,-3.1039042050789325
0.04276568803790396,-0.011121698766643793,-0.5289522624065135,0.8475003881050553,48.103805129116154,1.1582850740546746,7.743693385750969,0.035259120146728766,0.030960355194896372,0.8172553009974985,-0.5743622757843453,-3.3594250745394643,0.7436847183945833,1.2619462884910306,-0.047157833263416576,-0.07345190545120517,-0.38709777735435424,0.9178977432779785,-22.10948109385879,-46.818856716227295,-3.132810787118162
0.04137887381732046,-0.01519353354735825,-0.5297983801490237,0.846977344284619,48.28891559918827,1.166878481449885,7.756552626980326,0.038647971008153426,0.03244159223304437,0.8169815262749403,-0.5744519676664069,-3.3477206048051578,0.7093976445185315,1.263284244745523,-0.05172946454316263,-0.0730307463148017,-0.385691525715368,0.9182769841295885,-22.096679077102166,-47.03537293653736,-2.850348741445406
0.038614786632763964,-0.018919082142585596,-0.5297603330182121,0.8470566428194877,48.894884810999656,1.277855559075988,7.823772486807336,0.03500257716782941,0.03632162631316319,0.8173466020967253,-0.5739338734510401,-3.349403484038292,0.6865532718244408,1.2640795624020762,-0.04803319022304608,-0.07001281433224407,-0.3862267003792342,0.9184878629467266,-22.292911340140634,-47.62981312628598,-2.6966413643914526
0.03408491676317892,-0.02456202830038554,-0.5318183593826372,0.8458156760421139,48.473066715286905,1.209286221451066,7.7643039194413,0.029772545143877015,0.03539096908785069,0.8133099879520317,-0.5799896019414007,-3.3430240948658128,0.6603363887661348,1.2704645664201792,-0.04610595852784626,-0.05924370478308119,-0.37752364639606073,0.9229519599868813,-21.98281495169687,-47.31033482204322,-2.42211232878676
0.032702710573220536,-0.026288285813154885,-0.5323202933724085,0.8455025511576432,48.69053875480779,1.280949175134765,7.78294006794081,0.03039737439758922,0.02632291967561735,0.8147484200186443,-0.5784186335229928,-3.345196226636202,0.6468787086192296,1.2868840158125021,-0.05202302977103938,-0.04987608240887935,-0.3793079652986686,0.9224594561485986,-21.96436244566496,-47.565237584143574,-2.3309784570889116
0.03303966729700275,-0.025540031675531302,-0.5329014208260476,0.8451462375521149,48.765448711667716,1.2934992026155214,7.782055210763044,0.02301191061499094,0.029253299320869574,0.8131643870255939,-0.5808428153312919,-3.347390744020427,0.6293260913553453,1.2793454765852277,-0.043818402475652066,-0.04901833262270028,-0.37615661643648307,0.9242204015181816,-21.89879330302208,-47.6788304861157,-2.376209437481762
0.036394562976180066,-0.020602976109728426,-0.5344276018033249,0.8441789452432118,49.15061788089184,1.310336887075664,7.830170914468301,0.019846028680496012,0.027349025458756223,0.8136685912541562,-0.5803460946353876,-3.3555128085732937,0.6107217272780359,1.2784957119482798,-0.04002296250722002,-0.051349993041232084,-0.3753246784863747,0.924604091709479,-21.80942460070036,-48.14278838196018,-2.6322223892545473
0.03900910435545919,-0.016218579255921076,-0.5350748769764507,0.8437476657703655,49.29591632665836,1.3286959079773624,7.840292367865537,0.02516054889990245,0.02497182399054158,0.8118782470826934,-0.582749574602654,-3.355280096513322,0.583484535248907,1.279834339898228,-0.043767409419420526,-0.05675196891165179,-0.3718235220827157,0.9255327635061701,-21.706742972090247,-48.336010371925376,-2.861965266543815
0.04187429247572468,-0.012656611950237104,-0.5361047467545847,0.8430172325111753,49.280881678273715,1.3282707225155264,7.824299678317889,0.02732662461190603,0.03034275232478121,0.8139122097116784,-0.5795511089204555,-3.36162777334732,0.5554654433277852,1.2698204279818932,-0.041339585542733315,-0.06697624068692695,-0.3738254742900658,0.9241535243791528,-21.512090770521453,-48.404872764316316,-2.9984114056996205
0.04274629260351661,-0.012788757558299434,-0.53705039619207,0.8423693216747097,49.45828516661038,1.332717622926566,7.847518696602108,0.029028323320579176,0.03648669231166255,0.8105603214307043,-0.5837962341874972,-3.378819893677555,0.5226873807759884,1.2596228009668606,-0.040178560547758306,-0.07350736296304285,-0.36733224225922356,0.9263095458103305,-21.44660842653293,-48.653428935529426,-2.9500902174654033
0.03994289822127288,-0.01898995233067517,-0.5387459118369845,0.8413065963553952,49.65295862015722,1.3878067495891173,7.864816034704706,0.033658291402229853,0.03868081770577697,0.8093568741000602,-0.5850746654132909,-3.380627777897582,0.49301925782424605,1.2571096934822203,-0.04621703644336183,-0.07189321322144215,-0.363526499561164,0.9276550196877589,-21.32390899037134,-48.94635524889533,-2.5629918467467236
0.036893026239640636,-0.022979003351634702,-0.5404112458320972,0.8402776656546617,49.59448771684259,1.3723611854138653,7.848435550847114,0.03173878903938745,0.040576836889264487,0.8108492221695124,-0.5829834547270377,-3.3939952752062186,0.47571462654150415,1.259023574124958,-0.044881747475893595,-0.06776611117671046,-0.3640613484861672,0.9278214900819711,-21.1584214262101,-48.9765092074228,-2.3720041431828163
0.0301492523326652,-0.03044821333297569,-0.5432519400775492,0.8384755562868782,49.80406212891461,1.4235596704470481,7.864914644745426,0.02903299455004889,0.03355648904304206,0.8065117052734873,-0.5895506055695412,-3.410091917319178,0.45144191662576305,1.2764997191920473,-0.04844517890910334,-0.050273488735546275,-0.3540701346142067,0.9326092326076874,-20.939274731326492,-49.328387336652156,-2.086957475871209
0.03138294510822932,-0.028934109145814638,-0.5446361047983832,0.8375854830608733,49.82375237960895,1.4066589669764653,7.86168124922078,0.020155597125717555,0.028601548273885773,0.8071841168638791,-0.5892618304485043,-3.427873818551528,0.4355391166738861,1.2862192169335236,-0.04315252472928002,-0.043215756249821935,-0.35367164533403367,0.9333737864906868,-20.77672231363445,-49.43387646613884,-2.1295856129684827
0.0349236882629451,-0.024912682019518614,-0.5457536782048124,0.8368468300702494,49.80618246828368,1.41217002923986,7.852950496014344,0.016830447143385323,0.023061528380043193,0.8050115473181477,-0.5925717767850338,-3.443840138041723,0.41207862241536564,1.2925061966870222,-0.04224838110841133,-0.041835665433571825,-0.3490484495564041,0.9352165691719321,-20.57141380210315,-49.51097964170862,-2.254850084085721
0.03837367361243092,-0.021259985765687755,-0.5464645505005737,0.8363324513762068,49.75229072290472,1.3706935090408479,7.830162892367092,0.016450234397491416,0.02439361136158338,0.8038151218874432,-0.5941511519286,-3.4529979666692694,0.3885806886976605,1.289477022765088,-0.04031648142170341,-0.04760433283298185,-0.3462883249435784,0.9360517105529323,-20.439465987136675,-49.510048226252984,-2.3518538586378037
0.03894744934309033,-0.02080633877656145,-0.5473167880802391,0.8357598494435545,50.07767114048852,1.407031705158488,7.880946694080038,0.02024540469095412,0.026743008568119533,0.8023821130462148,-0.595867334014138,-3.476481300440294,0.3614169469611255,1.2890402832074583,-0.04218554570234086,-0.05228430176768146,-0.34300775390099536,0.9369271115120194,-20.412829774240542,-49.90254139082084,-2.376242278009249
0.03708505162418995,-0.022006987424352045,-0.5509329301176543,0.8334346392864358,50.073125873707,1.3847075350831801,7.8535499762692815,0.020145436239388265,0.037778256510709776,0.801661423886877,-0.5962431770556377,-3.5015140688444175,0.33276458816978327,1.2751811867282605,-0.035730480707006754,-0.05919263099438573,-0.337798050094138,0.9386756854936676,-20.004788641255686,-50.08854978276191,-2.359910368480537
0.033330598525600774,-0.024222410765224953,-0.551749968058959,0.8329911876878313,50.02611755186854,1.379127590027565,7.8338901215009855,0.02327568252479388,0.03667223284881415,0.7988502915221443,-0.5999596667075816,-3.5306130952354327,0.3151788127637724,1.2787001902785318,-0.03850162981134178,-0.05548369274472912,-0.3326214255641514,0.9406392356248757,-19.92926592286957,-50.09618299620053,-2.371225132336626
0.03146012030506892,-0.02627576550110689,-0.5523187202467444,0.8326246911080165,50.47593760428214,1.4600949081939234,7.896096990677442,0.02372815689538455,0.03284330640653768,0.79761938822003,-0.6017986401863495,-3.5493508688961843,0.301681376919398,1.2844023089097818,-0.041507393966146805,-0.04973213506461824,-0.33007621208738935,0.9417290189869347,-19.981380592780795,-50.587998245271514,-2.3210097430508085
0.03164867087575385,-0.02720186129191346,-0.554134448757505,0.8313804382316616,50.0773319736104,1.379117668420804,7.8299721276465135,0.021855524401861594,0.025871536646650702,0.7979433871072801,-0.6017801513978523,-3.563977259643559,0.284643591257547,1.2884679565192825,-0.04458503304284487,-0.04250429587124222,-0.3285140996976289,0.9424882205953105,-19.67529387476488,-50.29395133770892,-2.1864300505256473
0.03181760011103578,-0.02868659791106483,-0.5544379176846483,0.8311217208429666,50.01071530818672,1.3906490927704453,7.823133674005408,0.01760490657949679,0.0269049755353277,0.7984115666591923,-0.6012529914940836,-3.5914796401383913,0.2669432954147823,1.2853990358786933,-0.04174882046968588,-0.04027777445330056,-0.3288586619881834,0.9425957337638553,-19.602606712013333,-50.286821034166564,-2.0428980805844184
0.03563863757292188,-0.028159994516512306,-0.5559428784360474,0.8299785648659959,50.139197543412934,1.4006145769983505,7.833691629458947,0.014724941243583266,0.025530138580694486,0.7977303520762602,-0.6022936771257934,-3.607128134703468,0.244671042871279,1.2863390165587587,-0.041957095283334384,-0.04084513025316701,-0.32593369862041616,0.9435775016359826,-19.415598108909123,-50.52225453254708,-1.8460505442015867
0.03872490372531662,-0.0229549232258035,-0.5569478744753238,0.8293265451247666,50.302027436684625,1.383736143819533,7.8456315859349814,0.012310447237013637,0.02502395000086694,0.7945685573055821,-0.6065336450325775,-3.6350295084652893,0.21564336791604885,1.2863800202956446,-0.03799956215269263,-0.04445596105132206,-0.31989753667053217,0.9456454234200747,-19.30430342896268,-50.75921128672037,-2.107290300699895
0.040849292865382636,-0.018672321725930318,-0.5571917991657834,0.829168245060168,50.384671358032904,1.3774689768117696,7.845592522095657,0.014252452172501883,0.028768015552155152,0.7946198345548049,-0.6062578555535225,-3.651397711828582,0.19247406015590462,1.27834063571813,-0.03539098030580032,-0.052934291048367874,-0.31963034894875736,0.9454003804606261,-19.253666460564936,-50.874293607432094,-2.3520945101290254
0.040624128721882674,-0.018196967356231452,-0.5570067562321984,0.829314188987689,51.11098899862702,1.4435364303681126,7.934533511274829,0.016280483759317815,0.031075982024649125,0.7939161570277119,-0.6070143036206939,-3.6810577092634627,0.16667778597976546,1.269739476299569,-0.035298397840235016,-0.05604642496816134,-0.31873617551790995,0.9455263464200334,-19.474580432584855,-51.60408623134936,-2.4448376568367163
0.03909166624118431,-0.019711443513522192,-0.558679078718083,0.8282276182474326,51.28864353326935,1.463930220519842,7.952335543399705,0.01787209625783287,0.03540112279525658,0.7932445191881236,-0.6076104685225467,-3.708082594494702,0.14421848294744613,1.261902465744308,-0.0344127972203949,-0.058337324451331135,-0.3157915883486403,0.9464080455551774,-19.32546399828712,-51.88313314741838,-2.4104677279156728
0.036990122018487136,-0.02211299781581245,-0.5610978700489938,0.8266268362611618,50.54187811866825,1.3914542242639527,7.81398230902564,0.021383300815571816,0.03579998512496303,0.7948026608246939,-0.6054336015264348,-3.731668045211174,0.13392708671110237,1.263239943872305,-0.03755924719796775,-0.057603248480629254,-0.31550060999463403,0.9464304167805548,-18.845474452403145,-51.28279942855766,-2.2436552037235282
0.0342615286693497,-0.027321036786583236,-0.5637650500397817,0.8247718938929648,50.55420446900746,1.4034720822166946,7.793694353675789,0.021370842072053156,0.034885800487158766,0.7939726401180321,-0.6065753990869589,-3.7457746688604208,0.12351360324633778,1.2627172564175848,-0.040433030966679266,-0.0514514091677014,-0.3111011934542321,0.9481212844002911,-18.551814513915478,-51.42851347162061,-1.9281779654119497
0.033323671331732675,-0.02948010231965289,-0.564666206573939,0.8241192460133395,50.45294476701679,1.4085859033250472,7.771531453237266,0.01967661594157317,0.03196699526815127,0.7933121201996065,-0.6076568290927199,-3.764221458783745,0.10850329786240157,1.264498000892361,-0.04180147487030311,-0.0459776229797637,-0.30901518347456797,0.9490249265777887,-18.40761527926461,-51.39581711890867,-1.7783405459380468
0.0320611214556332,-0.03243553979136363,-0.5662856803504341,0.8229462609912606,50.41899648881707,1.4040475625595263,7.758941403840108,0.014276203174860261,0.028476841846651196,0.7887407217825568,-0.6139001004261867,-3.7970659975031706,0.08613008096563865,1.2707217766859444,-0.040888077012376595,-0.03689505089301648,-0.30007233600419414,0.9523253191755524,-18.20970766856683,-51.46974532968865,-1.577084100926339
0.03343631097945506,-0.03583872672770726,-0.5702072071026342,0.8200374014292491,51.68820947248747,1.5242080646712566,7.984547316694904,0.01070153562718774,0.022482081141757516,0.7879656766886405,-0.6152155114456791,-3.80880609877816,0.06853671576162428,1.2833177741237016,-0.04476643848706453,-0.028836364953446197,-0.2942257601121026,0.9542513464113692,-18.03982204500349,-52.914032219190254,-1.270515118630072
0.03466396219912498,-0.030979968352375677,-0.5739500948954531,0.8175695321225246,50.80760454321728,1.4224768202927862,7.789818840549529,0.009673423827219732,0.022235596370412135,0.7863237547995094,-0.6173386070573521,-3.8246233990592726,0.04959542975940881,1.292341261011904,-0.040906261123094416,-0.03186317504792762,-0.2874823359689823,0.9563813686927466,-17.312822750890334,-52.21878339266613,-1.499058882098996
0.03203525386725976,-0.030661767990667364,-0.5768008923912875,0.8156802860373426,50.80903732918949,1.4183800401901863,7.775251156045325,0.0033097053229129317,0.033027238431064664,0.7818490068389724,-0.6225836312313436,-3.819816982061531,0.023819587570336587,1.2768430972808826,-0.027567018315761797,-0.03480592483863145,-0.27747251006957563,0.9597070455368114,-16.946095256976886,-52.330038091817485,-1.697880550719308
0.02922285372684064,-0.030938888367296316,-0.5805883148571784,0.8130842629506226,51.02084269558128,1.43861889160587,7.790512214348318,0.005558032103139806,0.032547413784991236,0.7826149732940532,-0.621629775437919,-3.8389418865311145,0.007294531687439709,1.2787214332036418,-0.02800153360684036,-0.03332842710194873,-0.27429784730136225,0.9606590555594704,-16.52288623799543,-52.70313048304525,-1.8499569318882045
0.029930816110078515,-0.029128296239922448,-0.5834643267093573,0.8110641577968666,51.063427232544996,1.4391106630353079,7.781343218897625,0.0076568474803524736,0.030141917699349353,0.7795810953753357,-0.6255286989558991,-3.8593733445348137,-0.01394298612401415,1.281285176229022,-0.0300539143860131,-0.034027439611857384,-0.2661914002637354,0.9628504733390182,-16.13711129582533,-52.88378932758382,-1.9428350616950083
0.032883413666247696,-0.026883603381838088,-0.5858544563601191,0.8093024829678034,51.14178988875858,1.4305963542540212,7.785565089521278,0.01126887356824404,0.023892392677335055,0.7772995433359045,-0.6285758394899134,-3.8688307582226256,-0.03611688871859728,1.2849122067231233,-0.036688794618389586,-0.03459997137777079,-0.2597278823465645,0.964364143600267,-15.807987112340257,-53.074973573862884,-1.9320567268222135
0.036927711540667894,-0.027408495122155145,-0.5896886932939589,0.8063202611349731,51.2460986554691,1.4300970022618458,7.793118158908904,0.013677594904295997,0.024353953698547863,0.7729954561185747,-0.6337963656861088,-3.8663420257259746,-0.06420827268647936,1.2787751403759875,-0.04125856231794638,-0.03887615800084695,-0.24826512926750324,0.9670319544691061,-15.28101552180792,-53.34744179608635,-1.6098911427600506
0.03596505349617126,-0.032964476197875854,-0.5924852613068631,0.8041026510155002,52.63469784854698,1.5883126570854529,8.003730008327217,0.014529222856909649,0.029388894541799212,0.7718898622311872,-0.634910415055151,-3.8705642437421215,-0.0867254148783328,1.274143391175746,-0.042550031787954745,-0.03907160933586539,-0.24296769995625736,0.9683127598646605,-15.181331363644315,-54.85317829706126,-1.262434725675729
0.03504714361975681,-0.035208842633172824,-0.5981035024512414,0.7998776378172392,51.44245717202,1.4551045135318645,7.814129257085618,0.013152908756568658,0.03175542381934646,0.7689195881339239,-0.6384209121208765,-3.8782091640250944,-0.11643510692690832,1.278475540418057,-0.04097528555158301,-0.03773762799601275,-0.2316237646564737,0.9712092097244359,-14.190595914866824,-53.880357771864546,-1.0462619670690005
0.03199836640980601,-0.03750406243750029,-0.6009653441928482,0.7977532230752562,52.85453314167978,1.6100232321571184,8.008179326365227,0.005791257149580227,0.035084756656922914,0.7685226533883657,-0.638833665690732,-3.8772181577868086,-0.12919347715310375,1.2802182232103323,-0.03279962648348745,-0.03210193432219294,-0.22783467939447027,0.9726176068633224,-14.0657737939123,-55.386891179390496,-1.10825716008676
0.03133493945235699,-0.034092566655221736,-0.6061751328037731,0.7939820695952173,52.985895077006944,1.609256668989019,8.010816895700476,0.00662012393455165,0.027851329783730106,0.7649107118693556,-0.643499868108677,-3.8667680314392294,-0.1463829491787963,1.295534860465475,-0.03461527500660208,-0.0281562796646333,-0.2161533553066487,0.9753392915500441,-13.35441695694435,-55.67769442094884,-1.4340423674446652
0.03247204481292194,-0.031796419284453994,-0.6073574870344064,0.7931276296849112,51.82478254695815,1.4716234790611225,7.8585522954160645,0.004577804488962153,0.02519975135310634,0.7580770401372227,-0.6516618889075759,-3.89046646607357,-0.17168873974607043,1.2973091470426648,-0.03359045504537811,-0.026662779857467806,-0.20449627347344312,0.9779274265688591,-12.98328956924159,-54.581205038212346,-1.5051936162960127
0.035603553560495535,-0.02564774258979157,-0.612152892622013,0.789521004361768,53.122722825136464,1.566186439150215,8.002649464160289,0.004910375558949731,0.02397979856686241,0.7554458838209777,-0.6547536743619732,-3.882629184646448,-0.1932706300015684,1.2910551896497333,-0.031884580668733224,-0.03204205953809357,-0.19465133112872793,0.9798303624740105,-12.482316038317327,-56.02254776176601,-1.848586823307051
0.03660222382313601,-0.025728382539516922,-0.6151763772896833,0.7871190204586868,52.33755976209329,1.460445311425815,7.913568911816949,0.008351162392318017,0.027661940320004144,0.7533840052421948,-0.6569456718707098,-3.881816014031652,-0.218732106624542,1.28198722202019,-0.032985410934546,-0.03758405762640826,-0.18763807130626406,0.9809645026576035,-11.934020528140508,-55.33464682613519,-1.7526379625264517
0.03536926498224781,-0.028356090903574094,-0.6168912484646861,0.7857417735942035,53.21999042296187,1.534071452424996,7.989855989724479,0.015102726906306096,0.027292791135213868,0.7522492271705651,-0.6581398874200913,-3.872817985146783,-0.23734444279511477,1.2879295610962886,-0.0396389309693217,-0.038706053942906195,-0.18367932486806712,0.981423711836936,-11.83247149886212,-56.25893319653862,-1.6023600936142963
0.031226490021709664,-0.035572823159344374,-0.6196797236635737,0.7834261424369465,52.608591607995095,1.4629917028339605,7.9435701025071275,0.014781102577190139,0.030750580124301565,0.7478884873678882,-0.6629470048889231,-3.873054563536588,-0.25451758658513124,1.2961310660309784,-0.03983040411622481,-0.033021393744170166,-0.1736145376069741,0.9834536688602301,-11.402284620396848,-55.72859335977671,-1.2753139711929227
0.0294782815261956,-0.03837795493170874,-0.6207384285475697,0.7825228219150006,53.348430051436026,1.5330663629210903,7.9992438173351665,0.010681005451309114,0.03171058670529922,0.7463863258282752,-0.6646712024978383,-3.8582230903404633,-0.25755787389085966,1.307091594633211,-0.03691229637074648,-0.027937833118566666,-0.17013268743848417,0.9843331897900408,-11.36626558382756,-56.48109965404995,-1.1339262586150347
0.027834879312357487,-0.04020646163285801,-0.6228759457439722,0.780790763361212,53.62740581826978,1.5310082120947754,8.028525620754444,0.008536146107694932,0.02312939310942396,0.7449743344450952,-0.6666373874919599,-3.8365154767956837,-0.25700698148934387,1.3373132242576187,-0.040766754649348036,-0.017309316728686793,-0.16544967397681093,0.9852232562473914,-11.134006239125972,-56.78872587768331,-1.070556177621017
0.0277691555578531,-0.03782957558160155,-0.6238490252605217,0.7801347261162117,53.20069583379757,1.4235786153823256,8.002096671198945,0.0032169542656145327,0.023475958227306394,0.7456740340388398,-0.6658894544523182,-3.829336238223699,-0.25268988551114563,1.3505859608240203,-0.03456392415270213,-0.015837726825367607,-0.16553811767510443,0.9854702599027302,-11.00302701828248,-56.36271012398859,-1.2865973990630986
0.03130037760126865,-0.03146998952599155,-0.6231482105964309,0.7808432837335019,53.33813078495092,1.3568058053583627,8.0125494976439,0.004395717984147199,0.01732671613534568,0.7422021170796577,-0.6699376687228767,-3.803044890895212,-0.25391788421577033,1.3653087115947282,-0.03696164956086019,-0.018416908822827604,-0.161392412862085,0.9860259342439762,-11.147305722210543,-56.43733373369674,-1.5681628284999056
0.03350304143057418,-0.029075127824826463,-0.6219469111184217,0.7818019077151995,53.89669557850493,1.4237643462937513,8.067547760430383,0.006642485956286017,0.02181389056264689,0.7414253204565312,-0.6706478403340841,-3.7767934923736206,-0.2557898469178666,1.3573081956990034,-0.03565180468255679,-0.02652624642500211,-0.16161641440970914,0.9858526470354614,-11.346510357655598,-56.94449615281943,-1.6311405573754707
0.03677355521013269,-0.026018544342108197,-0.6196988651465278,0.7835458234995774,54.26559369449001,1.393286674408614,8.10622748694421,0.011136831182969494,0.02527085353344938,0.7412923448920623,-0.6706139085623865,-3.7514247271189447,-0.2588406646555843,1.3474282546074667,-0.03701410364171417,-0.03651391064319049,-0.16403877948121123,0.9850827220530548,-11.738250942988344,-57.21693453886425,-1.67963838834133
0.03452317813104899,-0.031254527635488014,-0.6178849512811977,0.7848882032839111,54.47006956279995,1.3625774124202508,8.130096919358447,0.014852375190828998,0.027675604167014978,0.742486159940812,-0.6691246297824707,-3.735070687647475,-0.2604903685568956,1.3476541396408859,-0.04086347773630447,-0.03561912207699384,-0.1679069349815266,0.9843112899458525,-12.113721569958846,-57.33936716512947,-1.3888676985343376
0.030836384150926828,-0.03494472350144274,-0.6173273261098204,0.785324745662585,53.886322174538236,1.277180475588807,8.038901583389439,0.01435862888964949,0.030621661711824934,0.7454208149235607,-0.6657356474525834,-3.7057006644485986,-0.2552690567466531,1.3486400501051599,-0.03895000247276489,-0.03263405715245054,-0.17297458511325464,0.983614613822934,-12.178845447000338,-56.69158901352561,-1.2994438575263756
0.03176824597056691,-0.034013016014142305,-0.6157095279078346,0.7865975276677944,54.71949288506568,1.2911298854190818,8.15006709549877,0.012325186479259691,0.02782823927955522,0.745629611355049,-0.6656652022956959,-3.67248869781862,-0.24797357729769465,1.3666181538177686,-0.03906897693552383,-0.03052442267589158,-0.17535073028216666,0.9832568311743508,-12.58774096185884,-57.42630004226475,-1.3328064833888609
0.03368198038579159,-0.0307199488167667,-0.6147278754927437,0.7874207566696247,54.85415919808406,1.2542020410955956,8.158071946485638,0.008956702560737082,0.023116577159221045,0.7507966301918203,-0.6600680430321465,-3.6271423117552493,-0.22921956153099027,1.3890468130439935,-0.03813912207187855,-0.028719468289216322,-0.1843768633341467,0.9816953558899177,-12.779883358012675,-57.46829308794424,-1.4672212194374614
0.03760374309811069,-0.02478567558075167,-0.6126716259185998,0.7890532983172155,54.98316437118609,1.1931506810365136,8.155933683640438,0.009154809681724324,0.025024063039681962,0.749099168896284,-0.6619217634188908,-3.605031899672489,-0.22227456666053552,1.3986968100841233,-0.03534976430594583,-0.03711696622568076,-0.18437058037894935,0.9815193396324116,-13.113907375154039,-57.49246986852749,-1.6975755777442625
0.038448506876726345,-0.02405653936353721,-0.6129129371282007,0.7888477208775362,54.64513382456312,1.1948457335957983,8.137216285865431,0.01423566722123354,0.025774897093329967,0.7507433047593627,-0.6599374900834059,-3.573271918332376,-0.21323117446545592,1.4019577390279598,-0.0388659027495281,-0.04204684034450349,-0.18640445235844627,0.9808031836007954,-12.984092681088276,-57.14208526415457,-1.7101416400903489
0.040322625997645085,-0.02234320662518523,-0.6120382544285938,0.789483402020814,55.158644831612094,1.1724131379451137,8.165575117233992,0.01663129222368806,0.03020350798737521,0.7491584338168124,-0.6614928489903482,-3.5469033021332117,-0.21237525865821694,1.3965972371789492,-0.03805615729027007,-0.049452319234016766,-0.18499973921424223,0.9807554708006158,-13.229777603480215,-57.58548763610418,-1.7212438531697907
0.039905848642144186,-0.024028355592278002,-0.6120521230634154,0.7894443362424277,55.338996751817774,1.139499161121762,8.190379528412095,0.021182070532876754,0.03206672467928107,0.7508984527576655,-0.6592985353407266,-3.5122253301700956,-0.20402252066150522,1.395113160609889,-0.04144828129027011,-0.05240280577316256,-0.18747884215040383,0.9799937089956887,-13.315964376475893,-57.719407209748624,-1.6131212421589227
0.03795030743272067,-0.02575862729332832,-0.6125357988691614,0.7891109949743722,55.443117415678444,1.125873155544582,8.216751700314013,0.01945536402726973,0.033407952768450794,0.749953211617856,-0.6603601879932274,-3.492256354079389,-0.2046899997856787,1.3957294670794411,-0.03926751204371232,-0.04973067277508714,-0.18553308416107606,0.980592880539581,-13.303340825927904,-57.8106902992713,-1.6187136833311588
0.03748894242024208,-0.025790567224839113,-0.613160804759878,0.7886464691765579,55.31458077418438,1.1000718846404425,8.235872647943715,0.020837524940263703,0.03301986844469025,0.7512165648463188,-0.6588999609521583,-3.4579370205296254,-0.19387654295348528,1.4020832143031456,-0.04026271537482277,-0.049986667030430726,-0.18665736960469648,0.9803261055598236,-13.211271680534145,-57.664837346883054,-1.6770995281204903
0.03350537414177345,-0.026834375335325542,-0.6135288165124531,0.78850472256849,55.79130109804777,1.1098266787707871,8.277852396968981,0.02113218116770156,0.030821109730479336,0.7519639231957901,-0.6581441698640755,-3.4372174783740217,-0.18068224039194303,1.420049996862271,-0.03998303447654665,-0.044801737588333175,-0.18753694931564005,0.9804203455174196,-13.311228316534125,-58.10373491198394,-1.8653336886165925
0.03239115013475756,-0.026987112606822544,-0.6128942486922229,0.789039383723075,55.80238255335013,1.061053110103444,8.288785883225472,0.02096337493387692,0.026832734740749237,0.7504127127577898,-0.6600918888982116,-3.419093571905033,-0.16942699862979005,1.4441539074350722,-0.041727907496116136,-0.04051317311901944,-0.18610377799879427,0.9808072432208071,-13.47084658746408,-58.05496029257237,-1.9246247117347162
0.03073871702308133,-0.03066266373689409,-0.6128815440877348,0.7889810804100229,56.05105746620029,1.0142021097923362,8.322887069226788,0.02288779121433678,0.02250182977080177,0.7514328147927289,-0.6590284830892903,-3.3807248198837923,-0.15073887213740947,1.470189188077644,-0.04756569983844761,-0.03467153466973889,-0.18756640173363845,0.9804867331194334,-13.616595613031391,-58.242202115822195,-1.699269858813529
0.031417928456464635,-0.0322455468448162,-0.6138035500456194,0.7881740546551745,56.044975293122036,0.9501615030169432,8.33583716255708,0.022895606298047516,0.01880319747419607,0.7519172464339989,-0.6585914404941078,-3.3486708437706634,-0.1360053830013391,1.4960037434451676,-0.05144181504064687,-0.031260637927505,-0.18706686182367618,0.9805011480814956,-13.547176062642576,-58.22213938518688,-1.4915720832556378
0.033611851227491385,-0.033625075636909016,-0.6150703876071021,0.7870374934107791,56.527919193936896,0.9765297711198855,8.370617078863656,0.017630120078713642,0.0187995037474623,0.7511127803492907,-0.659670636545858,-3.3121035596595956,-0.12162457152733488,1.5135289664821718,-0.04974152280432688,-0.028704495076008807,-0.1841853455573773,0.9812123069720678,-13.442093236916282,-58.71107717143595,-1.17195148019267
0.0360294196410331,-0.032953476221434436,-0.6170146547871969,0.7854354620865357,56.273132195812366,0.8648789749773869,8.378716683619437,0.0177641866321661,0.016790178511255537,0.7506269404380087,-0.6602739733379864,-3.276675098901567,-0.10750816694895533,1.5307327795937964,-0.05211789103442771,-0.029434695450805126,-0.18097996800421534,0.9816636772943343,-13.183630343891664,-58.47279662510162,-1.0695395907899976
0.03654691962994566,-0.032281367316666636,-0.6173162564402085,0.7852024423830937,56.60223855012464,0.9195003902325425,8.393676091950333,0.017235850143785283,0.01859684656023966,0.7516642951881904,-0.6590583207175801,-3.2389562055128467,-0.08790506653266207,1.5388373564225035,-0.05040479861979475,-0.031437970677802636,-0.18212517084667293,0.9814792063104697,-13.167194908089641,-58.774575118449036,-1.0707789336371571
0.03539883266307451,-0.02939726573944461,-0.621650385500007,0.7819421472339426,56.60720852099399,0.7795734521936311,8.444738077281666,0.01870425302463086,0.0198455949311102,0.7486451883649079,-0.6624097562828407,-3.2130800046005987,-0.08160114548180589,1.5410068560367924,-0.0477452756970492,-0.03417374332991667,-0.17235758096353368,0.9832829746313279,-12.656421447309237,-58.86007460532877,-1.4753505859558855
0.03260918915073515,-0.029319266868997718,-0.6225805360651179,0.7813261146832777,56.66731612535244,0.7391206828895065,8.47348997199608,0.022494909525920606,0.021506004605355507,0.7473864325130766,-0.6636602981245084,-3.1850201523432875,-0.0708865003813253,1.5414790850720528,-0.04774088684671268,-0.035721728007488095,-0.16940972568330845,0.9837403675336062,-12.59766819493479,-58.901164203396824,-1.7212367665641728
0.032214030258683836,-0.0285955347443917,-0.6233581886624084,0.7807490763841453,56.74039816780703,0.7383229237361775,8.490560935695374,0.02248072251690198,0.021356192657985665,0.7468691968408139,-0.6642476443019054,-3.175088661249934,-0.06345681796922177,1.546049561829673,-0.04699446355009057,-0.035752520475555806,-0.16772240991962045,0.9840642615632574,-12.50340222471481,-58.983622345096876,-1.8253434736622516
0.03374153103963006,-0.026481730856314584,-0.6240991659196192,0.7801669424632082,56.67728955447967,0.7258493241603219,8.511477557177155,0.02820264322244934,0.014534255408232154,0.7454250213140768,-0.6658339912725272,-3.154967402557144,-0.05441979586827583,1.5602662724316239,-0.05513835632646331,-0.0364597366572001,-0.1647722582828114,0.9841140950951195,-12.37228336009227,-58.92431095590852,-1.9181537025760405
0.03743331201685428,-0.020950170147565034,-0.6245380335967822,0.7798154154114301,57.701233735374785,0.7728635008842275,8.532510682023798,0.02871468764174236,0.013709465845639089,0.7449973194284167,-0.6663081203950152,-3.139828245543094,-0.04723517857102606,1.5686326921737974,-0.0543800136024726,-0.042552715975509636,-0.16371086254498898,0.9840888343886838,-12.427643818379101,-59.933578874473945,-2.0791281557818806
0.04277425206720684,-0.01570277425369389,-0.6251985602180474,0.7791344855300074,57.79402928176785,0.672769710959642,8.564978165350656,0.03529355220676937,0.013439810350389542,0.7438336539884556,-0.6672969592801665,-3.12971226356267,-0.04261750499994288,1.5802159175101436,-0.05931925385129203,-0.05387541244764521,-0.16122426862178277,0.9836591895893076,-12.366197896618036,-60.02796621524532,-2.172875526323791
0.04545120962155857,-0.01680272473886776,-0.6272438197718432,0.7773139948201848,57.09096852419685,0.5866812674888706,8.598731906480612,0.036462298802711055,0.02257820497435201,0.7451603342926917,-0.6655049223130977,-3.1207837721902845,-0.030448753554973326,1.5728309807442686,-0.05694934332263282,-0.06310724881677657,-0.16015083398466928,0.983425623937018,-11.979157062785463,-59.39589141840732,-1.9563043118352892
0.04219366430701465,-0.022328101571735138,-0.6290624172226796,0.7758876373615632,58.27052752764217,0.6452959119909565,8.621810573828373,0.041503960086561355,0.02501215115496289,0.7443551322208546,-0.6660234610944336,-3.1015840523597857,-0.014321593004925248,1.57453690443707,-0.06119021260291486,-0.0620512314069755,-0.15658355758784243,0.9838124780951006,-11.96356664287131,-60.588189111532714,-1.6061303120009598
0.04124325396164353,-0.02693546983642652,-0.6307674745249829,0.7744067842863472,57.301167817007695,0.5515671508409241,8.621118836529586,0.0402054975502844,0.023232338658879068,0.7435746228775143,-0.667038647021097,-3.0861860913123826,0.004144005056503017,1.5774619062040014,-0.06402058263234978,-0.056052038478290336,-0.15304181857749483,0.9845495090386952,-11.63873633694841,-59.659962145313436,-1.3319235714286473
0.03213853881144935,-0.039604326200404806,-0.6330732255163082,0.7724098023741376,58.43227745041736,0.6253671417235864,8.662449315007304,0.03393179786854528,0.02635958519074148,0.7434884569628898,-0.6673670052714035,-3.0842110517491172,0.034231856495414645,1.5764933364194555,-0.06041526544205726,-0.03930572676986271,-0.14959458493677336,0.9861168874440054,-11.579705836370037,-60.828749099843115,-0.7824745264744806
0.029092482573583635,-0.04371010458560983,-0.635187237580389,0.7705713642679796,57.50554722719579,0.5041068435928082,8.630642282362192,0.027183977105295524,0.017015755337218868,0.7428086973299568,-0.6687351752599944,-3.0798566369630906,0.0640488630946429,1.5923338707194525,-0.06206241597625207,-0.022758433760099752,-0.14593181759748275,0.9870836919069592,-11.248084273369916,-59.944437468386596,-0.6838234309382238
0.027542302509882422,-0.04103086088778014,-0.6365703735898871,0.7696337112515884,57.5725334025625,0.46166021949898095,8.625323922955094,0.020086488333981137,0.00905432715177118,0.7391647028308936,-0.6731642401636871,-3.0858530638202164,0.08852028339842037,1.611917288199707,-0.058564579381320765,-0.012492768348786303,-0.1392961186915742,0.988438522164295,-11.124496852373968,-60.03301026296415,-1.02479426703514
0.02849572173979212,-0.03328057024846744,-0.6368629942535898,0.7697310725421037,58.94651118657731,0.5425329718109424,8.731542880848512,0.014162322995940516,0.006078190709502335,0.7385744146982457,-0.6739957849706492,-3.089377758349898,0.11646142213549655,1.6176943393407335,-0.050816379368857044,-0.01231327861920622,-0.13861617003064355,0.9889649317157418,-11.263369889786691,-61.39734809107341,-1.6559110283191418
0.03687869793092434,-0.020091058730180206,-0.6370544360697706,0.7696739286748945,58.054663334998054,0.3980887573260361,8.666026268963549,0.02052956488652745,0.0032673520447388063,0.7378755588274764,-0.6746165733668461,-3.100023886035083,0.13520510098105587,1.617714341506098,-0.05342327176225579,-0.02925137471492684,-0.13762314314345753,0.9886102273306799,-11.096097365777661,-60.50996484720885,-2.250412269926726
0.040053552160732656,-0.01777567773168761,-0.6354743803492734,0.7708774546970444,59.23745248802851,0.4618054008752779,8.799391554211436,0.025164860940309442,0.008893611458186797,0.7383490197120613,-0.6738904647932953,-3.1015157656331707,0.1506620683566239,1.5955498415255738,-0.053863722829140065,-0.04044215022181036,-0.1401329442672131,0.9878389999283406,-11.476593657357649,-61.6540254109396,-2.2821168193051315
0.040994298487088944,-0.018284681711701212,-0.6356626930507463,0.7706608064315492,59.2595720199846,0.4720392034073484,8.811926575448648,0.03696831918682251,0.017536551918435925,0.7394296251697078,-0.6719893169870328,-3.1036196033086636,0.1671405660488809,1.572636956713099,-0.05841066884277043,-0.055039402564977635,-0.14129603970183,0.9867088157583318,-11.451215330316339,-61.690685317126885,-2.1901961940760915
0.040693722182923275,-0.02396890771531213,-0.6346890605159958,0.7713230898262781,59.405006935378026,0.4242841472105283,8.834029018216604,0.04175348682708965,0.023012339191418135,0.7410210670571774,-0.6697871727348633,-3.1032600869955034,0.1840308916937261,1.5568248367006783,-0.06261734722916874,-0.058351268399143896,-0.1445228244497665,0.9857927523142249,-11.733476660075679,-61.80408826078341,-1.696781714706774
0.03968604094410807,-0.02667518383378083,-0.6351176406509262,0.7709338721677867,59.39970362449304,0.4039451110753589,8.838186853706233,0.0415206434532783,0.02311612284793539,0.7409057643811712,-0.6699256147800718,-3.1042780133397208,0.20043205676133385,1.5548652143254431,-0.06367870587420056,-0.05572472277675932,-0.14368281578024444,0.9859995061556068,-11.722694799811004,-61.80691976142777,-1.5228291051189495
0.03669364096566682,-0.03146943805929443,-0.6356919118286722,0.7704278320624991,59.610881054956565,0.3645251258294593,8.858353845940428,0.0383230418098675,0.02267279827653671,0.7428430876637183,-0.6679831104114714,-3.1145432873439374,0.22611376229211813,1.5585169795231866,-0.06299981049627562,-0.04806596697299857,-0.14563757695451457,0.9861594104784489,-11.783494840603923,-62.02625416554366,-1.2956382351416902
0.03511608080345567,-0.033243748298709415,-0.6364194997556516,0.7698259117481194,59.61849418700791,0.33866571249211574,8.852017257672777,0.03160917886752733,0.01974396797067506,0.7429603370375822,-0.6682970695200567,-3.122130243789785,0.24804437133785615,1.5608776444788706,-0.05993487905659565,-0.0391892716083938,-0.14488869381968444,0.9868532199200145,-11.736593733462946,-62.050534131568234,-1.2403485702378845
0.032357577362842324,-0.03395803889639313,-0.6371102827369641,0.769344088436601,59.061175703974016,0.22644586256546972,8.714682079619607,0.027101121889163696,0.015239586818565925,0.7428559806308388,-0.6687288510502167,-3.125604530220442,0.27011349799977563,1.5625781357741955,-0.05800516826595913,-0.03031918898598296,-0.14404441283043354,0.9874043520088444,-11.680668945001909,-61.48334964393637,-1.307602057465391
0.03225819916566284,-0.03381879545512424,-0.6368825215048529,0.7695429497189702,59.81270849156476,0.3241266081261074,8.860565948030299,0.021562063081804337,0.01308947165065119,0.7438174781343077,-0.6679066569435297,-3.142274498194353,0.29819157435516214,1.5626143987450356,-0.05495695502869212,-0.025211825466959683,-0.1458699745874947,0.9874543267738723,-11.79397216054805,-62.25372599150046,-1.402310070544515
0.031251536519168885,-0.03241281066765561,-0.6372276814190849,0.7693592354700571,59.12107976294021,0.12707635022366048,8.693176280006114,0.019923779210991487,0.010221952577549707,0.7442216030878693,-0.6675573085546858,-3.162026124382728,0.3209002995229877,1.5635336962402424,-0.05379933792347589,-0.02218099720706287,-0.14622253021969187,0.9875386606396973,-11.833052356884975,-61.54460226884914,-1.5150754289604942
0.03201383039216817,-0.027333464904877543,-0.6342289618399628,0.7719984587570874,60.12117986329798,0.22977043338028125,8.876538770107004,0.02314827662652269,0.005714267372404154,0.7446992954160541,-0.6669741103254693,-3.1747611108864775,0.34679154967047077,1.5607147296936779,-0.055953888115150945,-0.02470267655721924,-0.15107675253957212,0.9866279719417058,-12.406699284499652,-62.464248422422514,-2.050024640162299
0.032915930763014016,-0.025969468421741044,-0.6330387369895253,0.7729838844908755,60.194473407160956,0.23359906828022758,8.858220546660373,0.02164205699914837,0.010418485133519487,0.7453254380938535,-0.6662680150409244,-3.19034641396348,0.36935725880823517,1.5470613920867442,-0.051420193898503816,-0.028984035876803534,-0.15344612275849456,0.9863925064263805,-12.619842333821381,-62.509436304353336,-2.101621899318352
0.033487415539597054,-0.025669395835504632,-0.6327292914328947,0.7732226838891534,59.30173120539888,0.03238520966363012,8.709131620355592,0.026851242963318752,0.010362470380769337,0.7480972104704485,-0.6629647001502161,-3.1969198084079475,0.39647845492792566,1.541104431208025,-0.05560952942935595,-0.03303600393172827,-0.15793228038292292,0.9853291823009802,-12.711743274877644,-61.57861217957724,-2.020064645512309
0.03172578737947776,-0.028952582360056652,-0.6322689421587014,0.7735575008823538,60.204461063100894,0.15639637740923718,8.829905891208547,0.02775352004855649,0.01556146762843121,0.7485017339905171,-0.6623690338952696,-3.2203825277708806,0.42431984394354094,1.5383606294344117,-0.05431514816970166,-0.03415489163014163,-0.15891652648388985,0.9852049764730849,-12.90522873583633,-62.496883950201806,-1.8824897358873645
0.027231264230352048,-0.038104871906831886,-0.6306207120727103,0.7746767032061106,59.751887067950804,0.04387140611902396,8.754274722389248,0.028644944766560092,0.015305035980036219,0.7533674420101906,-0.6567973205883172,-3.2299691540747038,0.46129693712340414,1.540839851726166,-0.05913128994655463,-0.025408520387592642,-0.1679179248524867,0.9836978540965738,-13.292230399570013,-61.972204835722735,-1.2978977937787213
0.02531635732118451,-0.04075533484043131,-0.6299727639432579,0.7751337958209039,60.5145831901749,0.11098841075363453,8.838927375439582,0.023926310974034342,0.013972780372592515,0.753817796788086,-0.656499064963073,-3.243336911136793,0.4940852900093426,1.5449011557490393,-0.0570858828004037,-0.01823178002721291,-0.16940425498482242,0.9837230314346489,-13.542578181077804,-62.71838193242573,-1.1937760868122653
0.02610652927312464,-0.04053937290615023,-0.6278391841117454,0.7768480979365177,60.6093983204882,0.06472135798003364,8.842113084284833,0.019234978874789643,0.006992475091618881,0.7510434271392984,-0.6599355206614028,-3.2552624998324653,0.516441489168604,1.5539827590332438,-0.05822796244632048,-0.010362329467840124,-0.16815095574535457,0.983985458530396,-13.967870810359987,-62.7345975609494,-1.133424148406327
0.029594870231294642,-0.03596152821113541,-0.624779577839426,0.7794109258019811,60.215571869141,-0.03921185670878913,8.80068788112533,0.014101751262033307,0.006987056715276668,0.7511237082685615,-0.6599738604874333,-3.2827158978715185,0.5450784307537819,1.5542899576880929,-0.053169085843784616,-0.012752014614700616,-0.17238193335039867,0.9835115167033793,-14.469535180145307,-62.239908282630644,-1.307897544693209
0.03158418862977412,-0.03191513401517811,-0.6231969203593631,0.7807749110364636,60.26440582338279,-0.07283694327895773,8.795907108627247,0.015619970400840108,0.006079260158455122,0.7546499357032308,-0.6559135108104668,-3.2949841720208055,0.5683687229679616,1.548785854737862,-0.053208354674064845,-0.017382289578109014,-0.1797579345049523,0.9821170052414402,-14.761396388960462,-62.22871754962423,-1.554302589552746
0.033039335270439785,-0.029302244098300335,-0.6220306321411815,0.781746553234316,60.80845657021251,-0.024973415596605264,8.858343540695419,0.0158835120833762,0.012551747300893656,0.7566689196635468,-0.6534847463397999,-3.308414209256297,0.5839382712888295,1.5303999825871337,-0.04837210853040111,-0.025543584825107032,-0.1841556660906363,0.9813737081445171,-15.018188570094042,-62.741403498495146,-1.735784519019219
0.033002781940182725,-0.027067478517382695,-0.6199272383447798,0.7834975348711278,60.54301822090332,-0.0818548378849755,8.817620772457797,0.019667747546757812,0.01525746693474106,0.7604428824741195,-0.6489275860245308,-3.325450365030626,0.6008776611688541,1.5136562676191834,-0.047950799379963154,-0.03167865728707263,-0.19248134235042147,0.9796163107861621,-15.359696196391006,-62.39554833163256,-1.967379428355604
0.03261073758801811,-0.025782071338883224,-0.6169004344751821,0.7859425414976426,60.621148231659504,-0.12005149185245045,8.796252644809865,0.026075777009821697,0.016311910959977548,0.7619655747717713,-0.6468867275473289,-3.340980004415324,0.6160214145028693,1.497997840143141,-0.05117174162405111,-0.03707656257538865,-0.19859222609870303,0.9780428973720511,-15.910584852189228,-62.348312048241574,-2.1216619433293538
0.03447277139724323,-0.02375143729072621,-0.6110953280019455,0.7904492376826058,60.96162954079227,-0.12264699625745834,8.827840387850845,0.02647809144148005,0.01596379565969435,0.7627543999328944,-0.6459487543797592,-3.360272416961769,0.6288169359346121,1.4909092203586,-0.051558343292690385,-0.03975125481247759,-0.20700315902900335,0.9761717405916644,-16.902483906050005,-62.45915291365946,-2.205126657281554
0.03649822537449453,-0.02264501551544823,-0.6081600885012001,0.7926514931361893,60.95665480343092,-0.16286145764127014,8.764923648745306,0.028914803317010903,0.014677063453449164,0.7660393639425046,-0.6419752416161272,-3.3746302264759125,0.6444663267425026,1.4886018186611545,-0.05477128814945363,-0.042640163649476356,-0.21558806293378008,0.9740142245156668,-17.396223637046646,-62.33005711781771,-2.108614233318163
0.03759860407777224,-0.02285122586384499,-0.6070705269793084,0.7934289771119953,61.02900498857696,-0.17398663256108193,8.737759819992426,0.027697102020563268,0.017362304710033184,0.769731495883357,-0.637530269995071,-3.3889255264414127,0.6610237642786804,1.480795079811708,-0.05299509633133268,-0.04496233155102568,-0.22241572530373355,0.9724716724120773,-17.60787783148862,-62.3624645171318,-1.978941399244012
0.03622414633556628,-0.026646948295489484,-0.6058680447069529,0.7942931850216083,60.928866902136974,-0.26103619208288364,8.577509075957142,0.028853901608476198,0.016453742520152456,0.7709495918341238,-0.6360294439488214,-3.408483730072995,0.675733075721862,1.4816494509000777,-0.056532738163463825,-0.04152949962618285,-0.2256452000066101,0.97168080864578,-17.904910510506824,-62.18967575870271,-1.543326112561697
0.035208427288441826,-0.028170785372863646,-0.6055020627717496,0.7945653059871837,60.83785634679799,-0.29890464587253973,8.511585957274672,0.02690997803596116,0.01857265190995561,0.7740603868452323,-0.6322668955434447,-3.4274384108068343,0.6979795665520483,1.4751317817643692,-0.05420296793171514,-0.04049322589212663,-0.2307906295724288,0.970648248453478,-18.015956001946602,-62.080300227373684,-1.4125256790373486
0.025383719243943146,-0.03852375289315775,-0.6036763922639622,0.7958934606362453,61.132044063064995,-0.2860042758942427,8.520341320191129,0.022753916494372212,0.021204932773704978,0.7765555690273852,-0.6292805879119295,-3.448952991391946,0.7271636859778698,1.4705436011169764,-0.05119809264494035,-0.026082488219352523,-0.23675883786064028,0.9698678836896737,-18.511234718271606,-62.27047201674419,-1.074170267478614
0.02086576327809192,-0.03690861157411678,-0.6008706998702622,0.7982210072103557,61.206436719364945,-0.3219952212384669,8.467162729361885,0.01588265952360709,0.014226827026532845,0.7758252403512764,-0.6305874522642345,-3.4790911423317037,0.7502011032394601,1.4768057432914308,-0.04592170992034851,-0.013813655413483398,-0.23949542048494124,0.9697124950462638,-19.067207979575684,-62.196169891347076,-1.5199477647468211
0.0229068690888466,-0.026890025511533064,-0.5966725571863548,0.8017069672749711,61.34546788550227,-0.31832294671266936,8.433671422838675,0.009948069136784275,0.010547041230941747,0.7745184414408349,-0.6323851513988786,-3.5158557907309147,0.7730846415591727,1.4813798382907193,-0.03699509080219856,-0.01512831598064627,-0.2431008618485894,0.9691772120105795,-19.739124898015625,-62.13907707693394,-2.37041897579368
0.025492969950196835,-0.02122482275306508,-0.5943468726763308,0.8035243682192125,61.285984431943575,-0.3807520192439142,8.380030186628119,0.00806668465059167,0.0060001703399336125,0.7783143899648933,-0.6277942632170317,-3.5458145256221294,0.7948317107707595,1.4785179806550353,-0.03543952047068807,-0.01613241526955636,-0.2519428453311928,0.9669584211602902,-20.12034465119689,-61.96692830042907,-2.7288371216004714
0.030950025494619258,-0.016744039990697523,-0.5910630449919382,0.8058574376969728,62.0149250857304,-0.24495199838293047,8.699635462178161,0.013133132016610432,0.01006999984306699,0.7787744250876694,-0.6270857284103705,-3.569232394928267,0.7997009981357657,1.4583410046154537,-0.037079576744543506,-0.02948063306808365,-0.2564023942002983,0.9654086230766251,-20.64973488658482,-62.60094425345504,-3.085382543815041
0.040571919881244915,-0.010747380563445565,-0.5855352721016207,0.8095596693592482,62.187332352350154,-0.2984030102326187,8.638170518379699,0.02567088821662548,0.014577830906472777,0.7836581636905845,-0.6204904308894158,-3.5907192589283254,0.8088663989934632,1.4420560885939548,-0.04584304215629473,-0.05195870392042426,-0.2702316652080937,0.9602986804591718,-21.492671282359964,-62.52253760004572,-2.9596546093224103
0.03578402110415918,-0.02715230271443456,-0.5828066045182211,0.8113684231105266,62.25773088132979,-0.36071694541738,8.564627740813481,0.03586285466208561,0.024236173794161483,0.7904888540838447,-0.6109450344380543,-3.5922174885277127,0.8231651681124389,1.419252799751176,-0.05829864834421328,-0.05226387998773825,-0.2834738671158231,0.9557783849367308,-22.157944071157633,-62.41353895654005,-1.4997765433236334
0.028341950667240302,-0.03818791875491317,-0.5823576738301809,0.8115404835401894,62.19662254371508,-0.3725336700022126,8.483991945847155,0.03377338866830612,0.027105902538348214,0.7907718059932672,-0.6105772507321147,-3.6107290945878914,0.8408892138366647,1.4128966314238172,-0.05912602162110351,-0.040761070384951165,-0.28411101680066736,0.9560981010549204,-22.333977330213365,-62.3109143388682,-0.7897623412693131
0.0247115880324596,-0.04175551545988988,-0.5826043110256265,0.8113063731537846,62.075559690355135,-0.3568515358814466,8.407114629342207,0.02339897904057814,0.02143037989478674,0.7940816713606921,-0.6069823109501902,-3.6305711066704043,0.8804972011605837,1.4252915026826227,-0.05465509542340119,-0.025297109708418367,-0.28910639455324694,0.9554006329352527,-22.316312049194355,-62.202903093659664,-0.5946205753348526
0.016197511736294114,-0.04418759452143065,-0.576646138431737,0.8156373753916186,62.376777645198274,-0.3686202948626942,8.43434390392796,0.00924820366204024,0.008534825141420841,0.7918849830615696,-0.6105405810348795,-3.667110579843718,0.912639835981693,1.4492213329247963,-0.047502337367934126,0.001857490019792444,-0.2932782219828774,0.9548444701552035,-23.444143954335644,-62.14289078894843,-0.9284262910346295
0.019932840100388604,-0.030557074328772766,-0.5717656459618825,0.8196053887034841,62.54005025363773,-0.35672841793802945,8.412087894023557,-0.002781323390323639,0.0074305225271207205,0.7931703217848092,-0.6089481851643492,-3.7118424064024573,0.9412564280746504,1.4523557958383195,-0.029846926131468034,-0.0017022933792855681,-0.301847895134871,0.952887250098563,-24.218648584613014,-62.035816715660225,-2.10960226879574
0.024936763896040312,-0.02080500531071869,-0.5679480514011473,0.8224234435314048,62.669206116887096,-0.36549886821728705,8.414245627747476,0.0011443222032586089,-0.0023144378404683307,0.796555693233619,-0.604559642617076,-3.72696391071031,0.9433298466493287,1.4469861571274358,-0.03390370436552164,-0.0060321223038374535,-0.31178151217405975,0.949529589321609,-24.76965628205731,-61.945177177998644,-2.822460544370311
0.030656327560138783,-0.011705297870516933,-0.5647677020731945,0.8245972461009384,62.448589808289114,-0.46538809132550796,8.307746541649315,0.013505470603989876,0.008190235468494164,0.8029678284556502,-0.595813048507628,-3.751628307997697,0.9445519548269664,1.4060480610795698,-0.03417541099453763,-0.032022974772138155,-0.32521992568368396,0.9444779353210939,-25.159786958696444,-61.54448765440347,-3.3691855164682947
0.039053565016646606,-0.0045435878532842575,-0.5605176300892927,0.8272086564029615,62.704444349154244,-0.4392845926860218,8.330040738485405,0.026835978884072437,0.015989773961235115,0.804715816805965,-0.5928377615742023,-3.7697092134180665,0.939202171368165,1.3819086980298865,-0.04004512890608346,-0.057002329738985814,-0.3326254831565757,0.9404825410447967,-25.72854632121599,-61.59611036767984,-3.5987425915684312
0.04103090466420407,-0.009483632340617425,-0.5565559193275298,0.8297421492497251,62.694166199449626,-0.47318782874060616,8.276317750030547,0.036955207204190224,0.023961782392482357,0.8092331257710059,-0.5858343569644564,-3.7692854366604167,0.940840107962455,1.3634370206885134,-0.04903900431568422,-0.06809746972233303,-0.3440716107001759,0.9351858838665866,-26.376951217917668,-61.34405059954897,-2.888199933693836
0.0382017924211214,-0.016207127204340793,-0.5560598029541641,0.830105684610202,62.66480298472334,-0.4508964595776206,8.239687027076688,0.0352289052496081,0.03360100896045687,0.811651089927875,-0.5821103028212488,-3.773634238136813,0.9498098504650564,1.3502964799294284,-0.04595173350325749,-0.06905395738912189,-0.34821346526672525,0.9337383850757589,-26.50518511341494,-61.282862924649166,-2.3189425944410322
0.024977974156938827,-0.03552369632170073,-0.5566054835156707,0.8296411896277482,63.12128380099534,-0.3604179015560476,8.312827940198417,0.030015788265678876,0.024888223338584755,0.8129939772924758,-0.5809650778489187,-3.798863636020155,0.9703224572805639,1.3733281460465658,-0.05444129456043727,-0.03702416311460689,-0.3494370132727376,0.9346438522492273,-26.73370356025481,-61.74390182743695,-1.1105590321142949
0.01377567711489553,-0.04439194646130336,-0.555528365736345,0.8301974588444057,62.844463423711375,-0.30722158241121633,8.210453234935368,0.01882550143033797,0.015891464173586233,0.8154646999144367,-0.5782822710889326,-3.8181093341251575,0.9960804330454818,1.3960530696894062,-0.05096701947490237,-0.009213656004906735,-0.35468990032300357,0.9335483630095046,-26.855861653808496,-61.40137709268954,-0.8166017403165662
0.009241571931659306,-0.044817728718600985,-0.5541547448891944,0.8311549093024294,62.78133387643214,-0.26786565759778114,8.157733116262555,0.004288045436554119,0.004305738712935537,0.8146118271204397,-0.5799746928926891,-3.856977514641183,1.0096484952325524,1.418561772724456,-0.043046914199635064,0.012509878058607682,-0.35544091905369535,0.9336231676597965,-27.053949034578242,-61.27606835119375,-1.019954369654545
0.012048277486002287,-0.03512220955302593,-0.5491560748000879,0.8348945292166514,63.48015655156286,-0.25712079180732417,8.302848019916649,-0.0015282493175237386,-0.0040708952987276725,0.8124235693233383,-0.5830514868117713,-3.8738730174819334,1.0080596503453993,1.431452877646053,-0.036518506838017765,0.014927767511079139,-0.3582044502997675,0.9328092689295588,-28.036892124834623,-61.606523029617165,-1.9877253637824863
0.018769932484238572,-0.024959526358506973,-0.5465079075636888,0.8368714469073818,63.46164317025773,-0.2533396420642475,8.26323608965826,-0.003310578263004364,-0.007529184338270574,0.8162857315149993,-0.5775897817480735,-3.8967414662711835,1.0011578176968359,1.4304467202906566,-0.032559656796128156,0.007204955904102732,-0.3676927909166089,0.9293492179303178,-28.33242783651495,-61.44734159129259,-2.6287829003066596
0.03261932488495983,-0.010130868132775288,-0.5433801334226055,0.8387916164081263,63.425718471053074,-0.26491964359399844,8.212511984031327,0.0014822447913295672,-0.0015473719986494087,0.8166190829940334,-0.5771730086206912,-3.895234635600901,0.9764435297165937,1.4119309347534281,-0.02918415983506084,-0.020297799247852775,-0.37138435198546976,0.9277984410747564,-28.55940597465437,-61.26430283422694,-3.3083441379585867
0.04304443991315143,-0.004184698537598895,-0.5439588859146129,0.8379966556766475,63.40809900124293,-0.2334471239183813,8.116379861418409,0.01506976933634642,0.006047168446921032,0.8189230712262021,-0.5736735458598109,-3.9100862663581273,0.9557906809267631,1.3911150780618144,-0.03745940794744507,-0.046114275958493336,-0.3738766126388561,0.9255736301509164,-28.29495520754268,-61.382548198039856,-3.155919391279906
0.04465696758359161,-0.007095045591539855,-0.5459580107067242,0.836591457115986,63.76238443370721,-0.20696919500801414,8.214646312022047,0.02527534727139226,0.020260451590172132,0.8221202410303982,-0.5683915729581086,-3.9092427763533832,0.9344344789079231,1.3607126309978086,-0.041299408396911645,-0.06342963186338514,-0.3763767378223678,0.9233696940521348,-28.113567406992964,-61.88311601809837,-2.7992173997674676
0.03833456017785266,-0.014006241665506722,-0.5493187517892765,0.8346155975196302,63.5518903724564,-0.1537394942810124,8.063609838097253,0.0313421957417149,0.03277284744937246,0.8198477113094215,-0.5707830914601899,-3.9249369101306684,0.9103382109018616,1.3313558908253664,-0.0415196497146727,-0.06800356100784102,-0.3690205130456446,0.9259997274996105,-27.578641945154367,-61.91535125161341,-2.342117108006407
0.03343296176027858,-0.01847015285811704,-0.5506606337880376,0.8338548776121,63.68251653166277,-0.13950878260970967,8.090997796428358,0.030535137501446315,0.03880423769021127,0.8210279966717839,-0.5687485078628044,-3.9575142899475253,0.910328082980062,1.3247179089988814,-0.03827336693789785,-0.06611612677814718,-0.3695694566230966,0.9260573545382609,-27.497984531487397,-62.13724044335906,-2.209675835510298
0.014461528166980233,-0.02843131948414483,-0.5552527833574723,0.8310697147948818,63.74832083681753,-0.0020675304291444263,7.980834930021171,0.02515254164060272,0.03057268457405473,0.8180630086607418,-0.5737643893340614,-3.9653964422883115,0.8948128555862387,1.334411270384276,-0.03548406803812714,-0.034891613584262876,-0.3601258694364572,0.9315754474971888,-26.887027243398176,-62.46394854939716,-2.3387490835707987
0.012023163985679755,-0.029030311040190805,-0.5579866464853785,0.829254838341438,64.13728868236933,0.06923686984987398,8.074790337447311,0.01588487270109152,0.023313040894907825,0.8159091970341714,-0.57749143295685,-4.0108534122810795,0.8900547933663963,1.3501849539428037,-0.03079361400471158,-0.02124105295846661,-0.3536227019292049,0.9346397999689684,-26.591273858997788,-63.06099826359605,-2.505590376459174
0.012903835449360149,-0.02727850484427457,-0.5584704272746739,0.828975365173055,64.05220927876661,0.08146819515570769,7.991575314224345,0.1036879968718648,0.0053373047930826804,0.8522290245662012,-0.5127631053119823,-3.8744126563857018,0.9992134665585031,1.4340505288105896,-0.11283821249313791,-0.0593407863521238,-0.4172165111088164,0.8998203108035804,-26.50683169167334,-62.84167588856373,-2.4861617810646353
0.01958396835418491,-0.02347615176871232,-0.5612203663609426,0.827101589203723,64.176582690337,0.1084420754200437,7.989160856410372,0.005945447378667893,0.004763627952825349,0.8113945481852834,-0.5844491822899526,-4.053390781375295,0.8521163813171273,1.386114028399553,-0.0327382997986306,-0.009446417856072841,-0.3428680691070903,0.9387653892761273,-25.97657721141932,-63.39336305571886,-2.445713740753038
0.02339385306122598,-0.021505611133744936,-0.5629356684995659,0.825889623048783,64.1019818498084,0.1636110824312027,7.925871975641915,0.007057184133706999,0.006303447698070315,0.8108214969313515,-0.5852170219783623,-4.073090938175941,0.8367017832891948,1.3877175050654937,-0.03340771243318452,-0.015561481965880296,-0.33991029398886274,0.9397354718586567,-25.58971335703849,-63.488879542237996,-2.3172849189221196
0.036278343457860206,-0.018045555897649782,-0.5704624165084062,0.8203236379988621,64.2853211582609,0.24154793940817854,7.89326892945013,0.01396858365413754,0.007714820456334158,0.8105071843968055,-0.5855112844832171,-4.081051141167356,0.8114606991400781,1.3852496002893604,-0.042925176418819,-0.03313518296755112,-0.3303340681259926,0.9423050951334457,-24.282718804615232,-64.22032760413526,-1.6550128096161807
0.03684855997863428,-0.018090610112279405,-0.5740137017882062,0.8178161062321203,64.33208824539821,0.303090081509481,7.876100442361391,0.016141286642090934,0.017253419248620658,0.8043067136280323,-0.5937444642290518,-4.109570138379247,0.7758565992949668,1.3737254566254435,-0.03972593280886649,-0.042271788415797186,-0.3160297575498853,0.9469742016071802,-23.656770427525608,-64.53394440557526,-1.5786777234860219
0.03117282400211003,-0.018529052353801614,-0.5789454350614055,0.814559459145963,64.34463656250017,0.4090866994947646,7.861681693187322,0.01889123682643592,0.02615567662551172,0.8065825855641029,-0.5902402344945283,-4.123007262972503,0.7538245191386324,1.358779374517688,-0.03358999197310163,-0.04644921390568989,-0.31412720228317886,0.9476488187891827,-22.81008091014385,-64.85439055168018,-1.957822460046663
0.029685769545906158,-0.017673868540121797,-0.5810354201850267,0.8131446549954707,64.53702460796757,0.44353559932437747,7.878041909528509,0.01710424541838516,0.03155029710379073,0.8025896173020667,-0.5954510305140569,-4.118634149466453,0.7226574862162418,1.3413878439009128,-0.027437671060603207,-0.04889469506086643,-0.3054044247157632,0.9505706814149639,-22.482601262998802,-65.16252609069049,-2.1870228045771087
0.02718623859338225,-0.014466902713559271,-0.5832468277174702,0.8117110046774825,64.56439290126258,0.5221475680214098,7.878310999131514,0.02045120940994902,0.02410960386654981,0.8004426090125707,-0.5985750618863248,-4.138832464320239,0.6976610391480893,1.3474712919318739,-0.030391551565191847,-0.04459963035008464,-0.29965975325225525,0.9525183771701696,-22.044568985243696,-65.34060666613037,-2.73092413856892
0.026625389987313904,-0.010445518810491798,-0.5861603425884037,0.8096900842430074,64.67279581899572,0.6014336034377266,7.89797516792536,0.017307290687586716,0.0257935678393649,0.7987837121905219,-0.6008158875115577,-4.144512736714088,0.6695487863648527,1.3407643563118732,-0.02323504270032085,-0.046021737753438666,-0.29372525732583243,0.9544986147992786,-21.484183811737637,-65.6260509495954,-3.2364939150934684
0.027649116965961604,-0.010963725926249744,-0.5885140597104399,0.807939678792887,64.9651232253205,0.6549060866836953,7.916408973987981,0.018883993729299477,0.022168054442365654,0.7956973102934785,-0.6049940185942304,-4.172096010963105,0.6384983844215946,1.3470251270454316,-0.02766227372634927,-0.0443912859937225,-0.28600797724962734,0.9567986461579514,-21.11639037831154,-66.08864459941957,-3.082412929746684
0.029809783366412133,-0.014138864982084557,-0.592216388246265,0.805103234874395,64.9144305572292,0.6886975654438174,7.931808905311922,0.025107804218431874,0.019945784355411843,0.7897191323234702,-0.6126299502114156,-4.1706488503813945,0.6071014374023658,1.3519558329776629,-0.037830252310420275,-0.045807132742536456,-0.2720463562655834,0.9604485195171353,-20.437988151838095,-66.27088933491375,-2.5509190897440166
0.030492920254714045,-0.022742439264194395,-0.5973010652827229,0.8011144741438506,65.19314610055,0.7585217502755768,7.957509962595523,0.025052324234730385,0.023916240779703866,0.7927306697702784,-0.6085872818938718,-4.189320137492409,0.5979316107503636,1.3586383992893105,-0.042370816025049766,-0.04445534041028144,-0.27025915487276925,0.9608269489693938,-19.649896472292713,-66.85107738951055,-1.5207027536195674
0.029185768708159726,-0.027558279766902085,-0.6000067292234765,0.7989872696155733,65.19614456512915,0.8075366371236896,7.968977527579884,0.025898431385144645,0.020278206249257993,0.7927409037447771,-0.6086706212172684,-4.174682315394405,0.5820567338556282,1.376711531167178,-0.0481365523519711,-0.038104099148008386,-0.26687787032958354,0.9617729213718438,-19.160214220026273,-66.98904950361464,-1.0834536846485017
0.026090131342108847,-0.03264720465589186,-0.60317671326139,0.7965119695609695,65.28115616803802,0.8598466900566564,7.98462095357775,0.024788619403269898,0.017778613639006454,0.7864829238993608,-0.6168582135789934,-4.1568780075691265,0.5633589344892004,1.3904440418757018,-0.05079116710911697,-0.029493542984099275,-0.25309542743056224,0.9656568194134394,-18.613836264180446,-67.21709726105534,-0.7736922081294049
0.021425827908029882,-0.03571778996009939,-0.6059797311603646,0.794388909037402,65.33326927370496,0.9150723675912786,7.9947932264280155,0.015409227379296375,0.018450504782969314,0.7846815149857534,-0.6194328491648546,-4.171440448047781,0.5609878044067863,1.400448948851337,-0.04235923856341229,-0.01868223453226804,-0.2470328403352539,0.9679005345680445,-18.143052259777075,-67.41411837685781,-0.8256657944999508
0.01878649449733397,-0.035046426455367985,-0.6061100467396554,0.7943861950326572,65.15158256567491,0.9734532362803066,7.98530596407198,0.006362392098924232,0.017934651845537327,0.7807668219912722,-0.6245326555974539,-4.17407961183227,0.5542652994145869,1.4073712419024447,-0.03327969008590762,-0.010883583432934944,-0.2411349595097898,0.9698597533363555,-18.03135627414038,-67.2539978103213,-1.1235432923129858
0.017254990634772906,-0.03471235137311281,-0.6071932431548562,0.7936080162318366,65.60850874281999,0.9470169907950776,8.016591191224126,0.005713139446349286,0.00939059974977833,0.7784095582752839,-0.6276605262876449,-4.162825025541007,0.5439447355873468,1.4178998642104423,-0.03668278714718715,-0.0025653118142016274,-0.23628048358722686,0.9709888389565539,-17.992442919504903,-67.72282606274587,-1.2786861036175834
0.019821355505191325,-0.02288810023827161,-0.6060793587454626,0.7948276917899304,66.06804084798773,0.9840529804816924,8.052816188737747,0.005045636554471401,0.008395321557311625,0.7766838552228933,-0.6298144561407061,-4.169510074836258,0.5339722191966477,1.4192664120307705,-0.029182774719546483,-0.010710560628483457,-0.235330402502543,0.9714181649571325,-18.2108667677756,-68.11927989111513,-2.376584450481129
0.02756825216475217,-0.0174252680222117,-0.604994214210434,0.7955616583765424,66.09374325401996,1.064294080289983,8.05988676294005,0.010532627690369369,0.002251460492024433,0.7768403160392006,-0.6296055257506115,-4.1514073031165255,0.5115961794215791,1.4232071271066924,-0.03791100879687171,-0.01860843914575484,-0.23687106711679945,0.9706227789247021,-18.210569306027853,-68.13023347756322,-2.3191852440378127
0.030455506647579973,-0.015879755791112966,-0.6038483832621312,0.796358854727292,66.16869404656421,1.0608513129394623,8.065823619125059,0.012160867941839295,0.010136441197585416,0.7747881346832103,-0.6320227149437437,-4.145260925999923,0.48872155045420984,1.4144081881602646,-0.03511555960247141,-0.028975763967431352,-0.23486167492349358,0.9709620467497379,-18.373711546221752,-68.1611735280701,-2.2543448885938675
0.034508848239823094,-0.014816687903526568,-0.6015373661264162,0.7979614040205355,66.44421520229332,1.114846685256225,8.088618539200905,0.02048109918277551,0.015123817665576888,0.7806765616393704,-0.6244164482317982,-4.116153492804685,0.47936636953110734,1.4152406628460685,-0.04036051863333334,-0.04207683459107581,-0.24651457199316806,0.9673836541525128,-18.73527208845996,-68.32686223572256,-2.032957130001662
0.033535758123843504,-0.01709759921845206,-0.6005697970836696,0.7986857603957292,66.52456405168323,1.158664388067109,8.100827975406752,0.02316353663941385,0.020468289238239987,0.7800147556275878,-0.6249971845610576,-4.101986901519263,0.46364546608115603,1.4147849683622749,-0.04050388464556707,-0.04573148645698616,-0.24654978544556466,0.9672028069499174,-18.883244417670152,-68.3609603146936,-1.8703227140501981
0.03161075651728456,-0.019906609458862825,-0.6005114768798498,0.7987430457336321,66.5416094679843,1.22726433347907,8.1232488737521,0.029382097953988075,0.023947303204744946,0.7751047675567965,-0.630694710854441,-4.077894772856995,0.4462769116842667,1.4211371399221817,-0.04445456083405611,-0.04871868372091711,-0.2390282402055614,0.9687702422462123,-18.839258895698375,-68.37186476403441,-1.7358154329831406
0.02833165564899695,-0.02328885497569208,-0.6010892138182234,0.7983399674032974,66.69672892459636,1.256123771071202,8.14162321943894,0.027644988613749644,0.021268559307587476,0.7802673057248013,-0.624472845371586,-4.051790909002884,0.4435573304707801,1.430088528181453,-0.04514967945803739,-0.04115965250403603,-0.2463082901138778,0.9672639844798117,-18.78777313267207,-68.52292461379086,-1.6390252790937803
0.027468627832736677,-0.0241606626290784,-0.6017228104827204,0.7978667784856609,66.69962575058321,1.2592254299204342,8.1466320085276,0.022788121775351933,0.019967302461560806,0.7819400956941754,-0.6226168124008088,-4.047505552560452,0.44276094570802244,1.429477723997271,-0.04216172430416898,-0.03607936669485124,-0.24814223638636893,0.9671329271738033,-18.685539825118,-68.55046893161648,-1.620856026865806
0.025291320655054985,-0.024414235737019476,-0.6007178062212345,0.798687931223233,66.9350173328304,1.3477640769406207,8.214533576699896,0.017555801235502475,0.018295830099243945,0.7802584535746039,-0.6249430390598224,-4.036362361961324,0.4382070074435263,1.4212822888476238,-0.037886024262914667,-0.029635001161980767,-0.24687726149208536,0.9678522788266026,-18.849642805782256,-68.74016307785722,-1.8420746534510433
0.02780016507278896,-0.019267971280697783,-0.59987668030311,0.799377172887225,67.1292451695528,1.3530255876069077,8.243301898734519,0.01569934842408192,0.018104424913888438,0.7801211802474564,-0.6251693405685474,-4.031740009974142,0.43547905330505243,1.4059227979438056,-0.03410044180599809,-0.033531689707983994,-0.24778075433239743,0.967634994942014,-18.99491066225288,-68.88881185868668,-2.2366103735115916
0.029407434826369216,-0.017001130064751905,-0.5990236657465982,0.8000105075740956,67.07340498095914,1.360100742828763,8.266113153838326,0.011599348897977224,0.01935868995553983,0.7797400680887737,-0.6256965098554275,-4.033798937334102,0.42165790580012796,1.3751886454449433,-0.029339879227116384,-0.03472804736315691,-0.24822673921663674,0.9676345488618916,-19.079675802693053,-68.80955920329569,-2.4104974857408754
0.034562288784244846,-0.009659334153188549,-0.5970934159386649,0.8013685781838517,67.2158391580615,1.3587095846725106,8.313287156715468,0.014981861075853236,0.02144011508814039,0.7786241718989487,-0.6269451843968399,-4.046450161865872,0.4013225775046908,1.3477040900512929,-0.02839389272394552,-0.04698216560292441,-0.248734369564822,0.9670148273777559,-19.339547996311605,-68.8879201657585,-2.861145748046547
0.03733507740560353,-0.006785932055038424,-0.5966305534936882,0.8016183791300429,67.28106445371577,1.3695411678465916,8.346146930054484,0.019357836496287133,0.03320394020660622,0.7756558029611419,-0.6299847997004732,-4.037609263142073,0.3687941616939854,1.3059265463619552,-0.024491191130140668,-0.06285050082955605,-0.24454073515363797,0.967289938411963,-19.342958456249804,-68.94693187593248,-3.0149562862895403
0.04109920730933294,-0.007122034082624632,-0.59600206259544,0.8018987923491665,67.53209552242168,1.3845008478833734,8.390753344353605,0.02161708532442069,0.04190905184378029,0.7744859519323297,-0.6308310734698356,-4.037888403450722,0.3312710815495073,1.2672774813464653,-0.023799405687331406,-0.07382860379368442,-0.2432063421802996,0.9668679334190807,-19.441785206269884,-69.20089920606826,-2.714468184750193
0.03928449804862407,-0.012969467141476223,-0.5962961493689352,0.8016978379557441,67.57507588713736,1.3786838658569422,8.418077088577984,0.025946342523475118,0.05064795440139616,0.7773822452548116,-0.6264490536246317,-4.047686569667403,0.30186525485697585,1.2313484774229502,-0.025291916631841764,-0.07849042055739018,-0.24735031713113495,0.9654104792516698,-19.447091712125427,-69.2770135359087,-2.265993795441085
0.034417334968314214,-0.023102141114281688,-0.5992218164354166,0.7995091949674216,67.54573373296802,1.42709418042773,8.484106459198305,0.02301382531697203,0.05820219997648854,0.7704649991750897,-0.634402516394998,-4.026544168112027,0.2671169039134563,1.2045450262921016,-0.023157572007910292,-0.07218487575905694,-0.23331118976310553,0.9694426023760623,-18.952779317655047,-69.39073734698778,-1.6267306060126903
0.030184526976202244,-0.027494646350587966,-0.6015707526232857,0.7977753871494987,67.48218660489113,1.442984939115604,8.508907468060801,-0.2019597301921101,0.14878113497231937,0.7441460190991822,-0.6191309582922808,-4.189339144921938,0.16999544901508193,0.8817508894200393,0.21147267454335866,-0.002639769506606374,-0.22227222510691524,0.9517706643327749,-18.522756596740138,-69.64294631693087,-1.8355215547995454
0.0276321542278483,-0.027222085939902267,-0.6029791759178559,0.7968133630275239,67.98933683251886,1.4521483983747885,8.511805847451097,-0.0012707383710951533,0.05056844514952234,0.7648900315179199,-0.6421716727353112,-4.070843235395818,0.2151335357769331,1.1675015521042362,-0.007062228175626082,-0.043181690921729084,-0.22089572941000438,0.9743154228640527,-18.436875785801007,-70.03605039548707,-1.7809601435649118
0.027605783331435076,-0.022113180264321023,-0.6036904576066718,0.7964337758909417,68.19288920000781,1.4457383900806917,8.543401973363753,-0.005025111064837435,0.04184268204625189,0.7632684206485599,-0.6447055578003149,-4.1006278932414935,0.18066620495983904,1.1488914710208953,-0.005413698065440579,-0.037105446084347245,-0.21764617823766133,0.9753071407729351,-18.325161565533875,-70.29273913667,-2.3981420257977124
0.029703767113206322,-0.019677412032437423,-0.6038943304713782,0.7962676204012795,67.98750856229896,1.4465562687207694,8.551955977465038,-0.016017312977303213,0.04267287365930463,0.7560734499239739,-0.6528977024455702,-4.1013124142022575,0.12348846262170154,1.1011756625998919,0.004252884054304067,-0.03391715563896687,-0.20680322010075944,0.9777852359728795,-18.14529743377158,-70.13045507013958,-2.555425247793309
0.03164638690465216,-0.019476632979348967,-0.6047460251836495,0.7955510115562958,68.01701925788109,1.462917245100698,8.548095950230113,-0.016418479896955024,0.04447862656938067,0.7538264212842711,-0.6553608257060559,-4.11266378531235,0.07115430640106289,1.0604157221500612,0.004538208123764099,-0.03654766621825574,-0.2022927064653823,0.9786323792272229,-17.921299965864833,-70.23957601069856,-2.4336196411638995
0.03169340324273607,-0.022629127709443694,-0.6055460947527684,0.7948568285544726,68.0008097170176,1.45870428945193,8.542465866510625,-0.01998763354909854,0.05089607218491571,0.7525762755018185,-0.656230930308124,-4.130741942188351,0.01599946298300381,1.0196535305760486,0.008878888618936823,-0.03735342692534156,-0.19965154745961608,0.9791144705450974,-17.749396656533406,-70.30056746943306,-2.1033257539997825
0.030181532944497918,-0.026464171265687612,-0.6057182947996569,0.7946660116384345,68.63664733426805,1.4695204963473998,8.607850176535312,-0.02088244998621917,0.05342919042595804,0.7477447254203904,-0.6615036436021987,-4.157215112452612,-0.04105421366344811,0.9915130542356672,0.009203972872300398,-0.03487141601115981,-0.19246252152885762,0.9806413457709686,-17.861787144684442,-70.970355454984,-1.8444629620409028
0.028588003895089576,-0.029557866797292057,-0.6069958938552733,0.7936403740905106,68.64316321484631,1.4978522545326314,8.604261733318594,-0.23655848563199358,0.23807050487714007,0.8252027244041733,-0.4543159486733561,-4.395525256008726,0.18046506072599927,0.5715225884680154,0.29487096562075965,-0.055514623520100996,-0.37933248722629226,0.875257735952112,-17.91632491716334,-71.24457025935916,-2.0314848638628376
0.027996521472943067,-0.028537559382750953,-0.6072428816182396,0.7935098519954669,68.4438050183175,1.4793865302438007,8.580597583394074,-0.024664757180119522,0.04753779912460127,0.7392909584909756,-0.6712530715766816,-4.174059333109177,-0.14152082252367193,0.9644841888439626,0.008548407284470032,-0.024285864526254388,-0.1783939885331627,0.9836222376361472,-17.466098001910844,-70.89158699915114,-1.8179824467086387
0.028858324864433158,-0.02604353659694077,-0.6073589738246669,0.7934759027230696,68.8281637233431,1.4928513818615556,8.613643754831003,-0.14397256626837204,0.19196012501186435,0.854405856994456,-0.460883762028017,-4.397447848849938,0.13663366355435383,0.6955477810872617,0.19527538299499192,-0.07752638203686814,-0.3962384770627218,0.8937853512893617,-17.843089218146826,-71.43489330048479,-2.2816543936731173
0.03218665639976448,-0.01839918470150501,-0.6059477103456651,0.7946400829803196,68.60774991632752,1.4730439266345456,8.601166924730045,-0.04009254165052541,0.055374192386278324,0.7321697636429346,-0.6776826131225572,-4.234698791216376,-0.2355564365615565,0.9151743508778338,0.030129341581977255,-0.03080585805855772,-0.17012657394945097,0.9844796446455023,-17.579125420682143,-71.07741386072898,-2.6441858996989134
0.03369952602392594,-0.016067796545958524,-0.6056177670111824,0.7948794173585763,68.7218216793147,1.4835465072831084,8.610831254918871,-0.04278815193387847,0.05939937014153821,0.7218418280968184,-0.6881753149385084,-4.269126570749432,-0.3127596185191443,0.8766647137057529,0.035195145619024495,-0.03457033822356575,-0.1556917948973335,0.9865729868801448,-17.561522125679463,-71.23505755294863,-2.807506061564964
0.03664399944603601,-0.01414137560363573,-0.604134560324984,0.7959137339068688,68.7019652659252,1.5076449345842775,8.669330617383622,-0.04120721880022403,0.06381481644874107,0.7192780537645639,-0.6905568156879093,-4.2786064320511255,-0.36982136091672196,0.8438367433744535,0.03587378276342244,-0.0424881851236114,-0.15353833992402202,0.9865768110028332,-17.70090654880959,-71.20030634748187,-2.849800484490242
0.03750068519304331,-0.013880756854254188,-0.6040405009906437,0.7959498076902698,69.26381697427934,1.462284667074755,8.6526997652471,-0.04183899855372487,0.06610807047453228,0.7206154779469381,-0.6889067819099052,-4.277935912394894,-0.4220916148684791,0.8141600851210387,0.03739653027120254,-0.044807282982424444,-0.15554781243615062,0.9861027760643087,-17.851966263412553,-71.74249179136247,-2.775818443232195
0.035723048148343955,-0.01661793392393955,-0.6037816917190185,0.7961754686298811,69.09612664893132,1.492117081089873,8.668747589101383,-0.045554836899508754,0.07319021227905384,0.7109572697772669,-0.6979310210991202,-4.319536169142148,-0.4864998653096141,0.7950988083869523,0.04371368940109555,-0.04456646425880242,-0.14279121461060706,0.9877821686244599,-17.811453901457057,-71.6338592745383,-2.6666706792536496
0.0328279495764268,-0.021597315916727818,-0.6030101179354936,0.7967651343647152,69.43683754040939,1.496551310849668,8.705929166539644,-0.04613021247068599,0.06870202895573528,0.7084906312909562,-0.7008516676784874,-4.314985544641877,-0.5324770101243244,0.8011464998338829,0.039873944325347896,-0.03504417631147971,-0.14062092828426653,0.9886393320109514,-18.05405828655262,-71.93311597135641,-2.3689152245315444
0.03258257729495442,-0.0214157196645511,-0.6029870437692071,0.7967975700606399,69.5887853164877,1.4997918069175284,8.718837416437108,-0.049582426251528866,0.0728250611577073,0.7070769079259611,-0.701626923480171,-4.360700461015561,-0.5733369583791396,0.8070689783230396,0.04541635078679297,-0.03614181364528677,-0.13901423281991496,0.9885879664759888,-18.070699619209787,-72.13245075395639,-2.404111676554175
0.03158495638461473,-0.02223945222798503,-0.6027297617810012,0.7970098064379125,69.26745892226921,1.4916518380399566,8.811983066115072,0.056323416453443784,-0.0757404351690235,-0.6985901147790664,0.7092692794506116,-4.381062656465396,-0.6169636385646162,0.8204326804285151,0.052602828951129756,-0.03270924824081095,-0.12814581190582128,0.9898190230324213,-18.015319202737366,-71.84426666901066,-2.5030957520737833
0.03164833137424534,-0.022318469014220826,-0.6027129468535112,0.7970177995234761,69.10897305053174,1.4435760616771631,8.827525226211279,-0.06814213461264097,0.1591461618214899,0.8307041137161099,-0.5291122982156558,-4.460360690283885,-0.3325248438791444,0.7357334959054024,0.11494438098557919,-0.1002535995723644,-0.33966724994877096,0.9280965275039366,-18.316310194353942,-71.68557971709704,-2.601717968729068
0.030771060804790862,-0.022083878611074248,-0.6018808125756606,0.7976872391957274,69.61714567362395,1.4934457729260657,8.811103002277218,-0.04380127605209202,-0.006891545327967732,0.7068660940456003,-0.7059562875333837,-4.337388817364853,-0.7168526674759271,0.9477482406114928,-0.006541538799057409,0.025699678786432457,-0.14013588128048293,0.98977708073998,-18.161171452219044,-72.11226851701795,-2.446123442289158
0.029264097061758126,-0.026524498942447725,-0.6013063479539563,0.7980418156270307,69.56810783102787,1.4299857881874232,8.872331396662656,0.05034508345796675,-0.06712061921974728,-0.6832432449299681,0.725354301913717,-4.44381186876331,-0.739646567237947,0.8810618744635135,0.041188012803178235,-0.02404707977900146,-0.10846768723963361,0.9929552086475566,-18.358330517947337,-72.14208573217269,-2.1961597364771963
0.02915761596141838,-0.02685359899365899,-0.6004037274714612,0.798714017462389,69.64029046600189,1.4130412868424855,8.872075091043577,0.05190457606618981,-0.071922505871315,-0.6822644554003193,0.7257053679213662,-4.463177467062881,-0.7681125224563264,0.8966816929414066,0.04515835857679588,-0.026687216704456576,-0.10851471206498041,0.9927099638769994,-18.537784267952894,-72.19026766240717,-2.1457168419716117
0.02932025658322713,-0.026278938374288473,-0.6000612606483973,0.7989844951066761,69.62843253559532,1.376476580500821,8.862134940571984,0.04930119391456408,-0.06684137328752147,-0.6798228221679691,0.7286580498115799,-4.505158820954638,-0.8124422298593007,0.9308501563985803,0.040270345215268226,-0.02460570390669353,-0.10526420320182552,0.9933238677066932,-18.595805317630692,-72.2014762728303,-2.1514785424565908
0.02905439970387288,-0.025270831086172157,-0.5989415034748056,0.7998664278299229,70.1413667724467,1.4779213429193305,8.913622213094307,0.054531264353564736,-0.06896875533087878,-0.6714978831954747,0.7357718701201533,-4.529693854826351,-0.858068064344777,0.9591857854397022,0.0465792580479056,-0.023421155750982286,-0.0957985076086174,0.994034440109072,-18.805127400820894,-72.70272817706616,-2.2754559202188522
0.03199998807758194,-0.019500737721653873,-0.5976880035702536,0.8008525284842087,69.62419169284959,1.2638118480912226,8.74746661454408,0.0488556572577218,-0.06502358081917635,-0.6730722702810722,0.73509099958444,-4.534712275568101,-0.8814966579523235,1.0050794226998487,0.04134168181729776,-0.030077346700555115,-0.09854852507054379,0.9938180954110225,-19.00803363436235,-72.08672740600528,-2.5076552910578758
0.0326497582383583,-0.01888561543746451,-0.5958006722683833,0.8022461503435634,69.60681663873896,1.2076473291646153,8.713483887033039,-0.11730278214914198,0.29252084730092015,0.8826014376114039,-0.3488356540273743,-3.4066727469421694,0.006121606438308613,0.6898321649369575,0.2403319517739486,-0.18701339472499243,-0.49289168872011124,0.815060934127379,-19.905854934370545,-70.65458481242159,-2.9118495168814476
0.03129200271425565,-0.02558497297925895,-0.5930667222946042,0.804138099228308,70.55018849112639,1.4052056033937106,8.951333880773845,0.03644576079849601,-0.06393551112745689,-0.6664906502876732,0.7418720711927388,-4.584606180759733,-0.955520866538997,1.1021662623021282,0.02695864069209074,-0.0316732628352211,-0.09490268066908207,0.9946172717760475,-19.95855195491079,-72.87304888987673,-1.8959909050306076
0.03115235544309367,-0.026707291612837265,-0.5930530645369161,0.8041171021489512,69.87922462183582,1.2125459563221739,8.708846763773451,0.03368212102980453,-0.06483594188615689,-0.6692882460887064,0.7394018251331083,-4.5867330117338625,-0.9666707788757841,1.151545053645377,0.024626538751285156,-0.03326288978091149,-0.09856137254918247,0.9942699681644698,-19.94185699286732,-72.15944818831277,-1.5417580340962245
0.02937054371550128,-0.029596501868386728,-0.5907761999968011,0.8057573454560313,70.79440958388244,1.3770133073981015,8.941658377931116,-0.011928374461442527,0.201745145696533,0.9154527625829076,-0.34799834705054955,-3.1091816709995936,0.037366302181356115,0.9767710045106797,0.09148250582088105,-0.17209844497284946,-0.5264713203294672,0.8275512221229615,-21.012720953635164,-71.28876093963173,-1.831121829708265
0.03030140319250174,-0.023964755878340894,-0.5885404449235712,0.807544215587866,70.80479659746652,1.3166992194019258,8.890733517347009,-0.08783937506756014,0.23840509268147927,0.9024422473080214,-0.3479155734440808,-3.693079309227736,-0.1281347556928799,0.9417721387029481,0.1790760803365467,-0.15983318328731472,-0.5188806706686012,0.8204559467625576,-21.451850303816723,-71.75988138422258,-2.354695115917055
0.0332045826329369,-0.013290762764711228,-0.5837301985170672,0.8111595814983202,70.2581865162847,1.1696790230088254,8.728856468541487,0.04109809458218721,0.37672096475781514,0.7975139444453205,-0.4694291956716376,-3.8872638722279653,-0.10125484797669676,0.933711716774336,0.16037952118679133,-0.3498130646184793,-0.35983599240719455,0.8499572269087737,-22.251680844076073,-71.09293103263535,-3.253494232843135
0.035872933320553274,-0.01302535158522154,-0.5784691525983,0.8148109672575997,71.10436649031806,1.2074197681233727,8.812138261664131,-0.053513209899615444,0.2636084800291745,0.8833734868678276,-0.38379446103601367,-4.087545211093606,-0.27198077532604403,1.0078842607441807,0.1708184410225079,-0.2105254798065313,-0.48900976758364617,0.8290775173448247,-23.289741343813716,-71.87143328959276,-3.0006027443823724
0.03385175120551471,-0.022852136720743058,-0.5769107340527969,0.8157854152424394,71.1472133514394,1.2016357865088594,8.805411979271287,0.012951965289135541,0.21849496203902344,0.8854969997871558,-0.4098624909974817,-3.1358161435428116,-0.047099084590488116,1.0663274710034096,0.08137600297650481,-0.20632652158681308,-0.47822904994904114,0.8497671965981577,-23.567740188670907,-70.85166280806787,-2.006175089061437
-0.07016158852629631,0.012705300068482302,0.8897245705336787,-0.4508947941973797,14.755266401523613,-19.94287336610637,4.280331631362003,-0.1780374396027451,-0.13396024181389274,0.692520909473449,-0.6861283507150314,-3.068603319447732,0.05973712618892535,2.0607801130852597,-0.09585010490499815,0.17893535963776924,0.28655029675789306,0.9363139547656899,-5.431980002565997,-26.322564386615696,-0.580830993594672
-0.0687729620756778,0.014321801315948412,0.8828750224737466,-0.4643240898191536,14.729813805657102,-20.14855244924786,4.280603452209945,-0.3528875914977195,0.3741655817668026,-0.4947454091497854,0.7004979980794095,-4.274025127730351,-0.24642692895584628,3.0117732012670584,-0.5494566238497444,-0.16181426118859174,0.36805148460891596,0.7324286095318805,-5.589622209396506,-26.968848687670594,0.5364220866525273
-0.05942857946727462,0.01931514211660929,0.8726345751143278,-0.48435944043917784,14.614279955408222,-20.373371345660985,4.290841964769108,-0.2424851300017589,0.021975226800459467,0.8287911387711292,-0.5038087925290239,-3.359328739427263,-0.1038616239514708,1.9262489173557262,0.09067744509105959,0.1614342582090952,0.03483048115636828,0.9820913495243978,-7.5668144415677965,-26.112110402691574,-0.6292405565005734
-0.05195892362915058,0.020168965932385496,0.8509219570996858,-0.5223268191411955,14.56465760711501,-20.833305573757457,4.3231137299511175,0.19324579486129354,-0.38371557036726783,-0.47394212579650186,0.7686333880476712,-3.196721316486512,-0.4612125495079037,1.6139721356504946,0.377953179351353,-0.04511082546109854,0.422534223988278,0.8225455836627209,-9.995385200055987,-25.23070908070578,-1.1540353641445418
-0.050666918683374626,0.021646298551082552,0.8412104969094187,-0.5378932988981912,14.469759567503104,-21.053748383045445,4.340896767371923,0.3978342611015669,-0.26374924700485275,-0.429379630413286,0.7666794430427187,-2.8204575265151104,-0.5093341592336116,1.3343779760267132,0.38772125358254345,0.18763383321411942,0.41873009183065557,0.7994566181784024,-11.254410761634702,-24.519411530018782,-1.4833795301730788
0.03814170840270098,-0.017215412530231334,-0.6585966735208061,0.7513316586427502,16.730822778066738,-28.963328022499354,4.350127309065833,0.20827404283918385,0.06819689780110126,0.9441631339104011,-0.24602252493261242,-4.360030664432993,0.9972489164722489,3.1139038543432376,-0.13720650927493105,-0.22018369581355465,-0.5411633671417165,0.7998973208945708,-32.441729022190344,-17.0611024662224,-0.6644686349848028
