x_rel,y_rel,z_rel,r_rel,b_rel,e_rel,x_meas,y_meas,z_meas,r_meas,b_meas,e_meas,x_err,y_err,z_err,r_err,b_meas,e_meas
-25.49652673852563,-32.678986319303135,4.066931008681291,41.64767641075463,-127.9617706589399,5.603911954389457,1.6300207479732762,-10.693016969478549,1.0799834797608836,1.6300207479732762,-10.693016969478549,1.0799834797608836,-27.126547486498907,-21.985969349824586,2.986947528920407,30.777352410756468,-46.62909328971497,-0.09791881200087005
-62.39726433042881,-32.79758162105543,3.7223009286037083,70.59005227589991,-152.2724479369912,3.0226793594182113,1.1411964508567962,-10.602799476149002,0.9278469004759333,1.1411964508567962,-10.602799476149002,0.9278469004759333,-63.53846078128561,-22.194782144906426,2.7944540281277748,59.88572670435657,-68.41563611229203,-1.94993733174547
-63.60041354260329,-33.498597601723304,4.149279546133073,72.00267470604336,-152.2240404697315,3.303599271975259,0.8485724685133391,-10.184589522171947,2.295556941766378,0.8485724685133391,-10.184589522171947,2.295556941766378,-64.44898601111663,-23.314008079551357,1.8537226043666948,61.52815702538879,-66.98688141210938,-9.355886263465397
-63.174586843897146,-35.15761512750203,4.321124542555928,72.42760828346427,-150.9033991397237,3.4203712859434527,0.5256068808580494,-10.961395169849325,0.36883822581999537,0.5256068808580494,-10.961395169849325,0.36883822581999537,-63.700193724755195,-24.1962199576527,3.952286316735933,61.44742211474984,-63.64867073829747,1.495372051053458
-61.36481569053717,-39.99521821162347,6.475624767751116,73.53361000700079,-146.90524344760377,5.052209623323892,0.920600481646261,-11.41426629415976,0.6033587688042237,0.920600481646261,-11.41426629415976,0.6033587688042237,-62.28541617218343,-28.580951917463707,5.872265998946892,62.06639490983392,-61.516367227657625,2.036143264443196
-25.118868610757545,-39.22612584894222,5.312986976925224,46.881492510568926,-122.63390115909502,6.507197501065116,0.8855885979182858,-11.453895946491656,1.2121613775981295,0.8855885979182858,-11.453895946491656,1.2121613775981295,-26.00445720867583,-27.77222990245056,4.100825599327094,35.32963834237751,-37.05508161458437,0.48393764415320817
-21.816990468654467,-69.59330507968244,8.435325308959715,73.41909763876896,-107.40582524342064,6.5974416496206905,0.15587784302101682,-10.027552630578185,-1.809416384730164,0.15587784302101682,-10.027552630578185,-1.809416384730164,-21.972868311675484,-59.56575244910425,10.24474169368988,63.22841084570686,-18.296413761635478,16.824870760450835
-62.48736550846775,-74.5838297394007,8.773536670880675,97.69541162460008,-129.9567413714564,5.152389122308124,0.05492590187668611,-9.80625453302271,-2.101447453100098,0.05492590187668611,-9.80625453302271,-2.101447453100098,-62.54229141034443,-64.77757520637799,10.874984123980774,87.66636749171951,-40.27765792972025,17.24756088430437
-60.65003226894282,-80.0407131844782,12.84875145240801,101.24244463262167,-127.15265711023245,7.291110817225257,0.3987791364684199,-9.737838022496248,0.9425129103008263,0.3987791364684199,-9.737838022496248,0.9425129103008263,-61.04881140541124,-70.30287516198194,11.906238542107184,91.45097667637835,-39.4976952829802,1.7673470320286544
-58.967903276610514,-82.81171076874779,10.228023320520382,102.17438778055653,-125.45360477254323,5.745135846824598,0.5642125285578459,-10.016693083197111,0.7928416387107207,0.5642125285578459,-10.016693083197111,0.7928416387107207,-59.53211580516836,-72.79501768555068,9.435181681809661,92.11053792255368,-38.67751038107973,1.2266263538131277
-24.081628482398855,-78.36388375415825,9.732775890739916,82.55634460136228,-107.0824650412842,6.770489745780237,0.7462997930117581,-10.570615336213848,0.5580329967540132,0.7462997930117581,-10.570615336213848,0.5580329967540132,-24.827928275410613,-67.7932684179444,9.174742893985902,71.94473431862409,-21.120923784518368,3.7560848290251903
-67.00077724985624,-80.15615268801776,12.45362463919314,105.21029290180495,-129.8915139145052,6.797975406980003,0.6580487816293044,-10.898073539627717,-1.5913803339496624,0.6580487816293044,-10.898073539627717,-1.5913803339496624,-67.65882603148555,-69.25807914839004,14.045004973142802,94.17700116989559,-43.346959091960684,15.090923551904467
-35.06017701961434,-77.78459532824252,7.992862902835768,85.69448722297525,-114.26271809127134,5.351848706964321,0.46949284988454565,-11.0221746900109,-1.485199463657815,0.46949284988454565,-11.0221746900109,-1.485199463657815,-35.52966986949889,-66.76242063823162,9.478062366493582,74.56279481435836,-26.70177467674445,13.01916183404468
-74.87867956214427,-76.59465098400204,12.96790433448157,107.89681994924426,-134.35095033360287,6.902953429409022,0.008237768690378289,-11.473243163152517,-2.1696578784010354,0.008237768690378289,-11.473243163152517,-2.1696578784010354,-74.88691733083465,-65.12140782084953,15.137562212882607,96.22022832964196,-44.392088596842385,17.611466008361678
-67.40302472148414,-86.516515765208,12.901189546328958,110.42968773598336,-127.92133510445753,6.7090255194532515,0.18475719769162424,-11.655036198627556,0.35454315255347124,0.18475719769162424,-11.655036198627556,0.35454315255347124,-67.58778191917577,-74.86147956658044,12.546646393775486,98.76779660030387,-38.829519421741324,4.966858951803989
-27.120342700185006,-85.75631762762106,9.850232920338605,90.48030774599427,-107.54950237552612,6.249951955703636,0.03744453801641612,-12.042778763941982,-0.06635426054823901,0.03744453801641612,-12.042778763941982,-0.06635426054823901,-27.157787238201422,-73.71353886367908,9.916587180886845,78.43728796943606,-17.727651216628814,6.565640079495111
-26.094152979804676,-89.54014177726037,9.203806433357126,93.71793778187846,-106.24739410597596,5.635960947073922,0.26053663355128265,-12.389593459592334,1.2208661079769214,0.26053663355128265,-12.389593459592334,1.2208661079769214,-26.35468961335596,-77.15054831766804,7.982940325380205,81.26561191539865,-17.45207041628113,0.009459536139632796
-15.092808206446989,-94.60541136477059,10.318732481759065,96.35586624115922,-99.06425848892906,6.14758350435823,0.4879699277475993,-13.114245793695858,0.07947715425640789,0.4879699277475993,-13.114245793695858,0.07947715425640789,-15.580778134194588,-81.49116557107473,10.239255327502658,83.23230445306586,-11.195202611942051,5.800594370171607
-16.280938973387038,-97.30378238593025,12.42352995643056,99.435602965145,-99.49878003392628,7.1773174251138485,-8.525623403257441,-4.940551162335709,6.6782009529161295,-8.525623403257441,-4.940551162335709,6.6782009529161295,-7.755315570129596,-92.36323122359454,5.74532900351443,87.53208801495664,50.40916755217977,-26.94957860655738
-59.20546422251414,-105.52592606451518,10.638510459770917,121.46681015972874,-119.29466329641599,5.024613228344878,0.5213341109222256,-13.672583402551084,-0.2732104541019149,0.5213341109222256,-13.672583402551084,-0.2732104541019149,-59.72679833343636,-91.85334266196409,10.91172091387283,107.78156372032703,-31.478287268976487,6.168534604882231
-21.566172300364315,-99.87337468379789,11.750619935182565,102.84876191418344,-102.18508323809802,6.560451588780931,0.47378569878992494,-13.985006205126552,-1.8826338199129864,0.47378569878992494,-13.985006205126552,-1.8826338199129864,-22.03995799915424,-85.88836847867134,13.63325375509555,88.72965494717997,-14.125414355161269,14.223060302986266
-49.59346634698363,-113.60950367466302,12.6048774038853,124.60142119526425,-113.58250527316817,5.8060636873040075,3.5307896059277937,-11.31460464271953,-0.06878575862464009,3.5307896059277937,-11.31460464271953,-0.06878575862464009,-53.124255952911426,-102.29489903194349,12.673663162509941,112.74851079557897,-40.91334789216705,6.138569008685641
-49.59346634698363,-113.60950367466302,12.6048774038853,124.60142119526425,-113.58250527316817,5.8060636873040075,2.2579527757654887,-10.774521523584127,-0.6677035488132488,2.2579527757654887,-10.774521523584127,-0.6677035488132488,-51.85141912274912,-102.83498215107889,13.272580952698549,113.5726183214768,-35.41836129148754,9.276975694476674
-49.59346634698363,-113.60950367466302,12.6048774038853,124.60142119526425,-113.58250527316817,5.8060636873040075,2.801085096572706,-9.779576158822238,-0.15182719672516165,2.801085096572706,-9.779576158822238,-0.15182719672516165,-52.39455144355634,-103.82992751584078,12.756704600610462,114.42747215557905,-39.56537929240716,6.661127976103274
-73.06908365225502,-138.76837561246765,18.26851917450888,157.89075922527115,-117.76924044935103,6.64420559127711,0.9546801002668417,-8.692895115908811,0.35407799772147985,0.9546801002668417,-8.692895115908811,0.35407799772147985,-74.02376375252186,-130.07548049655884,17.914441176787403,149.13843320194985,-34.03652045984637,4.325654764339416
-75.4571907388414,-138.66711902594506,16.862121480287968,158.76614460888536,-118.5532932479334,6.0967279785584525,2.567257921243254,-8.60782056074575,-0.7044314469311204,2.567257921243254,-8.60782056074575,-0.7044314469311204,-78.02444866008466,-130.0592984651993,17.56655292721909,149.75606071895353,-45.16035446673541,10.580834972097737
-83.6939973949859,-136.16332938829623,17.48415483488526,160.78194283049265,-121.57733179507917,6.2429475841226445,1.143483545587742,-8.756099498143698,0.12946046458352756,1.143483545587742,-8.756099498143698,0.12946046458352756,-84.83748094057364,-127.40722989015254,17.354694370301733,151.9505446935999,-39.017641827067365,5.403012185017552
-42.02476836605604,-136.31169829651628,19.386894451643187,143.95420079032183,-107.13448121789975,7.739771893553085,2.304044073989644,-8.157655351050039,-0.6744132583079212,2.304044073989644,-8.157655351050039,-0.6744132583079212,-44.32881244004568,-128.15404294546624,20.06130770995111,135.4506254737633,-32.906256762334664,12.288641696612771
-83.0644556740973,-140.69426940842698,19.794861104025003,164.57951806629143,-120.55716718307853,6.907994759889529,1.8118193380717003,-8.349795275861396,-0.41645815870821146,1.8118193380717003,-8.349795275861396,-0.41645815870821146,-84.876275012169,-132.34447413256558,20.211319262733213,156.02526720133764,-42.79996568117534,9.698505718042696
-103.9230793311109,-135.07967303271585,19.02470568826392,171.48896148385427,-127.57275917631435,6.369411244560313,0.8284370650219444,-6.495837244160214,0.2310723500990859,0.8284370650219444,-6.495837244160214,0.2310723500990859,-104.75151639613284,-128.58383578855563,18.793633338164835,164.936434955537,-44.84065810728261,4.348478404594301
-105.23066500304776,-135.50683575875422,16.38755049524879,172.34891123986824,-127.8318731921017,5.456130037569655,1.1448884015344447,-5.706982874517138,1.0975753963253696,1.1448884015344447,-5.706982874517138,1.0975753963253696,-106.3755534045822,-129.79985288423708,15.289975098923419,166.42564400525703,-49.17550988363212,-5.222434231492358
-45.0470318076176,-147.5542020666727,17.902900905959335,155.3125606094291,-106.97698069862302,6.619206661745311,0.3558184988708035,-6.6689444734198275,-2.209134732971569,0.3558184988708035,-6.6689444734198275,-2.209134732971569,-45.4028503064884,-140.88525759325287,20.112035638930905,148.27823736819852,-20.031075111243794,24.922726704086713
-36.93785786877049,-152.47846025035716,17.43822467153005,157.8549266381889,-103.61754784129245,6.3424063959452255,0.264243958675479,-5.973599023276535,-2.5494698544994403,0.264243958675479,-5.973599023276535,-2.5494698544994403,-37.20210182744597,-146.50486122708062,19.987694526029493,151.35465689766366,-16.150392772115296,29.434479511094086
-47.27104783572997,-152.63871365533475,16.916783758277862,160.68387113387416,-107.20735520961418,6.043293702720769,0.29485828633892197,-5.6065862945722245,-2.712726099866047,0.29485828633892197,-5.6065862945722245,-2.712726099866047,-47.565906122068895,-147.03212736076253,19.62950985814391,154.44851756086788,-20.21784763527586,31.8321317723221
-94.68080643750136,-154.7371125636035,20.508528949243193,182.56130168203458,-121.4617005643218,6.45009520461567,0.47787238795262965,-5.720960767716491,-2.260853732237428,0.47787238795262965,-5.720960767716491,-2.260853732237428,-95.15867882545399,-149.016151795887,22.76938268148062,176.3912762587895,-36.236537852412354,27.945422806710532
-50.174121331657375,-155.142206656423,17.223760938935875,163.96098523279784,-107.92158570680428,6.0299276107604065,1.017467186833528,-5.797054797331953,-2.1276382906578135,1.017467186833528,-5.797054797331953,-2.1276382906578135,-51.1915885184909,-149.34515185909106,19.35139922959369,157.70255663646267,-27.876431553639534,25.90458766010182
-110.31820606113058,-148.65445559217932,18.95916362823588,186.08520532658017,-126.57954112881082,5.847688051501796,3.09128665234698,-5.314202201829545,-0.19147157712240803,3.09128665234698,-5.314202201829545,-0.19147157712240803,-113.40949271347756,-143.34025339034977,19.150635205358288,179.93431436886075,-66.7662276919549,7.631541136863003
-117.56257925836155,-143.52160012071715,21.092049390753058,186.71980154925066,-129.32186976579294,6.486030693772637,2.2173787633564643,-5.762416082922613,-0.2540578857761566,2.2173787633564643,-5.762416082922613,-0.2540578857761566,-119.77995802171802,-137.75918403779454,21.346107276529214,180.54025843489063,-60.368603934079246,8.842280686262933
-88.2677797952233,-141.44104809888415,18.943080345857403,167.7963388464674,-121.9666605980013,6.482127972024075,1.9758080955232344,-6.62944735638203,-1.012207702450114,1.9758080955232344,-6.62944735638203,-1.012207702450114,-90.24358789074654,-134.81160074250212,19.955288048307516,160.80506183047987,-48.562564928293725,14.806755587860373
-97.20500160151823,-136.3663285920834,17.43405990010232,168.370230013015,-125.48213033006184,5.943400516681905,4.538787041672549,-4.923541709538,-0.540064304068697,4.538787041672549,-4.923541709538,-0.540064304068697,-101.74378864319078,-131.4427868825454,17.974124204171016,161.65208144158967,-78.15366745654532,10.554318272257678
-155.62696581649698,-106.72606682725507,16.220917679132498,189.4025448615145,-145.55839816310433,4.912975243368017,3.9266366346080304,-5.9751399761389905,-2.2693519615997775,3.9266366346080304,-5.9751399761389905,-2.2693519615997775,-159.553602451105,-100.75092685111608,18.490269640732276,181.90116290081443,-88.86980636219789,22.522270040393217
-117.96115997543154,-121.76486045455613,13.319100390660461,170.0556230751673,-134.09097186297504,4.492122058128205,4.356024641570912,-5.397193115673531,-0.32656824448019406,4.356024641570912,-5.397193115673531,-0.32656824448019406,-122.31718461700245,-116.3676673388826,13.645668635140655,163.1121879725578,-82.99765033600181,7.187889652852382
-121.67376076285507,-119.4045833443962,13.962225340636863,171.0464916865823,-135.53928713543777,4.682163591340524,4.573018884999328,-4.984214672537149,0.9902291446276699,4.573018884999328,-4.984214672537149,0.9902291446276699,-126.2467796478544,-114.42036867185905,12.971996196009194,164.21015850399345,-88.07568070692757,-3.6463133413282094
-105.78296713711643,-135.02666938068012,18.458578473977994,172.51943861389,-128.07595737932527,6.14207287452799,5.037496729155691,-4.780881660877299,0.4844195362350774,5.037496729155691,-4.780881660877299,0.4844195362350774,-110.82046386627212,-130.24578771980282,17.974158937742917,165.557552013359,-84.57311029923629,2.1521141048971306
-106.49130699769023,-136.98256119155246,19.892635093697184,174.64345813011352,-127.86177201247378,6.540428895178172,5.251290317761686,-3.7476096251730553,0.7503106885520683,5.251290317761686,-3.7476096251730553,0.7503106885520683,-111.74259731545192,-133.2349515663794,19.142324405145114,168.14856829013448,-92.3480298482385,-0.0933764867458331
-131.9721733090064,-115.53462485790112,20.7095230429133,176.61763335981863,-138.79957709098395,6.7337798181674415,5.9108014595478835,-1.9685928460800142,0.28135773350982873,5.9108014595478835,-1.9685928460800142,0.28135773350982873,-137.88297476855428,-113.56603201182111,20.42816530940347,170.3812807509585,-120.3792362689792,4.147959961296727
-185.88659150539587,-58.61539381578814,18.611833862803728,195.79578558643814,-162.49843655410456,5.4546222341241615,5.965894067567433,-1.3135547140636845,0.7404150565101204,5.965894067567433,-1.3135547140636845,0.7404150565101204,-191.8524855729633,-57.301839101724454,17.871418806293608,189.64228800634743,-150.08132638243376,-1.4561948027257259
-168.66591617992057,-57.157945713918025,16.889979114507064,178.8868173833267,-161.27937407433475,5.417772779332013,6.671861532956882,-0.38247583262503326,0.3967981755368264,6.671861532956882,-0.38247583262503326,0.3967981755368264,-175.33777771287745,-56.77546988129299,16.493180938970237,172.19223204369578,-157.99838688390986,2.019773889811862
-194.96597255292252,-0.6287272744636994,16.71825929157793,195.68246202772752,-179.81523291502094,4.901077187376145,6.506446396565707,0.3209194236172266,0.1403488946597906,6.506446396565707,0.3209194236172266,0.1403488946597906,-201.47241894948823,-0.9496466980809259,16.57791039691814,189.16659433416055,-182.63896161719248,3.6668561080220425
-187.83134569637366,40.82762339556098,20.692047209230388,193.32788230348308,167.73676357502694,6.144185066963473,5.7352201490791686,2.1995391230520056,0.5355071562028308,5.7352201490791686,2.1995391230520056,0.5355071562028308,-193.56656584545283,38.62808427250897,20.15654005302756,187.1620498027915,146.754228896811,1.1617265749694825
-169.63560711052128,43.317512280063625,11.30540050418685,175.44360390293136,165.6752844660348,3.6946394445462873,5.941900092644119,2.422977766221635,-0.5664910968617374,5.941900092644119,2.422977766221635,-0.5664910968617374,-175.5775072031654,40.89453451384199,11.871891601048587,169.00171674702804,143.49071676798206,8.73967174156077
-161.88766882101515,99.6907290362077,7.492017402790609,190.26820306303674,148.37516080412274,2.256667032459152,6.1974635603348815,1.9351437434197294,-0.8471075817706895,6.1974635603348815,1.9351437434197294,-0.8471075817706895,-168.08513238135004,97.75558529278797,8.339124984561298,183.72061364826212,131.03430673494668,9.690260991798223
-162.91480676100264,53.67764452227391,5.011841947259548,171.6031536514954,161.76383173191402,1.6736186048256927,5.709474158015155,3.0462820677529123,0.524590552315052,5.709474158015155,3.0462820677529123,0.524590552315052,-168.6242809190178,50.631362454520996,4.487251394944495,165.1106098630459,133.68174219061095,-2.960870774740844
-157.7272760810912,94.9260116774334,2.6394798836738715,184.1081425874513,148.95894114790195,0.8214532850241298,4.100813571492836,2.6730059262503403,0.8919217985331211,4.100813571492836,2.6730059262503403,0.8919217985331211,-161.82808965258403,92.25300575118305,1.7475580851407504,179.13248613582527,115.86169457713979,-9.505038309609777
-161.66140419518683,50.53462345541266,-0.6491683509707684,169.37703266289623,162.64099186039508,-0.21959705623210715,5.624004331541528,2.0188586636128605,-1.6801379508987724,5.624004331541528,2.0188586636128605,-1.6801379508987724,-167.28540852672836,48.515764791799796,1.030969599928004,163.16993361753754,142.8942877943244,15.485141410198327
-159.5383619463364,58.0028296616008,0.721599902987748,169.75670204057604,160.0204207762373,0.2435529964534092,5.410667338547228,-0.9920846526962919,-3.747550692810531,5.410667338547228,-0.9920846526962919,-3.747550692810531,-164.94902928488364,58.99491431429709,4.469150595798279,163.1006003885787,170.41059993248214,34.50879909186288
-148.0454853326279,84.55731532448613,-1.3404875346445806,170.49692727169148,150.2668206447314,-0.45047773440590033,3.791450083641166,4.052247328060446,-0.4245616517239177,3.791450083641166,4.052247328060446,-0.4245616517239177,-151.83693541626906,80.50506799642568,-0.9159258829206629,164.93131367203958,103.36247912474055,3.924465746082046
-143.2652280977868,93.78301964173443,-4.047316938319014,171.27919059077792,146.7907935544059,-1.3540218409319436,2.7757775996010423,4.905327541572291,-0.4493283968610078,2.7757775996010423,4.905327541572291,-0.4493283968610078,-146.04100569738785,88.87769210016214,-3.5979885414580064,165.62507036029288,86.29501220983559,3.2040340076199807
-132.34839482181224,108.8773868285017,-7.274784280556773,171.53222863602667,140.55732430283894,-2.4306772660710925,2.5584722982025596,4.095715821474528,0.5320845918922144,2.5584722982025596,4.095715821474528,0.5320845918922144,-134.9068671200148,104.78167100702717,-7.806868872448987,166.67385621268613,82.54912406642742,-8.718272006244305
-79.93625220432239,170.45189028873148,-10.57619132744479,188.56167994178855,115.1250110801891,-3.2153367691382275,3.737370310788492,6.017565328223924,-0.7572119477118378,3.737370310788492,6.017565328223924,-0.7572119477118378,-83.67362251511088,164.43432496050755,-9.818979379732951,181.43760812483137,56.968468276737475,2.8861116307452424
-69.47512413012805,174.19097212584904,-13.1763409982007,187.99708403362507,111.74431691837269,-4.0190420801704985,1.7658172581398048,6.004770766727518,0.35475298443156733,1.7658172581398048,6.004770766727518,0.35475298443156733,-71.24094138826786,168.18620135912153,-13.531093982632267,181.7280145468469,38.131294705363814,-7.263018291443455
44.425104495483424,150.7478176089984,-15.205840990866541,157.8914564615514,73.57985169369422,-5.526473246924659,-2.2056896268657056,6.867500867858496,0.6305259257646048,-2.2056896268657056,6.867500867858496,0.6305259257646048,46.63079412234913,143.8803167411399,-15.836366916631146,150.65093176763858,-34.22601968184571,-10.522284036938323
51.40439320313317,145.08319803778215,-13.403785552273261,154.50309854687046,70.4902669039756,-4.976903154824315,-3.561081670937483,6.060275779330965,0.16916593621930742,-3.561081670937483,6.060275779330965,0.16916593621930742,54.96547487407065,139.0229222584512,-13.572951488492569,147.47196333962196,-49.948675205746824,-6.355546751231268
52.67630221691718,144.02100366719162,-14.326646928639295,154.019788094813,69.90978947263856,-5.3372672097471385,-2.278211079869834,6.366745010715789,0.523691509277344,-2.278211079869834,6.366745010715789,0.523691509277344,54.95451329678701,137.65425865647583,-14.850338437916639,147.2374624941945,-39.77893343547048,-9.765720029466074
104.44140095470436,134.0216789918261,-14.240899048094178,170.50694964976475,52.071164015591165,-4.790977960220812,-2.1808639968564876,5.830733652706499,1.429688038911152,-2.1808639968564876,5.830733652706499,1.429688038911152,106.62226495156085,128.1909453391196,-15.67058708700533,164.11964735613606,-58.43609492754396,-17.725232659643606
55.016885098033526,139.7850246576271,-15.969466309325778,151.06864207580716,68.5162885843065,-6.068074288232862,-2.580943088537424,6.062452967171481,0.8966581686537045,-2.580943088537424,6.062452967171481,0.8966581686537045,57.59782818657095,133.72257169045562,-16.866124477979483,144.41893538476816,-44.544420916410544,-13.817544157125809
52.341587848929635,139.52622285830114,-14.411273474800304,149.71604285051424,69.43702321349527,-5.52369385737734,-2.502741156521097,5.891424790416295,0.7091975790321363,-2.502741156521097,5.891424790416295,0.7091975790321363,54.84432900545073,133.63479806788484,-15.12047105383244,143.27589063462824,-43.57928857764007,-11.84599870562495
99.92455013349422,133.2770702602079,-18.980073838088224,167.65421670636522,53.139252421425276,-6.500370688406568,-1.9367308733114896,6.337654804966775,0.12810751398320264,-1.9367308733114896,6.337654804966775,0.12810751398320264,101.86128100680571,126.93941545524112,-19.108181352071426,161.02600379203489,-53.85343324687596,-7.607830124641831
43.75534516085622,140.71948076656633,-16.024072298777128,148.23384697967646,72.72742975476022,-6.205797901619674,-1.923770411358646,5.710304947017846,1.0607860980227597,-1.923770411358646,5.710304947017846,1.0607860980227597,45.67911557221487,135.0091758195485,-17.084858396799888,142.1155349306458,-35.8909590349069,-16.190130703668313
41.31412196072847,141.1606164600371,-16.39035486462167,147.992635105102,73.68658889074892,-6.35861800503333,-2.5403392115936185,5.767790398467014,0.3892388904044024,-2.5403392115936185,5.767790398467014,0.3892388904044024,43.85446117232209,135.39282606157008,-16.779593755026074,141.67818847024859,-40.0838037015524,-9.892719228787222
84.13532934437546,140.45569532335094,-16.631548561442386,164.5696338946044,59.07768045522278,-5.800262716012778,-1.767889481790462,5.616422731923791,1.0730077123934698,-1.767889481790462,5.616422731923791,1.0730077123934698,85.90321882616593,134.83927259142715,-17.704556273835856,158.58457056374888,-48.394832773411316,-16.12814146378112
34.692467634886384,141.47772154762993,-18.757951373194985,146.87196378010847,76.22207574075304,-7.337648865279032,-2.6690731699145545,5.64627788148573,0.43459468222481323,-2.6690731699145545,5.64627788148573,0.43459468222481323,37.36154080480094,135.8314436661442,-19.192546055419797,140.61151027903279,-39.078669431037056,-11.318268447919614
36.72928617220862,140.48616715464345,-18.008371788178422,146.3205559003371,75.34830684327902,-7.069590928394512,-2.4298395743778656,5.436350493764365,0.9510381902570166,-2.4298395743778656,5.436350493764365,0.9510381902570166,39.15912574658648,135.0498166608791,-18.95940997843544,140.2904231748001,-38.73449968921261,-16.143842042583312
87.51962813481146,135.9108605792684,-17.574765925032196,162.6047961456632,57.2205405916792,-6.20480357922197,-1.549025886062509,5.820741880753076,0.8041062072300942,-1.549025886062509,5.820741880753076,0.8041062072300942,89.06865402087396,130.0901186985153,-18.37887213226229,156.52802858136138,-47.68172280975143,-13.808749882246193
39.44418844866834,138.0286205774413,-18.751957265319504,144.7735473149901,74.05174898378465,-7.442210030996844,-2.7720099005539396,5.200298548056196,0.6586110042036706,-2.7720099005539396,5.200298548056196,0.6586110042036706,42.21619834922228,132.8283220293851,-19.410568269523175,138.84388355280743,-44.00801840796156,-13.819241675854833
90.49570483615776,131.58463222312537,-15.91085456012432,160.4903215895637,55.48223219544632,-5.689594075789515,-2.4476879354572247,5.732637056200673,-0.5942277809349867,-2.4476879354572247,5.732637056200673,-0.5942277809349867,92.94339277161498,125.8519951669247,-15.316626779189335,154.2287394809315,-57.63899812297064,-0.24399639724563027
43.631183461075125,134.90632061480608,-17.03390384016751,142.80598514094189,72.0778393675123,-6.850553564826117,-3.041754949981396,5.332471161076342,-1.5842208218241471,-3.041754949981396,5.332471161076342,-1.5842208218241471,46.67293841105652,129.57384945372974,-15.449683018343364,136.46585284959747,-47.623515305230356,7.619377708002252
45.419742315087205,133.6430622642581,-17.25044458487912,142.20055879536227,71.2292298756746,-6.9677509040754435,-2.180127052809439,4.252337387702767,1.2081074026532075,-2.180127052809439,4.252337387702767,1.2081074026532075,47.599869367896645,129.39072487655534,-18.458551987532328,137.27157809732824,-45.914490175046666,-21.155665056999833
52.55387763747672,129.44547601753686,-15.204125510663474,140.53187093569056,67.90322207521588,-6.210980273113495,-2.2207082519437336,3.9852108362528895,1.255266424011772,-2.2207082519437336,3.9852108362528895,1.255266424011772,54.77458588942045,125.46026518128397,-16.459391934675246,135.80015408607986,-51.22496201481286,-21.595030755094577
41.865766432706096,128.94045436535237,-15.455351572446787,136.44504777810496,72.01186839960559,-6.503944748431904,-2.953822170918329,4.068247292354556,-0.4689550816270489,-2.953822170918329,4.068247292354556,-0.4689550816270489,44.819588603624425,124.87220707299781,-14.986396490819738,131.39572898070836,-53.97031402942905,-1.1749238426926194
35.439019064869626,130.2445358201993,-15.630398164462171,135.88183296555502,74.77855116951835,-6.605317592156036,-2.0886085229878972,4.397946612094444,0.5787860769500994,-2.0886085229878972,4.397946612094444,0.5787860769500994,37.52762758785752,125.84658920810486,-16.20918424141227,130.97885292398826,-40.624743630808666,-13.384767340071356
85.84876570527331,124.87967333239487,-14.243756432698305,152.20981565601676,55.49334938727254,-5.369581287732384,-1.9437259224721402,4.611383884201047,0.3311638563410222,-1.9437259224721402,4.611383884201047,0.3311638563410222,87.79249162774545,120.26828944819383,-14.574920289039326,147.19457874347654,-57.36236505555083,-9.155665027952292
86.9865082385553,123.4386078584912,-12.759856113006407,151.547208663186,54.827857431577385,-4.829864406650955,-2.2707975620437537,5.320425091960544,-1.1261810074421243,-2.2707975620437537,5.320425091960544,-1.1261810074421243,89.25730580059906,118.11818276653065,-11.633675105564283,145.65384558354543,-58.2852976113971,6.186718598716018
37.49983148823503,125.09417399175265,-13.256862488604355,131.26512915228733,73.31269897726098,-5.796356136741232,-2.3729800166636323,5.095862848444511,0.16903454982156818,-2.3729800166636323,5.095862848444511,0.16903454982156818,39.872811504898664,119.99831114330814,-13.425897038425923,125.64130260724922,-41.65718754445679,-7.518746589040321
86.0505397046918,121.01138356395177,-14.994320439588535,149.24235317421008,54.583573557911166,-5.766213118001727,-2.3941609510798116,5.006597196708469,-1.8038427353847402,-2.3941609510798116,5.006597196708469,-1.8038427353847402,88.44470065577161,116.0047863672433,-13.190477704203794,143.4069550932078,-60.97361068515919,12.240038756865793
36.03384165946056,122.47056274247336,-13.6002053526108,128.38396344104027,73.60482436773856,-6.0809713354381145,-1.6813865892008835,4.712088946382721,-0.9211671413436155,-1.6813865892008835,4.712088946382721,-0.9211671413436155,37.71522824866145,117.75847379609064,-12.679038211267184,123.29678426164645,-36.03279729175787,4.35148110996608
88.02936510974484,117.10548057406436,-9.330091027168223,146.79888725968794,53.06744795710364,-3.6440017051784457,-1.593311971932735,4.788314283439661,-2.277096405533689,-1.593311971932735,4.788314283439661,-2.277096405533689,89.62267708167758,112.3171662906247,-7.052994621634534,141.2624836655674,-55.33741956518092,20.64222360410961
36.41661968327446,119.29125514308248,-12.012874037918081,125.30316390825548,73.02388787826644,-5.501423136461607,-1.6494957603629246,4.360201059658152,-3.682128803816463,-1.6494957603629246,4.360201059658152,-3.682128803816463,38.066115443637386,114.93105408342433,-8.330745234101618,119.36260315425304,-37.69810695551061,32.80218787357147
87.23465690549119,114.73533524443872,-11.323310137444409,144.57627700124684,52.753834920294246,-4.492044013069439,-1.810746002142423,3.945947615854408,0.6788681929730458,-1.810746002142423,3.945947615854408,0.6788681929730458,89.04540290763362,110.78938762858431,-12.002178330417454,140.18194363943047,-61.89596327435324,-13.379099923637222
53.15203990078123,107.95293985209003,-8.414445556231456,120.62246665668046,63.78606853500772,-4.000117910727449,-2.137143981327199,4.129420080551853,-1.6323386214901945,-2.137143981327199,4.129420080551853,-1.6323386214901945,55.28918388210843,103.82351977153817,-6.782106934741262,115.69458435554984,-53.577346790946784,15.344269145180053
104.30830215631943,94.44377098404993,-7.098209506775362,140.8908526293449,42.158607790472665,-2.887836116309283,-2.2709076640219337,4.434341412638048,-1.6865752907634632,-2.2709076640219337,4.434341412638048,-1.6865752907634632,106.57920982034136,90.00942957141189,-5.411634216011898,135.6311053356278,-74.95921152615625,15.814831771514381
100.64529573749508,95.8496293846855,-7.251821072539613,139.17333047727763,43.601913485026394,-2.98682936166145,-2.1019791533244643,4.686620994203224,-1.816719495016489,-2.1019791533244643,4.686620994203224,-1.816719495016489,102.74727489081954,91.16300839048228,-5.435101577523124,133.72510118438896,-70.55462255251783,16.491564380723634
80.27553567979635,110.592641589344,-13.67512425778623,137.33864359987413,54.02534533726745,-5.714541997139129,-2.2260405450495,5.137667695967991,-2.5397975424843837,-2.2260405450495,5.137667695967991,-2.5397975424843837,82.50157622484585,105.454973893376,-11.135326715301847,131.19035461681494,-59.400698550928226,18.68455881370635
77.9422986453443,110.41990041502049,-10.122393235696876,135.53604380607086,54.7828089352466,-4.283074115566574,-1.4032143658153018,5.379964377323205,0.4099170844820459,-1.4032143658153018,5.379964377323205,0.4099170844820459,79.3455130111596,105.03993603769729,-10.532310320178922,129.9610048578798,-49.83552631705654,-8.499678357613888
27.576130571222052,106.90760323317704,-10.756158596363981,110.92958827154109,75.53620223800294,-5.564361348619008,-1.9092842001912231,5.662051158772101,-2.275585955309034,-1.9092842001912231,5.662051158772101,-2.275585955309034,29.485414771413275,101.24555207440494,-8.480572641054948,104.53564731766514,-33.098272508872526,15.28408297965412
28.2681787982267,104.96257796400334,-10.003408554968473,109.16181057556534,74.92691935616632,-5.257867366264071,-2.4322492295304983,5.584587843231532,-2.329550290889242,-2.4322492295304983,5.584587843231532,-2.329550290889242,30.700428027757198,99.37799012077181,-7.673858264079231,102.64028757467796,-38.60759638589752,15.671056087949117
25.914643809275162,104.59654657447084,-12.532327077167558,108.48532408135286,76.08471448545765,-6.633673219004177,-2.417715690294017,5.829259990429165,-1.522624722253556,-2.417715690294017,5.829259990429165,-1.522624722253556,28.33235949956918,98.76728658404167,-11.009702354914001,101.99348249056139,-36.441767531451035,6.931091678480288
79.21295964730803,104.0717523384244,-10.734423754979083,131.22823805960306,52.72386044108814,-4.692017106445073,-2.4821398457308987,5.030910509412735,-2.1418668641258476,-2.4821398457308987,5.030910509412735,-2.1418668641258476,81.69509949303892,99.04084182901167,-8.592556890853235,125.2233506808819,-63.5368507599077,16.204871420203943
32.66522505185969,99.85371903236228,-11.97787147601682,105.74143718230128,71.88548618190244,-6.50414522679448,-2.683803786525459,5.018806996031145,-1.9179106507697277,-2.683803786525459,5.018806996031145,-1.9179106507697277,35.34902883838515,94.83491203633113,-10.059960825247092,99.7356393425205,-46.25012855876075,12.1190633336828
97.04607588293686,84.26188831166098,-6.588183972170725,128.6911451272959,40.9666984708248,-2.9344692820241485,-2.4641695150812666,4.743063837327156,-1.7485572158890883,-2.4641695150812666,4.743063837327156,-1.7485572158890883,99.51024539801813,79.51882447433383,-4.839626756281637,123.06742409036188,-76.48658468994435,15.180533623962402
99.37819698711166,80.13517176832693,-10.037035381950346,128.0562918017188,38.88151450081331,-4.495446623162066,-2.3232074911952623,4.387468193786276,-2.2576942255291446,-2.3232074911952623,4.387468193786276,-2.2576942255291446,101.70140447830693,75.74770357454065,-7.779341156421202,122.60245339059773,-79.02014456241109,19.95866180238311
51.81462021735854,85.89983331031897,-7.630335270166995,100.6069492994636,58.901698049584084,-4.349661992046504,-2.3156904212369227,4.6914804678710595,-1.8952955293923477,-2.3156904212369227,4.6914804678710595,-1.8952955293923477,54.13031063859546,81.20835284244791,-5.735039740774647,95.04236878956361,-57.3690094046332,15.563765040837286
50.190573917440474,86.14279447871581,-5.346874832679774,99.84119300789966,59.77304429962343,-3.0698750580424403,-2.100182481851107,4.460449226657772,-1.5359333307021212,-2.100182481851107,4.460449226657772,-1.5359333307021212,52.29075639929158,81.68234525205804,-3.8109415019776525,94.67733156930278,-55.440146263910684,14.23396796820836
40.21418650844123,88.77799344207563,-9.69556783818977,97.94241651012017,65.63067555878852,-5.681158975544994,-2.1197528499139935,5.086199741437781,-1.828862994985444,-2.1197528499139935,5.086199741437781,-1.828862994985444,42.333939358355224,83.69179370063785,-7.866704843204326,92.13659875471762,-46.994016876966654,12.67997093993179
37.41028276990187,89.39251744608146,-9.091958297016348,97.33044301731437,67.2909548325183,-5.360002721169455,-2.0263813983567616,4.930396066037503,-1.8283211745289987,-2.0263813983567616,4.930396066037503,-1.8283211745289987,39.43666416825863,84.46212138004395,-7.263637122487349,91.69503839503253,-45.05159432800551,13.571331203436284
82.16421758015906,91.70674522536808,-11.823479112271592,123.69672763945137,48.141402020921646,-5.484957288925455,-1.8415995197549364,4.9150548185537275,0.958579984159029,-1.8415995197549364,4.9150548185537275,0.958579984159029,84.005817099914,86.79169040681435,-12.78205909643062,118.36117441166138,-62.39884104705729,-15.834853554200436
32.594579865195556,88.39924755913023,-8.6399750377347,94.61227602304936,69.76005535511342,-5.239539315301825,-2.145193366038484,5.7036319448719155,-1.7832091184786307,-2.145193366038484,5.7036319448719155,-1.7832091184786307,34.73977323123404,82.69561561425832,-6.85676591925607,88.2630156960125,-40.851730060173026,11.071584580208697
35.51007626145088,85.18432125950972,-10.732729992051322,92.91138572650661,67.37061687002983,-6.633374588338809,-2.30918439907623,5.90684679290797,-1.7351719549894007,-2.30918439907623,5.90684679290797,-1.7351719549894007,37.81926066052711,79.27747446660175,-8.997558037061921,86.33612958417983,-43.98157743500316,8.667881710405334
39.30014346077576,82.95436625113507,-7.231565759917373,92.07727026527786,64.65045639510437,-4.504535566859869,-2.5017905346264797,5.4351698752089135,-1.3096766939849802,-2.5017905346264797,5.4351698752089135,-1.3096766939849802,41.80193399540224,77.51919637592616,-5.921889065932393,85.95229838825732,-50.06600106426367,7.842110085735967
91.84483481928953,77.08488487102204,-6.486715209522785,120.08176644591282,40.00655873330864,-3.096576680827794,-2.5223621701638876,5.950143293177717,-1.8784416519507634,-2.5223621701638876,5.950143293177717,-1.8784416519507634,94.36719698945342,71.13474157784432,-4.608273557572022,113.35160603425804,-72.96631619603635,13.110398255878891
91.09333430123809,77.05179478469108,-5.720897598155446,119.44749182376266,40.22639406477569,-2.7452123848349417,-1.4048142088456643,6.161259157547789,-0.7103680040602889,-1.4048142088456643,6.161259157547789,-0.7103680040602889,92.49814851008375,70.8905356271433,-5.010529594095157,113.08830633590073,-62.61790532248396,3.6685360215896474
84.90695025061598,81.77316941722734,-8.463266324025462,118.18489038058344,43.92289935824358,-4.106488053024606,-1.7496699825844644,5.955646067547178,0.10945218110905852,-1.7496699825844644,5.955646067547178,0.10945218110905852,86.65662023320044,75.81752334968016,-8.572718505134521,111.97658586889936,-62.44901347283127,-5.116662881188303
31.921010692167783,80.90654890929909,-7.997973531057141,87.34293423411985,68.46869619542309,-5.253921991932251,-2.1295499216548706,5.519627361690155,0.8496954873749265,-2.1295499216548706,5.519627361690155,0.8496954873749265,34.050560613822654,75.38692154760894,-8.847669018432068,81.36604110290158,-42.62862015718851,-13.426974642910473
74.61182576528483,88.51611728598255,-11.959441943848269,116.38322823767743,49.871858925992036,-5.89807706051256,-2.0262262498006294,6.1768755748075534,-1.9594528685110526,-2.0262262498006294,6.1768755748075534,-1.9594528685110526,76.63805201508546,82.33924171117499,-9.999989075337217,109.59361556640144,-58.2893991296123,10.875822887269276
76.21179221624732,86.81692141588246,-5.166548500224039,115.63783265155541,48.72188567844843,-2.5607536146443373,-1.6005918493278841,5.201664058927648,1.3267210667444613,-1.6005918493278841,5.201664058927648,1.3267210667444613,77.8123840655752,81.61525735695481,-6.4932695669685,110.0361014870833,-58.38164656897237,-16.26093725020298
76.5647837155658,83.99531185292506,-5.156299615800236,113.77155156017432,47.649689215492174,-2.5976215880851155,-2.1893155532375204,5.604573094715192,-2.2030107300218145,-2.1893155532375204,5.604573094715192,-2.2030107300218145,78.75409926880332,78.39073875820986,-2.953288885778422,107.36393121856196,-63.6874289639529,17.51161364101045
77.30152434277352,82.20317692518165,-5.611562579194967,112.97954503753918,46.760171627478265,-2.846986121312205,-1.392700537413475,5.862190120567931,-0.6753328151717195,-1.392700537413475,5.862190120567931,-0.6753328151717195,78.694224880187,76.34098680461372,-4.936229764023247,106.9164631307987,-56.60402862695202,3.5481409015582894
77.190039071657,79.7272522371577,-3.913571017811009,111.04077142780822,45.92634112036893,-2.0197765871967523,-1.7791661908304377,4.757706239550643,-2.3765755992302564,-1.7791661908304377,4.757706239550643,-2.3765755992302564,78.96920526248743,74.96954599760706,-1.5369954185807524,105.4328027603396,-64.57717421757073,23.054034791821884
76.22312649318155,78.9444437795762,-8.465620270661887,110.0629680802279,46.00474610774185,-4.41132798839484,-1.724807928850396,4.585934255561924,-1.6720232937852209,-1.724807928850396,4.585934255561924,-1.6720232937852209,77.94793442203195,74.35850952401428,-6.793596976876666,104.88595955379859,-64.6069507624881,14.431362053395555
24.94164275572905,71.53114322588965,-6.931730173507773,76.07127498442148,70.77724133216765,-5.228130564637792,-1.5371872038756464,4.2549518897462235,-1.832361428630005,-1.5371872038756464,4.2549518897462235,-1.832361428630005,26.478829959604695,67.27619133614343,-5.0993687448777685,71.19017792649024,-39.08603485814935,16.82087638489305
69.41258190588269,79.40778439435826,-8.730150385534209,105.82966632762196,48.84237829504059,-4.731847363369388,-1.5583620694858382,4.130256766892558,-2.1172721455185775,-1.5583620694858382,4.130256766892558,-2.1172721455185775,70.97094397536853,75.2775276274657,-6.612878240015632,100.93371344403916,-61.82930949900879,20.89152151918885
14.389043079791577,69.03139636167674,-8.324924595804376,71.00480697756204,78.22574344296955,-6.7331025930711546,-1.91507407792119,4.904271390201785,-1.918588731092544,-1.91507407792119,4.904271390201785,-1.918588731092544,16.304117157712767,64.12712497147496,-6.406335864711831,65.40120373395595,-33.104456750054325,13.289134840558724
13.297420914345253,68.73205640070773,-8.304196946836818,70.49735219832863,79.05040312917245,-6.764831150366252,-1.7651280176107775,4.150916037993738,0.8867269457702862,-1.7651280176107775,4.150916037993738,0.8867269457702862,15.06254893195603,64.581140362714,-9.190923892607104,65.90038955443175,-33.98664719747349,-17.886559780330995
60.73576276402093,81.88797646593366,-10.398814819581215,102.48223708460252,53.43592001648541,-5.823793428626084,-2.2328481294989615,5.599781877284272,-1.9011012515964467,-2.2328481294989615,5.599781877284272,-1.9011012515964467,62.968610893519894,76.28819458864939,-8.497713567984768,96.16105414061252,-58.30314883409628,11.678914086547207
62.11394768954972,80.4849304359372,-8.121771867087922,101.98985098096178,52.340968172787974,-4.567478809001192,-3.5048978807949425,4.81566589593956,-0.6241114498933058,-3.5048978807949425,4.81566589593956,-0.6241114498933058,65.61884557034466,75.66926453999764,-7.497660417194616,96.00115644224934,-73.70659699800296,1.4144590572466473
18.36664091459295,64.32684561657163,-7.396348479422908,67.30514494667479,74.06486334180391,-6.309133982825537,-2.498519763558079,5.412124678209068,0.8734720656018531,-2.498519763558079,5.412124678209068,0.8734720656018531,20.865160678151028,58.914720938362564,-8.26982054502476,61.280474997975794,-40.715653682576715,-14.645403196999222
22.15410577829857,62.36921917388497,-6.404313177181805,66.49615876475548,70.44450557159809,-5.526782021855293,-3.4462783885355748,-0.6045756157787991,3.345857177713528,-3.4462783885355748,-0.6045756157787991,3.345857177713528,25.600384166834147,62.97379478966377,-9.750170354895333,61.65497020613283,240.49443739599926,-49.2458587746993
77.38243521874529,61.4806365428218,-7.8368171684746315,99.14295564197168,38.46727401947267,-4.533710509279831,-3.298664268982975,6.120620968536642,-0.9146640190460884,-3.298664268982975,6.120620968536642,-0.9146640190460884,80.68109948772826,55.36001557428516,-6.922153149428543,92.13012473942648,-79.85485140450095,2.960569741621132
78.91489996011921,58.85285954616961,-6.8480656414017815,98.68189558123485,36.71470207472166,-3.9792594287364014,-2.992334226113826,5.413964463167417,1.1973079125096822,-2.992334226113826,5.413964463167417,1.1973079125096822,81.90723418623304,53.438895083002194,-8.045373553911464,92.38121136707444,-82.21501914463865,-14.933691505180203
30.873334010771828,53.511717123952735,-6.686957900562298,62.14001954021666,60.01740506264711,-6.1776260765060425,-2.581953322342315,5.617003156960948,1.4212447033088915,-2.581953322342315,5.617003156960948,1.4212447033088915,33.45528733311414,47.89471396699179,-8.10820260387119,55.79674405110637,-54.669295459575544,-19.124960661961474
30.12303789144164,53.17339320272902,-6.923871171874765,61.50404172496289,60.46819308629581,-6.463824755307448,-2.780003319145635,5.255331121285309,1.7878807172422453,-2.780003319145635,5.255331121285309,1.7878807172422453,32.903041210587276,47.91806208144371,-8.71175188911701,55.29570530464083,-57.41007782737954,-23.200923404192924
77.0967929675927,57.18851118277507,-9.208343207786516,96.43254057538167,36.567118040511836,-5.479522905323683,-2.3702855189085312,5.487245969761602,1.8560004150104532,-2.3702855189085312,5.487245969761602,1.8560004150104532,79.46707848650124,51.70126521301347,-11.064343622796969,90.17371805718135,-76.79542481330532,-22.729516463546247
25.532571644276004,52.05527689195992,-7.38760427727533,58.44861644236175,63.8725298628696,-7.261313909116092,-2.6268519547099913,6.259258992099248,-2.0400959074265987,-2.6268519547099913,6.259258992099248,-2.0400959074265987,28.159423598985995,45.79601789986067,-5.347508369848732,51.36055142900036,-48.89402517612041,9.4662498782551
24.6865835083413,50.495280128487934,-5.88399425658244,56.51391075638167,63.946502755183694,-5.976229706678494,-2.1291797602650604,5.364218660700459,2.0162295372241417,-2.1291797602650604,5.364218660700459,2.0162295372241417,26.81576326860636,45.131061467787475,-7.900223793806582,50.40052954480125,-47.70274518069096,-25.233227967803483
23.59652440857917,49.985569328896645,-7.193248354523186,55.74133051146569,64.72956268506283,-7.414522335319405,-1.4733368500008055,6.89816973083785,-0.8844038206806069,-1.4733368500008055,6.89816973083785,-0.8844038206806069,25.069861258579976,43.087399598058795,-6.308844533842579,48.63234765686178,-37.32673414598857,-0.2680379491332259
22.786045880866936,48.23700614894017,-6.391948825392721,53.729597605828985,64.71503323499613,-6.832381346847193,-2.1854406233424015,6.11067088299626,0.5324683093585125,-2.1854406233424015,6.11067088299626,0.5324683093585125,24.971486504209338,42.12633526594391,-6.924417134751233,47.21807152825511,-44.964217499821586,-11.522877836935619
22.297798582229916,47.680760925176855,-6.123966028755209,52.991978109322496,64.93696639942578,-6.636157929418789,-2.3964894134533097,5.916859366257967,1.176667194371907,-2.3964894134533097,5.916859366257967,1.176667194371907,24.694287995683226,41.76390155891889,-7.300633223127116,46.500681478049245,-47.11232348308815,-17.07980931751164
21.11845082271168,46.30891022261119,-5.971018665842628,51.24604565295742,65.485387919361,-6.691112071689963,-2.2559790639782022,6.381798324013602,0.8660128065205643,-2.2559790639782022,6.381798324013602,0.8660128065205643,23.37442988668988,39.92711189859759,-6.837031472363193,44.42206077852017,-43.98322010273755,-13.982019558357281
19.318454884967423,44.3020642971959,-5.942124638373812,48.6948092239139,66.43980463575012,-7.009152140649789,-2.261144353412874,6.858289229995236,-0.973639335332297,-2.261144353412874,6.858289229995236,-0.973639335332297,21.579599238380297,37.44377506720066,-4.968485303041515,41.40804872939057,-41.807329991433065,0.6695369506320494
18.854110924871748,43.7324039842531,-6.002109704040368,48.00027060245202,66.67794210978795,-7.183253260379377,-2.2657987990310176,6.560354928031089,0.8529674282909363,-2.2657987990310176,6.560354928031089,0.8529674282909363,21.119909723902765,37.17204905622201,-6.855077132331305,41.007441817678476,-42.37581712384336,-14.189493909926156
67.38223796213367,55.410233310833064,-7.268980681668076,87.54140750808742,39.431383697217875,-4.763025963350624,-2.3192999939672063,6.538414607033502,0.823293394159849,-2.3192999939672063,6.538414607033502,0.823293394159849,69.70153795610088,48.87181870379956,-8.092274075827925,80.55514741785655,-70.09917997917898,-11.53075359570429
15.843498528818486,39.26418372829335,-5.40666609763354,42.684008806263144,68.02542176880647,-7.277047683047587,-2.143532008961074,6.318246779439107,0.8521024658910166,-2.143532008961074,6.318246779439107,0.8521024658910166,17.98703053777956,32.94593694885424,-6.258768563524557,35.95786203030658,-40.71462676849275,-14.55512533558236
14.7977929837366,38.754037646230245,-5.972046582154412,41.91080351716461,69.10120638014995,-8.192200890386406,-2.6505897885990635,6.105691090880782,0.846003498406503,-2.6505897885990635,6.105691090880782,0.846003498406503,17.448382772335663,32.64834655534946,-6.818050080560916,35.20104854071408,-44.365321312667305,-15.435653154697794
61.8223878909987,54.20810740589468,-6.399493052302887,82.47108623269484,41.24545681987744,-4.450443467343363,-1.8591009294764262,6.573014091383939,-0.6703783611179406,-1.8591009294764262,6.573014091383939,-0.6703783611179406,63.681488820475124,47.63509331451074,-5.729114691184947,75.60740080440145,-64.54748457978937,1.154589459999209
12.90581565216894,36.3512087819073,-5.652092799493431,38.98610791766304,70.45354680546623,-8.335953004182477,-2.774903535192607,5.364515483772351,1.1763958712144722,-2.774903535192607,5.364515483772351,1.1763958712144722,15.680719187361547,30.986693298134952,-6.8284886707079036,32.8328954842208,-46.89762783059513,-19.35784314930752
12.811255527958451,33.09205272015413,-3.8461517142665294,35.69320809965478,68.8365889612992,-6.18596582649806,-2.890936170408395,5.482656951841548,-0.7745219303460409,-2.890936170408395,5.482656951841548,-0.7745219303460409,15.702191698366846,27.60939576831258,-3.0716297839204882,29.446855290731886,-48.96552959151492,0.936806231979995
12.360558970617149,30.801592213481058,-3.367595686200957,33.35958935085083,68.13460075735323,-5.793783609537933,-3.7065707937076695,5.597920478871558,-0.9021164838870632,-3.7065707937076695,5.597920478871558,-0.9021164838870632,16.067129764324818,25.2036717346095,-2.465479202313894,26.585432954144522,-55.37527718567213,1.8590472555859838
61.31074654419149,46.40554616141526,-5.512620002615925,77.090020986108,37.12174748140245,-4.100656109064798,-4.352607949516141,5.224963913840853,-0.0859092318283654,-4.352607949516141,5.224963913840853,-0.0859092318283654,65.66335449370763,41.18058224757441,-5.42671077078756,70.28907809124088,-92.6739293984146,-3.376878921932996
63.53493535711618,41.964244599702056,-5.8685736664550205,76.3683572727289,33.44439763825904,-4.407274583065134,-5.2124841656111585,5.252926088533343,0.11081427073270422,-5.2124841656111585,5.252926088533343,0.11081427073270422,68.74741952272734,36.71131851116871,-5.979387937187725,68.96730981504163,-101.33419298470238,-5.265183860689859
65.19442686219816,39.12079383143043,-5.683392582889127,76.24336531884613,30.96643028684333,-4.274952121905471,-6.1379026844947475,5.2607034551877945,0.21686996027293537,-6.1379026844947475,5.2607034551877945,0.21686996027293537,71.3323295466929,33.86009037624264,-5.900262543162063,68.15659323182517,-108.43419077214303,-5.81168682917329
67.77011826356522,33.44987962011817,-7.148521031320502,75.91300764028023,26.269960204260723,-5.403393297955152,-4.300422655506509,8.604083580900976,-0.9134145463482892,-4.300422655506509,8.604083580900976,-0.9134145463482892,72.07054091907173,24.84579603921719,-6.2351064849722135,66.25080212515046,-90.2864646891939,0.021151305112953267
67.87155563421072,32.9299368005951,-8.11180214288028,75.87311866467718,25.88174446609238,-6.137378258874722,-7.829410512361619,5.474867366171921,1.1640767569104573,-7.829410512361619,5.474867366171921,1.1640767569104573,75.70096614657234,27.45506943442318,-9.275878899790737,66.24872692575508,-119.15433827873645,-13.084350633625595
70.14540047670641,26.532411720687037,-9.858108932690465,75.64078523840406,20.71906279723924,-7.488544045143453,-8.858422272581038,5.741221428414789,1.048789976406051,-8.858422272581038,5.741221428414789,1.048789976406051,79.00382274928745,20.791190292272248,-10.906898909096515,65.03261720315601,-126.3333096738422,-13.162432899633778
18.785003546624125,20.21348761888794,-4.6802044455847005,27.988671880210532,47.09776150685306,-9.62609592858422,-8.380750310192298,5.735038478837367,2.6742857978576913,-8.380750310192298,5.735038478837367,2.6742857978576913,27.165753856816423,14.478449140050571,-7.354490243442392,17.487269752677427,-98.51797820674375,-24.379528269245988
21.86633100393766,14.636159370825226,-4.33000067840369,26.666505181161945,33.79624829913233,-9.34483525944671,-9.740744158792722,5.960311251737679,0.24003583654392013,-9.740744158792722,5.960311251737679,0.24003583654392013,31.607075162730382,8.675848119087547,-4.57003651494761,15.24437647467861,-114.74150237945177,-10.548993714661856
74.92520523461076,1.9880544445621808,-7.074511878500391,75.28470932561359,1.5199212082982103,-5.392045874820646,-10.198395488286451,5.487883316736557,0.2340298470099067,-10.198395488286451,5.487883316736557,0.2340298470099067,85.12360072289721,-3.499828872174376,-7.308541725510297,63.701147533016794,-150.1948320334365,-6.549706631001875
23.90959692530521,5.817695408911732,-2.9518864756641285,24.78362440739138,13.675487018624422,-6.84052899670738,-10.567301578051683,4.8764806378023735,0.6369119878733762,-10.567301578051683,4.8764806378023735,0.6369119878733762,34.47689850335689,0.9412147711093581,-3.588798463537505,13.127999888188135,-141.55265995125123,-9.972969833503614
24.1150660577687,3.5200106132713245,-3.150830603217475,24.57345354601715,8.304659617735624,-7.366797649371183,-10.706749156851856,4.6252613207335145,0.8661494801685199,-10.706749156851856,4.6252613207335145,0.8661494801685199,34.82181521462056,-1.10525070746219,-4.016980083385995,12.87825219183698,-148.33124085351471,-11.614025798694819
23.932634807740584,-0.8831231621086317,-3.3425297634996554,24.18105499311413,-2.113276836944422,-7.945395107389476,-10.871667686026285,3.4658120756666193,1.474188947853351,-10.871667686026285,3.4658120756666193,1.474188947853351,34.80430249376687,-4.348935237775251,-4.8167187113530066,12.67548048884892,-164.4313569164106,-15.306838612716074
73.36119031594879,-25.338886286884872,-5.646828093290239,77.81908551472263,-19.05486439614741,-4.161241694563387,-11.10794354399718,3.7918771736729724,0.7358338594134721,-11.10794354399718,3.7918771736729724,0.7358338594134721,84.46913385994597,-29.130763460557844,-6.382661952703711,66.05872014006228,-180.20669092275688,-7.748522398370034
24.003760019226632,-5.419098256774305,-2.963375611907413,24.785655448150745,-12.721844637631417,-6.866715780530717,-11.113751630537081,3.0728059947800404,0.6220597752042065,-11.113751630537081,3.0728059947800404,0.6220597752042065,35.11751164976371,-8.491904251554345,-3.5854353871116196,13.238163497482459,-177.2664237434344,-9.954716243805805
23.7751780770258,-5.945526037005948,-2.938376310528273,24.682836704748453,-14.040170725810302,-6.837008771332903,-11.133814801390372,2.527165497790648,0.869941091925037,-11.133814801390372,2.527165497790648,0.869941091925037,34.90899287841617,-8.472691534796596,-3.8083174024533104,13.232719020274528,-181.25179415667643,-11.19434665545759
23.647738690668405,-8.452237791129619,-3.0283477723822116,25.294797075494152,-19.668041069181342,-6.8760679886826965,-11.126840150101316,1.6647710525481614,0.18267300808696874,-11.126840150101316,1.6647710525481614,0.18267300808696874,34.77457884076972,-10.11700884367778,-3.2110207804691804,14.042623782694555,-191.15870477525937,-7.806275151909966
74.90504974612838,-30.2382992874102,-7.154536926347259,81.0944425956269,-21.98335802106236,-5.0614864669662305,-10.346289896997632,1.703052873725639,0.9694728126064607,-10.346289896997632,1.703052873725639,0.9694728126064607,85.25133964312602,-31.94135216113584,-8.124009738953719,70.56420132309171,-192.63599649172042,-10.343936273407117
19.324457996945107,-15.497110992322177,-2.3194180899524355,24.879204695087164,-38.727620367607685,-5.349291829948303,-10.368785570933596,0.7908671677201369,-0.05501652931772982,-10.368785570933596,0.7908671677201369,-0.05501652931772982,29.693243567878703,-16.287978160042314,-2.2644015606347057,14.480156089013791,-214.3658961461834,-5.046165096156129
17.685249718718516,-17.35740406880518,-2.0664682339641445,24.86599735749988,-44.463978265741154,-4.767016427896304,-10.462433725696883,-0.6189004591637257,0.015008651403505713,-10.462433725696883,-0.6189004591637257,0.015008651403505713,28.1476834444154,-16.738503609641455,-2.08147688536765,14.385263485171588,132.15066130046463,-4.8490653269513375
12.254137430450953,-21.543318725990048,-2.3257258831020664,24.893522586755445,-60.36818276025077,-5.360787976919087,-10.384105519697414,-1.4287331108487962,0.23198125790166646,-10.384105519697414,-1.4287331108487962,0.23198125790166646,22.638242950148367,-20.11458561514125,-2.557707141003733,14.409022548591317,111.79776632100669,-6.628624469567511
48.192605408002635,-65.72897890376782,-0.923129729108112,81.50876058584232,-53.751063480273594,-0.6489188133335623,-10.211801760419348,-1.7389038384260118,-0.14168999599845744,-10.211801760419348,-1.7389038384260118,-0.14168999599845744,58.40440716842198,-63.99007506534181,-0.7814397331096545,71.1489942849858,116.58509124200054,0.13473707750995745
37.71095286296378,-73.12928762909041,-0.15882576133867587,82.28021573010962,-62.72096894253384,-0.1105982935649101,-9.761590725922588,-2.599334517677036,0.5230179619074453,-9.761590725922588,-2.599334517677036,0.5230179619074453,47.47254358888637,-70.52995311141338,-0.6818437232461212,72.164943058368,102.36819998960343,-3.0744423237326
4.700732628653327,-25.14784436180196,-1.3133947584632324,25.617103057977875,-79.41223625318213,-2.938856268455527,-9.797848448040895,-3.6299272613578495,-0.6921767711966065,-9.797848448040895,-3.6299272613578495,-0.6921767711966065,14.498581076694222,-21.51791710044411,-0.6212179872666259,15.145555186907885,80.25899876283174,0.8511989668702191
36.90516260704186,-74.93108609978685,-0.048192801205303226,83.52640907935621,-63.77876749915405,-0.033058338022858846,-9.167859299318025,-3.576322395256881,0.252637422414399,-9.167859299318025,-3.576322395256881,0.252637422414399,46.073021906359884,-71.35476370452997,-0.30083022361970224,73.68244891720033,94.9107987256931,-1.5036704988961136
3.6311571479300255,-27.62369069074896,-1.5887072684581085,27.906586684795144,-82.51135797843062,-3.263583004217655,-8.271788478470398,-3.452632521342494,-0.27647457305962186,-8.271788478470398,-3.452632521342494,-0.27647457305962186,11.902945626400424,-24.171058169406464,-1.3122326953984866,18.93888942465439,74.83305573593233,-1.4968711914308759
35.84142730404608,-77.55750686514318,-0.5779576485109033,85.4406742563015,-65.19706090431342,-0.3875763719138789,-8.565467573647084,-4.698556893497283,-0.31484548560062686,-8.565467573647084,-4.698556893497283,-0.31484548560062686,44.40689487769316,-72.8589499716459,-0.2631121629102764,75.66607455521739,86.05612460018065,1.458272961572186
23.06040186908058,-83.48143151296074,0.852781112418711,86.61211680499645,-74.55804252961178,0.5641421764168633,-7.0213126197040765,-5.118400626869516,-0.03012545550710577,-7.0213126197040765,-5.118400626869516,-0.03012545550710577,30.081714488784655,-78.36303088609122,0.8829065679258168,77.92317190795495,69.35063464142101,0.7627928681916052
-18.415358793407222,-23.075251615292757,-1.5041120658068365,29.5610390498287,-128.59185131183597,-2.9165585803322966,-4.396161327013942,-6.527112703316234,-0.035460770301141586,-4.396161327013942,-6.527112703316234,-0.035460770301141586,-14.01919746639328,-16.548138911976523,-1.468651295505695,21.691433461163186,-4.6306734652442,-2.6583805396034217
-17.358282237997287,-23.988108330655677,-0.8201810662240376,29.62114110763859,-125.89026255645985,-1.5866681236910483,-3.5218149106176497,-6.727361709134868,-0.12095186013948611,-3.5218149106176497,-6.727361709134868,-0.12095186013948611,-13.836467327379637,-17.26074662152081,-0.6992292060845515,22.02672176297148,-8.257930657795782,-0.6741132861233012
-23.095007830024997,-88.27739280528328,4.079972102121133,91.339606083677,-104.6610486061029,2.560148859150117,-1.6569584988403676,-6.840179142874092,-0.0034825221923733274,-1.6569584988403676,-6.840179142874092,-0.0034825221923733274,-21.43804933118463,-81.43721366240919,4.0834546243135055,84.30159682668892,-1.044075929456966,2.5884997499404268
-22.397541896502275,-20.85493876349932,-0.7371370446753502,30.61244395433847,-137.0425927295671,-1.3797958834540498,-1.2465256879609115,-6.914608680856617,-0.19973752717477034,-1.2465256879609115,-6.914608680856617,-0.19973752717477034,-21.151016208541364,-13.940330082642703,-0.5373995175005799,23.583536885676516,-36.82340115733189,0.24857364218483102
-49.194260254132814,-78.2539781838436,3.4108994520524973,92.4953759850774,-122.15546777438128,2.11334308657556,0.06308661464117904,-6.861991158469323,0.2980629143725846,0.06308661464117904,-6.861991158469323,0.2980629143725846,-49.25734686877399,-71.39198702537428,3.1128365376799128,85.62662470986133,-32.6822091888957,-0.3737336140769947
-54.75017889082551,-74.58315662806119,3.198834429801636,92.57678911526683,-126.2817352462479,1.9801529531297022,0.4805941010095012,-6.936400148079926,0.12910128246869101,0.4805941010095012,-6.936400148079926,0.12910128246869101,-55.23077299183501,-67.64675647998126,3.069733147332945,85.62256127564702,-40.2451856115143,0.9164283052399413
-30.714435362615973,-3.4593973495640853,-3.8699393319972657,31.149966293718922,-173.57380184273316,-7.13662328866019,0.9567242137152334,-7.371780220433834,-0.21767674120524072,0.9567242137152334,-7.371780220433834,-0.21767674120524072,-31.671159576331206,3.912382870869749,-3.652262590792025,23.713176125699505,-90.96842945479973,-5.459321675796345
-73.00839146218186,-58.199733916341614,0.3018020425814072,93.3676889309201,-141.43937386911975,0.18520339957895135,0.9956218464869835,-7.277380063472478,0.074610518249552,0.9956218464869835,-7.277380063472478,0.074610518249552,-74.00401330866885,-50.922353852869136,0.2271915243318552,86.02213992632811,-59.229673151398345,-0.39677370107946086
-30.02664639479667,0.35314255285948093,-3.3670879162792104,30.21690726094829,179.3261769978991,-6.397789595512282,1.5670434625974394,-7.348092271759384,0.05519506892116244,1.5670434625974394,-7.348092271759384,0.05519506892116244,-31.59368985739411,7.701234824618865,-3.422282985200373,22.703377348610644,257.2877004732461,-6.818693349177946
-77.64065445148367,-52.57601737679414,-2.2023249706475667,93.79317172447035,-145.89527292099334,-1.3454660030766015,1.7490846609985056,-7.170289815096922,0.23013454006891898,1.7490846609985056,-7.170289815096922,0.23013454006891898,-79.38973911248218,-45.40572756169722,-2.4324595107164857,86.4090458391434,-69.60399488062222,-3.131442246558011
-28.956663746721915,0.5130256484239339,-4.832688396399419,29.36164926895888,178.98499600190408,-9.47352547655919,1.7087969075414549,-7.171462053881584,0.10297320040897917,1.7087969075414549,-7.171462053881584,0.10297320040897917,-30.66546065426337,7.684487702305518,-4.935661596808398,21.988694749806523,255.58262468800433,-10.273763914668882
-76.02803066155457,-55.83602083120371,0.1646743403651314,94.32894458317271,-143.7059329818543,0.10002390603637287,1.643083367255258,-7.432073086303575,0.12831930872415453,1.643083367255258,-7.432073086303575,0.12831930872415453,-77.67111402880982,-48.40394774490014,0.036355031640976865,86.71633010738975,-66.17236562886109,-0.8658076159117882
-29.3509483178766,1.682675537809132,-4.6826376776646015,29.769727236649125,176.71885247365933,-9.049939498732256,2.132891310880723,-7.345752604476985,0.4263927798079159,2.132891310880723,-7.345752604476985,0.4263927798079159,-31.483839628757323,9.028428142286117,-5.109030457472517,22.108714413733136,250.5278229762145,-12.24052776329601
-79.09186385933799,-54.415652267480255,-0.7693853361703589,96.00613571139554,-145.47180711965888,-0.4591686158396058,2.330572003540283,-7.388799233851472,0.32915050621650943,2.330572003540283,-7.388799233851472,0.32915050621650943,-81.42243586287827,-47.02685303362878,-1.0985358423868683,88.25150741355996,-72.97810228503523,-2.8918580401828757
-81.40204286380254,-52.990371830271386,-1.0633181544162937,97.13600122821752,-146.93703835784692,-0.627211935543114,2.473259056416964,-7.20350084976252,0.27288485591872025,2.473259056416964,-7.20350084976252,0.27288485591872025,-83.8753019202195,-45.786870980508866,-1.336203010335014,89.51485295533452,-75.886499300198,-2.6791984404191576
-30.455193716956956,3.8822984501881024,-5.069307268254988,31.117341495919767,172.7353591435878,-9.375808431816356,2.5431290914389137,-6.800964281741912,0.8917874526081657,2.5431290914389137,-6.800964281741912,0.8917874526081657,-32.99832280839587,10.683262731930014,-5.961094720863154,23.801884873269234,242.2327519356952,-16.377840813570852
-30.92251080403946,6.569772848100001,-5.321175246304165,32.05742496994182,168.00533571118683,-9.554683840891276,2.537774212356908,-6.68433686024207,0.3948836152345634,2.537774212356908,-6.68433686024207,0.3948836152345634,-33.46028501639637,13.254109708342071,-5.716058861538729,24.896657533159974,237.21557752480683,-12.715887961907736
-30.68948737436881,8.325265207246048,-6.259954866598662,32.40897577839164,164.82240258965942,-11.136962409945061,2.388870635179501,-5.225062647577474,2.5169955015825574,2.388870635179501,-5.225062647577474,2.5169955015825574,-33.07835800954831,13.550327854823522,-8.776950368181218,26.136556074822767,230.2527772403911,-34.79517354494142
-92.38977799387146,-40.03268909531869,-3.4362215463672356,100.74867191419955,-156.5728116049813,-1.954558601778119,2.78563215663371,-5.9565370411491045,0.8706711373607037,2.78563215663371,-5.9565370411491045,0.8706711373607037,-95.17541015050517,-34.07615205416958,-4.3068926837279395,94.11556191480364,-91.63640764163466,-9.497047012072873
-31.04074715311299,10.662741990174368,-6.156842134343748,33.393543622079854,161.04199834660545,-10.62453429881874,2.4932705989981514,-5.861308443135982,0.9541939305241989,2.4932705989981514,-5.861308443135982,0.9541939305241989,-33.53401775211114,16.52405043331035,-7.111036064867947,26.952905377118803,227.99817328568724,-19.144386147347646
-31.486392765474307,11.133876004247668,-6.1279040215900835,33.95448912820652,160.52594054708777,-10.397372834727035,2.293777967388678,-5.448931893515066,1.179142299168938,2.293777967388678,-5.448931893515066,1.179142299168938,-33.780170732862985,16.582807897762734,-7.307046320759022,27.926002360738845,227.69683400932206,-21.67686092600076
-94.71782315919131,-39.5371192864128,-3.071419470598684,102.68438753310187,-157.34336424722818,-1.7140446425419995,1.9718657083687958,-5.293735312542836,1.3205898157383291,1.9718657083687958,-5.293735312542836,1.3205898157383291,-96.68968886756011,-34.24338397386997,-4.3920092863370135,96.88302171180293,-87.77324473871639,-14.871877315576455
-31.591511793564223,12.269562655286336,-6.4524876746190785,34.49928089607109,158.7747448777776,-10.779656257765645,2.405281152478665,-5.251831422506896,0.5507201423392807,2.405281152478665,-5.251831422506896,0.5507201423392807,-33.99679294604289,17.521394077793232,-7.003207816958359,28.696660506274934,224.16748493172315,-16.225730987804265
-97.227443127622,-37.55196338546625,-4.0557028337324965,104.3061569453784,-158.8820418734188,-2.228375151648375,2.1362586835414277,-5.005947454368183,0.9949987995140626,2.1362586835414277,-5.005947454368183,0.9949987995140626,-99.36370181116342,-32.54601593109807,-5.050701633246559,98.77324327445095,-91.99212333658309,-12.588390309537395
-97.8909397610829,-37.82506728722501,-7.582397989291536,105.21817600518968,-158.87346385445872,-4.132520826227869,1.7683259308169,-5.049938687078196,0.8776506943005333,1.7683259308169,-5.049938687078196,0.8776506943005333,-99.6592656918998,-32.775128600146815,-8.460048683592069,99.79607972404023,-88.17207475008635,-13.447717899236835
-31.86091512572966,11.939236752839633,-7.811687376722517,34.90967984042466,159.4575248653032,-12.930473255429465,2.6810831095244794,-5.046216841071455,0.19104591149945005,2.6810831095244794,-5.046216841071455,0.19104591149945005,-34.54199823525414,16.98545359391109,-8.002733288221968,29.192249509621206,221.47556746011128,-14.845347906197086
-32.78860510338927,9.268029742127851,-7.967590283597417,34.99244911197625,164.21652036795481,-13.16137872035266,1.2225030479353336,-5.769348662876851,-0.30694653984821274,1.2225030479353336,-5.769348662876851,-0.30694653984821274,-34.011108151324606,15.037378405004702,-7.660643743749205,29.087018232321924,242.2527257147069,-10.181973827335572
-33.369064821537904,8.034085423839883,-7.799438968836711,35.19761730416086,166.46285817787702,-12.802436769460494,1.577566487768081,-5.459370315627709,0.6489311550358747,1.577566487768081,-5.459370315627709,0.6489311550358747,-34.946631309305985,13.493455739467592,-8.448370123872586,29.477953685514905,240.34541950128036,-19.317024347625303
-87.17179951965863,-62.91033034789643,-2.1729768668004397,107.52373749289347,-144.18268917142646,-1.1579850429276553,1.383431412046093,-5.683037782295372,0.7223709430324126,1.383431412046093,-5.683037782295372,0.7223709430324126,-88.55523093170473,-57.22729256560106,-2.8953478098328524,101.63029871013089,-67.86418915411188,-8.198551977755175
-84.06514428139178,-67.68981585937581,-3.223273285354651,107.97800305988022,-141.15875021344405,-1.710602058887666,1.5718944685893348,-6.2812822003274675,-1.2704429839217317,1.5718944685893348,-6.2812822003274675,-1.2704429839217317,-85.63703874998112,-61.408533659048345,-1.9528303014329191,101.37956508745611,-65.20850513321925,9.390271576873964
-79.74276192038451,-74.42699708496505,0.4295858788397595,109.08011055093326,-136.97477300273707,0.22564628232793207,1.3044215274780981,-6.0181062359452255,0.7365714150184279,1.3044215274780981,-6.0181062359452255,0.7365714150184279,-81.04718344786261,-68.40889084901983,-0.3069855361786684,102.87836437442027,-59.20442888290165,-6.595381982746979
-79.11112448641802,-75.95683963718557,3.216093561351812,109.71943657789181,-136.16531025624235,1.6796931387492426,1.4785681446383023,-6.476422120850714,-1.9503831335699366,1.4785681446383023,-6.476422120850714,-1.9503831335699366,-80.58969263105632,-69.48041751633485,5.166476694921749,102.79598356559386,-59.025539583203866,18.04178575996691
-37.18771889102584,0.9531322828656243,-5.509418762321189,37.605698937331525,178.53181358323263,-8.424433722193488,2.791045928242511,-5.552549945192254,0.9149489111239573,2.791045928242511,-5.552549945192254,0.9149489111239573,-39.97876481926835,6.5056822280578785,-6.424367673445147,31.324148191108065,241.84495710071286,-16.79973319347362
-84.42086353101433,-73.24887721088368,-0.45815441805103774,111.76980861327463,-139.05302637710312,-0.23486117009415075,2.0222954591802136,-5.307803405662156,1.5623945382941178,2.0222954591802136,-5.307803405662156,1.5623945382941178,-86.44315899019455,-67.94107380522152,-2.0205489563451557,105.87883818297446,-69.91007776277779,-15.614799663218577
-90.71888550721496,-67.17553862553393,1.4335008600174035,112.89164761849058,-143.48078477396595,0.7275627409109064,2.5695329077200313,-5.5339181064217655,0.9893577118676384,2.5695329077200313,-5.5339181064217655,0.9893577118676384,-93.288418414935,-61.641620519112166,0.4441431481497651,106.71058155716501,-78.38737448882918,-8.482968972447265
-37.39874866322964,7.520980899570361,-6.201038063025209,38.648213779244834,168.62934279230825,-9.232914897194904,2.277281960280334,-5.175851788249972,1.7826848150666927,2.277281960280334,-5.175851788249972,1.7826848150666927,-39.67603062350997,12.696832687820333,-7.983722878091902,32.71918181690747,234.88070920808843,-26.73079232542721
-99.61022805508173,-55.73268473455704,0.1591856504729634,114.1418197725016,-150.77265313148536,0.07990646115449458,3.253445276890716,-6.204788546251592,-1.5916922946495646,3.253445276890716,-6.204788546251592,-1.5916922946495646,-102.86367333197245,-49.52789618830545,1.750877945122528,106.95726749457474,-88.44266500405584,12.879624574115866
-36.40649111881976,11.95398946845296,-6.138204930392902,38.807319149409,161.82252210015187,-9.10076905819857,3.07929535272433,-6.037924627027294,0.31601223117791655,3.07929535272433,-6.037924627027294,0.31601223117791655,-39.48578647154409,17.991914095480254,-6.454217161570819,32.02215464136452,224.80128847721883,-11.770228183418158
-100.8593026408746,-54.95866281299186,0.7856399317137885,114.86370522274638,-151.41384577694458,0.39189231445570705,3.283682556659869,-5.948633447530767,0.5494857218931564,3.283682556659869,-5.948633447530767,0.5494857218931564,-104.14298519753447,-49.010029365461094,0.23615420982063218,108.0467597495481,-90.31281573795485,-4.23149885466534
-91.67717342092021,-85.26106820760253,4.856101944430442,125.29060461361671,-137.0767401368131,2.2212667628631944,3.4170716313039975,-6.680954271575104,0.8562381329324589,3.4170716313039975,-6.680954271575104,0.8562381329324589,-95.09424505222421,-78.58011393602743,3.999863811497983,117.73781226557563,-74.16487666878493,-4.288183818232181
-91.67717342092021,-85.26106820760253,4.856101944430442,125.29060461361671,-137.0767401368131,2.2212667628631944,3.601496259042733,-6.308262820736502,1.3761484458551478,3.601496259042733,-6.308262820736502,1.3761484458551478,-95.27866967996295,-78.95280538686603,3.479953498575294,117.89744969407019,-76.79953282080024,-8.50623159119646
-91.67717342092021,-85.26106820760253,4.856101944430442,125.29060461361671,-137.0767401368131,2.2212667628631944,3.4313002938076806,-6.609945620780053,1.121514301563561,3.4313002938076806,-6.609945620780053,1.121514301563561,-95.1084737147279,-78.65112258682248,3.734587642866881,117.75913748266767,-74.51109561839142,-6.3425251585200435
-26.295382053852904,2.210517606530516,-4.650442553469603,26.79477787536205,175.19473651332876,-9.994741583517087,3.3475583039144112,-7.307621880263326,-0.17776548078074494,3.3475583039144112,-7.307621880263326,-0.17776548078074494,-29.642940357767316,9.518139486793842,-4.472677072688858,18.75493430044302,240.58263093034245,-8.727796304590425
-25.07582098311093,0.6416144326232143,-3.8568197783726887,25.37880071752847,178.5342940647788,-8.741116079167783,3.466734036571097,-7.2396446061330835,-0.01967756158340883,3.466734036571097,-7.2396446061330835,-0.01967756158340883,-28.542555019682027,7.881259038756298,-3.83714221678928,17.35190305343294,242.94666953524938,-8.600658033448157
-25.073413860385244,0.8060788552761551,-4.231104651167122,25.440677905751848,178.15864663946525,-9.573493103503196,3.342555587046263,-7.213947092028917,0.19405689165868223,3.342555587046263,-7.213947092028917,0.19405689165868223,-28.415969447431507,8.020025947305072,-4.425161542825805,17.487605004269874,243.2981739373289,-10.971662666178172
-24.556563398750768,1.2556514428565606,-4.339230858156057,24.968588084695284,177.0728426300379,-10.008111317783298,3.4010472477418716,-7.341644732345088,-0.007831987656455208,3.4010472477418716,-7.341644732345088,-0.007831987656455208,-27.95761064649264,8.597296175201649,-4.331398870499601,16.87742431813033,242.21671692847107,-9.952650827681348
-23.602433309876005,0.3040952051341037,-4.895758361708488,24.106758014655735,179.2618384891111,-11.717510496387682,3.5678267556502306,-7.381914265052984,-0.2335468085936332,3.5678267556502306,-7.381914265052984,-0.2335468085936332,-27.170260065526236,7.686009470187088,-4.6622115531148545,15.904527215249352,243.46643156751279,-10.085874473620507
-99.16162317707688,-85.24036930462148,-0.5229156718259986,130.76399164563875,-139.3173011284004,-0.22912225692391047,2.9206488817385434,-7.609307556687185,0.06743338669079169,2.9206488817385434,-7.609307556687185,0.06743338669079169,-102.08227205881542,-77.6310617479343,-0.5903490585167903,122.61314514700453,-70.31539385387403,-0.7031457258376724
-22.797930127549648,-0.8495740727480552,-3.928128164004505,23.149461874492182,-177.86583718427838,-9.769534251236248,3.033187877488217,-7.298273801847358,0.8518743427830475,3.033187877488217,-7.298273801847358,0.8518743427830475,-25.831118005037865,6.448699729099303,-4.780002506787553,15.200202847213916,-110.433776943398,-15.921392116478016
-96.9044956776927,-89.77240863703992,1.8472446128506377,132.10972313839486,-137.18795055234446,0.8011731967151738,3.3130251195109395,-7.4951861992988995,-0.05342082552141392,3.3130251195109395,-7.4951861992988995,-0.05342082552141392,-100.21752079720363,-82.27722243774102,1.9006654383720516,123.91479755061368,-71.03435649069696,1.1746737838537413
-18.18280178210796,-9.547219452928402,-3.5878073531059442,20.84792655236496,-152.29744314411582,-9.909602956288554,1.6416077048290845,-5.897363550124339,-1.0312460267880836,1.6416077048290845,-5.897363550124339,-1.0312460267880836,-19.824409486937043,-3.649855902804063,-2.5565613263178606,14.640089484057224,-77.8526773394749,-0.3472979922146351
-102.82449679341278,-112.49383515149566,4.989637899059787,152.48815224231083,-132.4287358328712,1.8751373748701181,1.8653034915259923,-5.470893473751374,0.7246511280791699,1.8653034915259923,-5.470893473751374,0.7246511280791699,-104.68980028493877,-107.02294167774429,4.264986770980617,146.66276369097275,-61.25556785540422,-5.270700796683331
-11.868778712410517,-12.255843584031936,-2.724918086086845,17.277117486904725,-134.0808029823422,-9.074484563389266,2.2905040629154882,-7.323665456258595,0.5333735047619672,2.2905040629154882,-7.323665456258595,0.5333735047619672,-14.159282775326005,-4.932178127773341,-3.2582915908488124,9.5851104748818,-61.44807360055634,-13.050637169962112
-80.98566752604722,-135.48176619107664,5.747114392156732,157.9462460419036,-120.86932084373325,2.085254393706114,2.680539649856655,-6.6807950405661245,0.7911442318227866,2.680539649856655,-6.6807950405661245,0.7911442318227866,-83.66620717590388,-128.80097115051052,4.955970160333945,150.70440757477022,-52.73148927098961,-4.186616893803787
-13.059060238190796,-11.662510691740408,-2.9775576587997747,17.760041090919028,-138.23326702570455,-9.651497051892886,2.869697316370548,-7.491178436265841,0.24894997446071976,2.869697316370548,-7.491178436265841,0.24894997446071976,-15.928757554561344,-4.171332255474567,-3.2265076332604945,9.734152159383616,-69.19394854155166,-11.42900372432343
-13.05645575499966,-11.418398040691386,-3.3747496978265445,17.670308039785528,-138.82899257134127,-11.010226725588462,2.7621984404597697,-7.48299453690754,0.5415511914042745,2.7621984404597697,-7.48299453690754,0.5415511914042745,-15.81865419545943,-3.9354035037838457,-3.9163008892308193,9.67542060112963,-69.0896134131866,-14.894255768693831
-88.00039931503932,-134.75762201433054,3.0787606439500195,160.97566815412287,-123.14563120375165,1.0958845460131548,2.9903136540990545,-6.8108626646993855,1.76953957095386,2.9903136540990545,-6.8108626646993855,1.76953957095386,-90.99071296913837,-127.94675934963115,1.3092210729961595,153.32968252240352,-56.849538400040814,-12.2856161751679
-89.13757097596408,-136.87326429714335,7.4221636885847175,163.5080595954549,-123.0738507918247,2.601736178373391,3.6192812598021646,-6.9955092340542535,1.2621694855664705,3.6192812598021646,-6.9955092340542535,1.2621694855664705,-92.75685223576625,-129.8777550630891,6.159994203018247,155.531254590217,-60.429634865588135,-6.5024351286515465
-94.32961079032702,-133.86525821358492,10.35538719594068,164.08905165312584,-125.170855415395,3.61824579551102,3.3288978178436537,-7.387615054453079,0.3164786607050778,3.3288978178436537,-7.387615054453079,0.3164786607050778,-97.65850860817068,-126.47764315913184,10.038908535235601,155.97988550504948,-59.427430676393,1.3815795944660647
-13.687560281253695,-11.64301475020477,-3.0537998635477095,18.227308976726203,-139.61459831257983,-9.644809042233556,3.2678349761683876,-7.3973397652690664,0.25115573104251254,3.2678349761683876,-7.3973397652690664,0.25115573104251254,-16.955395257422083,-4.245674984935704,-3.304955594590222,10.13642149539661,-73.44843267643843,-11.423659071949993
-101.38382324192287,-133.91818038844622,9.014480671805785,168.20826232823475,-127.1278321761203,3.072020592820174,3.700067768013696,-7.318791477107624,0.29169515700025617,3.700067768013696,-7.318791477107624,0.29169515700025617,-105.08389100993656,-126.5993889113386,8.72278551480553,160.00214898281388,-63.94704026597853,1.0349511271407739
-11.733339004007576,-14.311316995039078,-2.9567828867231327,18.741067294972254,-129.34710595386457,-9.077497225960695,3.7693002042201442,-7.206829622215849,0.08701326681163346,3.7693002042201442,-7.206829622215849,0.08701326681163346,-15.50263920822772,-7.104487372823229,-3.043796153534766,10.607581661998953,-66.95747413540012,-9.690467885587685
-10.822236269935615,-14.682803450098277,-2.532317874454023,18.415160842463667,-126.39276891763558,-7.903940439808749,3.958896488310529,-6.973926867051574,0.2673644006554228,3.958896488310529,-6.973926867051574,0.2673644006554228,-14.781132758246144,-7.7088765830467025,-2.7996822751094457,10.391445925115278,-65.9750925287547,-9.813490839060819
-10.54722945772835,-15.76082577901991,-2.614659921887437,19.143775097344715,-123.79065108829984,-7.850002989534012,3.8919321523103463,-5.88534025232218,2.0669716998109235,3.8919321523103463,-5.88534025232218,2.0669716998109235,-14.439161610038695,-9.87548552669773,-4.681631621698361,11.791446366146006,-67.26702149043547,-24.177754777501868
-11.106212856998695,-16.56311824229863,-2.358232526939574,20.0809887850286,-123.84338502578062,-6.7441542281233255,5.139812936035241,-5.3079126986639835,1.1263568033116094,5.139812936035241,-5.3079126986639835,1.1263568033116094,-16.246025793033937,-11.255205543634645,-3.4845893302511834,12.607014348195149,-77.92159819003012,-15.41187274312201
-11.313379000665009,-16.939676419922193,-2.439687479690768,20.515780673006716,-123.73748583664421,-6.829638552628581,5.730213376241181,-5.101774154253235,0.41448115091263515,5.730213376241181,-5.101774154253235,0.41448115091263515,-17.04359237690619,-11.837902265668959,-2.8541686306034033,12.832341372620363,-82.057891901808,-9.921945623006678
-22.52563561382209,-12.215281124106696,-2.4084008337464056,25.737477485636344,-151.52975246766624,-5.369344578296005,8.482816279855342,3.1216353564096835,1.5473475956377996,8.482816279855342,3.1216353564096835,1.5473475956377996,-31.00845189367743,-15.33691648051638,-3.9557484293842053,16.567032353697986,-171.733123531852,-15.083447924388262
-22.304680077092087,-12.346188193886178,-2.474837963635803,25.613510872321587,-151.03439494274247,-5.544704028556397,8.918553777574061,3.968869660057777,-0.14114594639856248,8.918553777574061,3.968869660057777,-0.14114594639856248,-31.223233854666148,-16.315057853943955,-2.3336920172372406,15.850701336117758,-175.02406613316893,-4.716320688027105
-176.65569218427254,41.219801737999774,5.388424560389833,181.48096527092716,166.86593456086857,1.7014421613572717,8.140240624310081,3.3620495103376413,1.7207756706160733,8.140240624310081,3.3620495103376413,1.7207756706160733,-184.79593280858262,37.85775222766213,3.6676488897737594,172.50722785331715,144.42452681389452,-9.353887907065275
-171.74024894768934,51.008234646441,12.57821918469422,179.59611551539444,163.45815719577135,4.01606314033445,7.209429289855507,4.514862514403404,0.754807838510924,7.209429289855507,4.514862514403404,0.754807838510924,-178.94967823754484,46.49337213203759,11.823411346183295,171.05623325142446,131.40154415473256,-1.0547106595029785
-21.37387113976081,-16.566690313030563,-1.207377873246017,27.06945431211654,-142.22106652189683,-2.556409651287944,6.652715263458049,4.537682837168006,1.1012189642646628,6.652715263458049,4.537682837168006,1.1012189642646628,-28.026586403218857,-21.10437315019857,-2.30859683751068,18.941609018643433,-176.51817576760476,-10.343202629766118
-23.7691753536169,-14.266830437786211,-1.6390157905792222,27.77053331308746,-149.02680579995973,-3.383560967133365,6.251934912894058,4.862717910489835,0.27024258579558325,6.251934912894058,4.862717910489835,0.27024258579558325,-30.02111026651096,-19.129548348276046,-1.9092583763748054,19.845525635662803,-186.9023711261708,-5.337724620589426
-131.97097335147976,118.66981307937078,-6.665797182779908,177.60432200740988,138.03775827813837,-2.150914813030453,5.98555765231481,5.128065670845672,0.008246557824615142,5.98555765231481,5.128065670845672,0.008246557824615142,-137.95653100379457,113.54174740852511,-6.674043740604523,169.7224424130868,97.44977786162768,-2.2108615604288637
-25.28713967489466,-11.048556536414821,-2.73456794930156,27.730631012390138,-156.39833167078473,-5.659238415240681,5.824037437485686,5.682276617767457,-0.5108100745031003,5.824037437485686,5.682276617767457,-0.5108100745031003,-31.111177112380346,-16.730833154182278,-2.22375787479846,19.577802879387733,-200.69246828912662,-2.0670562596749065
-24.93830161734411,-10.476428405453134,-3.694177037419159,27.300574786549973,-157.21302104743143,-7.776834692618662,6.357146062186757,5.6306817507621645,-1.7127202473791474,6.357146062186757,5.6306817507621645,-1.7127202473791474,-31.295447679530866,-16.1071101562153,-1.9814567900400117,18.63735981287391,-198.74512849830808,3.6256765860472377
-93.58420781618577,151.29162590256055,-9.055271130670612,178.12680302546647,121.73962254673798,-2.91394971762012,2.865538150888142,7.5089988508661065,1.4554593383858012,2.865538150888142,7.5089988508661065,1.4554593383858012,-96.44974596707391,143.78262705169445,-10.510730469056412,169.9588942036077,52.627170859557,-13.178440051488575
-29.038939635585393,0.6553945698979078,-2.2154789723688104,29.13070380678147,178.7070819668713,-4.3617306476402,-1.0104727544794514,7.4641697411885275,1.1067751814574815,-1.0104727544794514,7.4641697411885275,1.1067751814574815,-28.028466881105942,-6.80877517129062,-3.322254153826292,21.51756802609885,80.99745267437234,-12.720844269877446
-28.365858664195798,3.2900041205977004,-3.20646522395133,28.73547431491415,173.38413005310107,-6.406726699527588,-1.6867841569032862,7.359011864379596,-0.04996418584326889,-1.6867841569032862,7.359011864379596,-0.04996418584326889,-26.679074507292512,-4.069007743781896,-3.156501038108061,21.185454922096238,70.47417719160015,-6.027554445452327
-26.914239627581992,3.9355789708313296,-3.092141345200808,27.375653684711438,171.68079043829104,-6.485527311089979,-2.023827239022694,6.686690495946806,-0.4303502973216917,-2.023827239022694,6.686690495946806,-0.4303502973216917,-24.890412388559298,-2.7511115251154763,-2.6617910478791167,20.37616028444307,64.84156313416959,-2.9605840643377586
-26.584400620037286,3.873615606739463,-3.435069847726094,27.083850521190136,171.7097690046351,-7.286501778199801,-2.421323239281719,6.312677114737198,0.20389508292876846,-2.421323239281719,6.312677114737198,0.20389508292876846,-24.163077380755567,-2.439061507997735,-3.6389649306548626,20.319660119608066,60.72469371168161,-9.013847827965797
-26.096137622017864,1.9400181925135485,-3.3640771059326013,26.383500225505326,175.74838381968058,-7.325546577028112,-1.9726971879044868,6.009474033685251,0.3710265955491656,-1.9726971879044868,6.009474033685251,0.3710265955491656,-24.123440434113377,-4.069455841171703,-3.735103701481767,20.0476519720109,67.5752100176366,-10.68270192045566
69.64986488726083,152.3800404518804,-5.834295284450246,167.64492061615394,65.43580891136318,-1.9943819879011204,-1.8931341464374327,6.064154468109535,0.4188969496822268,-1.8931341464374327,6.064154468109535,0.4188969496822268,71.54299903369827,146.31588598377087,-6.253192234132472,161.27833589874436,-41.901738073890925,-5.766950711485258
-26.10323337070224,-1.9527046198691096,-3.115717393502681,26.360947301149412,-175.721842971245,-6.787909993139734,-1.585944763070529,5.782150386508562,0.8044694062338011,-1.585944763070529,5.782150386508562,0.8044694062338011,-24.517288607631713,-7.734855006377671,-3.9201867997364825,20.311513037577477,-281.059887182583,-14.42988868545439
-26.243534920361867,-2.9084071060550514,-2.7344840329838576,26.54542069618502,-173.6760722281198,-5.9126135529007255,-2.1288647402466268,5.779157776222718,0.28327119022152214,-2.1288647402466268,5.779157776222718,0.28327119022152214,-24.11467018011524,-8.68756488227777,-3.0177552232053797,20.380116790297624,-283.89832458942095,-8.546053814310884
66.35274692988219,148.3529926012435,-5.943859245915057,162.62418916514497,65.90281713770044,-2.0946079434340117,-1.3357222221611664,5.360337777967203,0.8884157634855991,-1.3357222221611664,5.360337777967203,0.8884157634855991,67.68846915204335,142.9926548232763,-6.832275009400656,157.0289539138363,-38.0895336182372,-11.23074280752894
65.40744347550685,148.0361748706182,-6.77274687605993,161.98368076004772,66.16251934922012,-2.396309076792832,-1.3353462907352878,5.511884474686184,0.4644130424931239,-1.3353462907352878,5.511884474686184,0.4644130424931239,66.74278976624214,142.524290395932,-7.237159918553054,156.293364454911,-37.45595196669436,-7.077689661361738
61.67620046330717,147.73733524431032,-5.947503714895689,160.20501468155885,67.34082998195643,-2.1275562803823,-0.7917252415902567,5.333608333112579,0.9998184264060146,-0.7917252415902567,5.333608333112579,0.9998184264060146,62.467925704897425,142.40372691119774,-6.9473221413017034,154.72105228243538,-31.102547562867002,-12.632291781328039
-28.18789463412088,-15.19648575981546,-4.763058435817356,32.375566543546164,-151.6702760183788,-8.460000564975552,-1.2332711420833675,5.990815713828795,-0.9408242678196248,-1.2332711420833675,5.990815713828795,-0.9408242678196248,-26.954623492037513,-21.187301473644254,-3.8222341679977316,26.187191883760935,-253.30269805382693,0.2846389309847428
42.19903835958212,151.16523543070775,-5.858583909487123,157.054163417336,74.40248024293602,-2.1377976995499197,-1.0863359772097283,6.088471230588368,-1.6054651643528939,-1.0863359772097283,6.088471230588368,-1.6054651643528939,43.28537433679185,145.07676420011938,-4.25311874513423,150.66455261737073,-25.71406527085587,12.414394365153823
-28.85438410289123,-21.980649617434665,-3.617547491343359,36.4528611965335,-142.70062898747318,-5.695353567316424,-1.6019076021243563,5.395690081782249,1.2386067629425621,-1.6019076021243563,5.395690081782249,1.2386067629425621,-27.252476500766875,-27.376339699216913,-4.856154254285921,30.689726100286475,-249.23607294831373,-18.10612405301013
23.638077172773933,151.88287109020388,-11.514537877369506,154.14197937472738,81.15381982694647,-4.284034426988191,-2.3610153506604092,5.4054227653694795,1.2674413821154225,-2.3610153506604092,5.4054227653694795,1.2674413821154225,25.999092523434342,146.4774483248344,-12.781979259484928,148.1087881449115,-32.44123304278834,-16.410963876148752
-42.66966246107563,-7.526427964888285,-5.95732132046075,43.73599078296953,-169.99659427768304,-7.828649700094622,-3.4284821305282094,6.266226588021624,0.5480775312379238,-3.4284821305282094,6.266226588021624,0.5480775312379238,-39.24118033054742,-13.792654552909909,-6.505398851698674,36.57215980003671,-288.68127895464073,-12.216419964886231
81.15119830776541,127.85694930408692,-5.70557015006024,151.54362409178216,57.596578375818346,-2.1576781725538834,-3.3503195417429197,6.434978101321093,0.6198877926294022,-3.3503195417429197,6.434978101321093,0.6198877926294022,84.50151784950833,121.42197120276583,-6.325457942689642,144.26228870109196,-59.90679792510634,-7.041397436280446
73.38057141429658,131.20769713754316,-7.946216361905698,150.54338379250066,60.783010071265906,-3.0256815440328433,-2.962546799914662,6.5986997510205185,1.422931329788988,-2.962546799914662,6.5986997510205185,1.422931329788988,76.34311821421124,124.60899738652265,-9.369147691694685,143.1715281566992,-53.39512354604393,-14.154887002013663
-41.34176350619123,-13.82027592599809,-3.5783124549960235,43.73723535499411,-161.51556189175278,-4.692834632297326,-3.0193907804625724,6.79683843307339,0.4377237548942121,-3.0193907804625724,6.79683843307339,0.4377237548942121,-38.322372725728655,-20.61711435907148,-4.016036209890236,36.28704505836111,-275.4680099361268,-8.06109426517584
68.11845023669457,131.71653057587207,-9.515860445386224,148.5931333864716,62.6538271514886,-3.6717174173057976,-2.7907447530992613,6.62675872863278,1.7458975449646619,-2.7907447530992613,6.62675872863278,1.7458975449646619,70.90919498979383,125.08977184723929,-11.261757990350885,141.19378572860504,-50.18372334907937,-17.31951708742593
-40.973053091410065,-16.608801925943794,-4.224594118789923,44.41272989262489,-157.93437667874107,-5.458298186119204,-3.469283158277449,6.850252024841893,0.6172112088205501,-3.469283158277449,6.850252024841893,0.6172112088205501,-37.50376993313262,-23.459053950785687,-4.841805327610474,36.709300259503564,-274.79413107500704,-10.053854280032462
-40.789891339893074,-18.87042703719692,-4.687222522408987,45.18714758712962,-155.17355489234347,-5.953949992365664,-2.869847893518454,6.925008144830542,0.6464174224262089,-2.869847893518454,6.925008144830542,0.6464174224262089,-37.92004344637462,-25.79543518202746,-5.3336399448351965,37.6632111026876,-267.6835512622165,-10.882580907454697
-40.58780023184056,-19.967356184800337,-4.925898064087235,45.50087155657855,-153.8049069431976,-6.214988592939015,-3.144766505506823,7.016255287498609,0.5839756981290642,-3.144766505506823,7.016255287498609,0.5839756981290642,-37.44303372633374,-26.983611472298946,-5.5098737622163,37.789942802562265,-267.9473795528007,-10.558357783365453
-39.39039920289201,-24.308362814114048,-4.336563581887361,46.48984658789003,-148.32068787534814,-5.352319927115684,-2.76366899194727,6.874429253938985,0.7365959152629882,-2.76366899194727,6.874429253938985,0.7365959152629882,-36.62673021094474,-31.182792068053033,-5.07315949715035,39.04416210579941,-260.22188001489206,-11.029834690768952
-38.64832591132381,-26.4543335021674,-3.659887027973184,46.97786318947815,-145.6088096214489,-4.468248883178897,-2.3003698480722505,6.298880411560674,1.5964546023108148,-2.3003698480722505,6.298880411560674,1.5964546023108148,-36.34795606325156,-32.753213913728075,-5.256341630283999,40.08465905973543,-255.67115335922585,-17.859439596871162
52.945845758771384,129.89526346155083,-7.223283174493503,140.45717451478308,67.82398801758602,-2.947847166295082,-2.204523058328732,6.207878640164836,1.2867027580661128,-2.204523058328732,6.207878640164836,1.2867027580661128,55.150368817100116,123.68738482138599,-8.509985932559616,133.7450002684354,-41.72682594509047,-13.999675032455187
-35.71461413833913,-33.28523352914158,-3.951957791133779,48.98018379429427,-137.01646506144482,-4.627930846280321,-2.427805523935831,6.333170669724154,0.6917357027879365,-2.427805523935831,6.333170669724154,0.6917357027879365,-33.2868086144033,-39.61840419886573,-4.643693493921716,42.162428395600415,-247.99066917962276,-10.451233527282193
40.66274781053585,131.08102824009256,-7.914584319646721,137.47121760185286,72.76554656990017,-3.3004957293529906,-3.556520356571582,5.938400211223524,-0.32364390564724665,-3.556520356571582,5.938400211223524,-0.32364390564724665,44.21926816710743,125.14262802886904,-7.5909404139994745,130.54170250388026,-48.151933850347405,-0.6235150314864546
39.41084964328661,129.49463860198733,-8.37314770486671,135.61779418185716,73.07271455917802,-3.5397371277987983,-2.399448910445244,5.928207757860662,0.5490935539875925,-2.399448910445244,5.928207757860662,0.5490935539875925,41.810298553731855,123.56643084412667,-8.922241258854303,129.19887635832748,-38.96298294411331,-8.44698793323723
48.09224673977849,123.66755286523141,-6.889509578939695,132.86833020096566,68.74977237362931,-2.9722426819282224,-2.45286504293108,5.539732106649296,0.5807846353065071,-2.45286504293108,5.539732106649296,0.5807846353065071,50.54511178270957,118.12782075858212,-7.470294214246202,126.78207605536161,-45.132880533730926,-8.448060585197505
-38.27765859522833,-39.91771610921876,-3.80835037505652,55.43560894847493,-133.79846348022735,-3.939244242413235,-2.262163272936732,5.5964445368440465,0.012442920931188706,-2.262163272936732,5.5964445368440465,0.012442920931188706,-36.0154953222916,-45.514160646062805,-3.8207932959877087,49.39924175009504,-245.8077297395082,-4.0573496087075815
54.68445379941761,118.08133320839931,-5.2544800654931265,130.23517305387332,65.15075053568373,-2.3122883159568683,-2.8051483722929333,4.966346516040119,0.8807067208453006,-2.8051483722929333,4.966346516040119,0.8807067208453006,57.489602171710544,113.1149866923592,-6.135186786338427,124.46376946062986,-54.30837394970713,-11.089823765631555
54.680977270779636,117.3208161696723,-5.051693313673908,129.53649210682286,65.01067845414113,-2.2350004879524494,-2.651913622543816,5.033244973717046,0.8253641000028205,-2.651913622543816,5.033244973717046,0.8253641000028205,57.33289089332345,112.28757119595525,-5.877057413676729,123.78780297585962,-52.773148624248066,-10.48973008425771
-40.02781719387292,-42.69961766061488,-1.892075545447824,58.55820563796746,-133.15019407812443,-1.851607541291967,-2.540753792813348,5.149963072122233,0.6745893133892442,-2.540753792813348,5.149963072122233,0.6745893133892442,-37.48706340105957,-47.84958073273711,-2.5666648588370684,52.77611084268288,-249.4097962195783,-8.55148832884392
56.51173724484397,113.8981901656116,-4.543170912931515,127.22819880583162,63.61122714659125,-2.046400665004387,-4.191851542485892,4.093499909176018,0.3656790137323873,-4.191851542485892,4.093499909176018,0.3656790137323873,60.70358878732986,109.80469025643558,-4.908849926663903,121.3577574253433,-72.06887301213207,-5.617756923924114
-40.09730758090393,-44.78422126637838,-2.20177617560978,60.15204375581129,-131.83950142467998,-2.097695466786111,-2.524525001146003,5.245066137755003,-2.8245054843449937,-2.524525001146003,5.245066137755003,-2.8245054843449937,-37.57278257975793,-50.029287404133385,0.6227293087352139,53.681976020313435,-247.5416756198582,23.78624294753714
-39.583021120410194,-48.30438441739659,-1.4481517539469024,62.4678017739133,-129.33290000844002,-1.328371016097782,-2.451220111734301,5.24059401048649,-2.254878217252918,-2.451220111734301,5.24059401048649,-2.254878217252918,-37.13180100867589,-53.54497842788308,0.8067264633060156,56.25839106165088,-244.4001349336042,19.96471766189696
59.06903287746968,102.27332830650187,-2.938424236199239,118.14236608838081,59.99096755640559,-1.4252014388758725,-2.314026678131995,5.182460074861638,0.5714811978136127,-2.314026678131995,5.182460074861638,0.5714811978136127,61.383059555601676,97.09086823164023,-3.509905434012852,112.43805169889491,-54.070331250017446,-7.174969214743488
-36.879744078575186,-56.10574108247988,-1.6508074188449768,67.16170687861936,-123.31794573808003,-1.4084487846804672,-3.0833570222850994,5.453143157783558,-0.7864754863041701,-3.0833570222850994,5.453143157783558,-0.7864754863041701,-33.79638705629009,-61.55888424026344,-0.8643319325408068,60.848038807148235,-242.80295689287817,5.747309765723745
56.175219686486116,99.83760348870408,-4.146635110419325,114.63157052021766,60.635024238996316,-2.0730461499369843,-1.91278048317713,5.393205703962735,1.0304416481511047,-1.91278048317713,5.393205703962735,1.0304416481511047,58.088000169663246,94.44439778474134,-5.17707675857043,108.81717399673185,-48.892782690940926,-12.281063646886253
-33.17630337088815,-61.24361996960374,-1.284940106570403,69.66418852908518,-118.44486410071906,-1.0568675483459444,-2.614402169710729,6.001454547269361,0.8522412321371051,-2.614402169710729,6.001454547269361,0.8522412321371051,-30.56190120117742,-67.2450745168731,-2.1371813387075083,63.0627591001143,-231.98415808089402,-8.47442646823541
49.59821615034082,100.52308345950303,-4.551707498386506,112.18552221500333,63.73821036637096,-2.3253021332745325,0.017511928806470678,7.128653470282245,-0.8827035388432254,0.017511928806470678,7.128653470282245,-0.8827035388432254,49.58070422153435,93.39442998922078,-3.6690039595432804,105.00240502923336,-26.12103968728612,4.733381113832209
43.456860897167644,101.9742358461707,-4.647146525243556,110.94520947870308,66.91846464251357,-2.4006426710925783,-2.1994896101562063,6.558391536043189,0.9205725042720789,-2.1994896101562063,6.558391536043189,0.9205725042720789,45.65635050732385,95.41584431012751,-5.567719029515636,103.9668351822892,-41.62145755200754,-9.98107735663472
-25.23419361246158,-66.75384775446457,-1.30846290115187,71.37613601520555,-110.70752275049533,-1.05040151711491,-2.508332178314049,6.742468259138803,0.47625741999664917,-2.508332178314049,6.742468259138803,0.47625741999664917,-22.725861434147532,-73.49631601360338,-1.7847203211485192,64.16645990095729,-221.11372395567543,-4.838009227586106
31.768933005674512,104.36655367992489,-6.083711568241682,109.26414863892565,73.0698746177953,-3.1918186896373224,-2.606229137938044,6.973404401223718,0.14946919867775277,-2.606229137938044,6.973404401223718,0.14946919867775277,34.375162143612556,97.39314927870117,-6.2331807669194355,101.81813357690778,-37.42277271540878,-4.342035205610325
-19.027007137787336,-69.71749376637001,0.3493314378921184,72.26809787270419,-105.26517340824768,0.2769589290152381,-2.4017277456168813,7.278704856558818,-0.1552259413981476,-2.4017277456168813,7.278704856558818,-0.1552259413981476,-16.625279392170455,-76.99619862292883,0.504557379290266,64.60181222410996,-213.52632517705766,1.4371556057345487
-23.434063842605497,-69.81332454853089,0.856272132611906,73.64637692828414,-108.55522832600552,0.6661819194324033,-3.1134584649666976,7.606235821136892,0.04033460254478394,-3.1134584649666976,7.606235821136892,0.04033460254478394,-20.3206053776388,-77.41956036966778,0.8159375300671221,65.42749173259116,-220.81597280138072,0.3849988008443478
37.236414193545556,99.22343679515325,-6.733716690002822,106.19408595536889,69.42997068999914,-3.6355372964702624,-3.0332980403984493,7.65237183988458,0.5913851479644732,-3.0332980403984493,7.65237183988458,0.5913851479644732,40.269712233944006,91.57106495526867,-7.325101837967296,97.94124231387316,-42.19274285385711,-7.744780149150094
-27.576252430530644,-69.67585906633803,0.6066050841760955,74.93692684166263,-111.59262656349516,0.4638072603943413,-3.4813083695098612,7.867726079563681,-0.02397196397071122,-3.4813083695098612,7.867726079563681,-0.02397196397071122,-24.094944061020783,-77.54358514590172,0.6305770481468067,66.33336965398017,-225.46103966940723,0.6234498488451283
40.7894099096236,95.90473281473146,-5.6517708881614865,104.37162569976861,66.95938036682698,-3.1041107356719735,-3.1326870501052326,8.00275316227578,0.4407592084423948,-3.1326870501052326,8.00275316227578,0.4407592084423948,43.92209695972883,87.90197965245568,-6.092530096603881,95.76627532863097,-44.41853654907267,-6.04003968161152
-27.51232873577146,-70.73482819280412,0.5167108928653477,75.8986899892052,-111.25355906143771,0.39006710244683745,-3.7700939202206882,8.045508031981143,0.41263459143575165,-3.7700939202206882,8.045508031981143,0.41263459143575165,-23.742234815550773,-78.78033622478526,0.10407630142959601,67.00408066861064,-226.36116554391134,-2.2689264863782515
-22.56545934183214,-74.01961295467697,0.33501329200886687,77.38355956644722,-106.95425365395747,0.24804891091503556,-3.9345408906237935,8.714443582011171,-0.07597745676003864,-3.9345408906237935,8.714443582011171,-0.07597745676003864,-18.630918451208345,-82.73405653668814,0.4109907487689055,67.82176519833921,-221.25326370938262,0.703322602523595
-20.90578393789565,-74.73877492295276,0.8334132236244187,77.61205355254478,-105.6272649410864,0.615264973056653,-4.025365107284642,8.823098007559722,-0.24065148372095124,-4.025365107284642,8.823098007559722,-0.24065148372095124,-16.880418830611006,-83.56187293051248,1.07406470734537,67.91109814420658,-220.15117602346226,2.0367465027469405
29.54818986558473,94.19714427242985,-7.114787267435652,98.97887507581844,72.58416416471941,-4.122083157126208,-4.067778247288516,8.482522281572884,1.34349043142398,-4.067778247288516,8.482522281572884,1.34349043142398,33.61596811287325,85.71462199085697,-8.458277698859632,89.4759823233024,-43.03579883226986,-12.24961806551135
29.49689520019922,93.73773840100063,-5.617661310392371,98.42961213773141,72.53252985522627,-3.271812934152991,-4.543981379799334,8.763166216525988,0.7274847745813966,-4.543981379799334,8.763166216525988,0.7274847745813966,34.04087657999855,84.97457218447464,-6.345146084973768,88.53162835235001,-44.875650604469584,-7.486754801902647
28.772510996718097,92.58932939541916,-6.686916902823366,97.18722222913338,72.73715514229936,-3.945323761707264,-4.8143698293843045,8.881780247596978,0.9242689305372351,-4.8143698293843045,8.881780247596978,0.9242689305372351,33.5868808261024,83.70754914782218,-7.611185833360602,87.04234912610019,-45.72275605963061,-9.172618808530878
28.907866955981376,91.92981503953655,-4.858639041710738,96.49021732012918,72.54394092654925,-2.8862748133637126,-4.883131264147323,8.992943200704033,0.8217257634467046,-4.883131264147323,8.992943200704033,0.8217257634467046,33.7909982201287,82.93687183883252,-5.680364805157443,86.2240967488377,-45.95783782351624,-7.4772823766442515
-16.715919083787867,-79.12169636890883,2.303244575454652,80.90098715518808,-101.92936913384905,1.631426657922361,-5.0335037365966855,9.142471587012167,0.9437391316159978,-5.0335037365966855,9.142471587012167,0.9437391316159978,-11.682415347191181,-88.264167955921,1.3595054438386545,70.42188461087633,-220.76490914669728,-3.5355836467765194
-17.329597820470553,-79.16239359778979,3.148652110754135,81.0981721795578,-102.34794496372476,2.225078895211485,-4.647749673299359,9.194694647913309,1.743069142166507,-4.647749673299359,9.194694647913309,1.743069142166507,-12.681848147171195,-88.3570882457031,1.405582968587628,70.64913984501156,-219.16370639328983,-7.377685692195675
32.292159872068055,87.15055274335225,-8.650053969386583,93.34251907008041,69.66866723951199,-5.317230655474368,-4.895447808540894,9.870341447059573,0.27911586396405896,-4.895447808540894,9.870341447059573,0.27911586396405896,37.18760768060895,77.28021129629268,-8.929169833350642,82.32131427236405,-46.71161892580207,-6.768421453426493
-21.405299595396855,-79.08358379447759,2.81297632551475,81.97751467539597,-105.14517742800491,1.9664333243286696,-5.671271090644495,9.826024860082569,-0.24424976739625048,-5.671271090644495,9.826024860082569,-0.24424976739625048,-15.73402850475236,-88.90960865456016,3.0572260929110007,70.62966297194946,-225.1373617513363,3.1997558918182762
38.09067352845841,82.14869543974442,-6.774833383847849,90.80311635446432,65.12380756171439,-4.278822312166221,-7.624717473128612,8.378991234907929,1.1508660062230385,-7.624717473128612,8.378991234907929,1.1508660062230385,45.71539100158702,73.76970420483649,-7.925699390070887,79.41591725969232,-67.1777712954661,-10.079418238209122
39.46681983283656,81.07506906350272,-4.876420004139689,90.30269189468325,64.04348024000615,-3.0955251690763723,-5.615310230379919,10.041360590419302,0.9430346991453973,-5.615310230379919,10.041360590419302,0.9430346991453973,45.08213006321648,71.03370847308342,-5.8194547032850865,78.75929785592552,-55.17122873917059,-7.781511892060985
-26.82913357641098,-79.73431112758647,0.156957384559945,84.12720971880756,-108.59714258025618,0.10689764876355684,-5.661363374666735,10.61685304879785,0.0942958815618824,-5.661363374666735,10.61685304879785,0.0942958815618824,-21.167770201744247,-90.35116417638432,0.06266150299806261,72.09485767803575,-226.66560320600416,-0.3421260604129736
39.344582236503015,78.26757436659761,-5.106522417810414,87.7489938392426,63.31163184487889,-3.336192996785824,-6.2660180033756205,10.379589417505898,0.7889022538714421,-6.2660180033756205,10.379589417505898,0.7889022538714421,45.610600239878636,67.88798494909172,-5.895424671681856,75.59904631422047,-57.807181588513146,-7.059056059668393
-23.916087950664178,-81.5628090893839,3.6102349218814975,85.0735263498955,-106.34234824507762,2.432170954188457,-5.739995802104659,11.068375696445742,-0.14461142430125662,-5.739995802104659,11.068375696445742,-0.14461142430125662,-18.17609214855952,-92.63118478582965,3.754846346182754,72.60446845325038,-223.75334247362858,3.096680663304239
-16.08962216423197,-67.6690361282042,-0.31797452063925746,69.5562757751141,-103.37482570396942,-0.26192692577827864,2.892797441978473,-11.940634988154414,1.2380154928493725,2.892797441978473,-11.940634988154414,1.2380154928493725,-18.982419606210442,-55.72840114004978,-1.55599001348863,57.20800774590492,-26.99320053924484,-6.015967607730571
-18.756650340986198,-75.33044048430162,-1.0200293019416122,77.6371538333918,-103.981854626472,-0.7527975025124499,2.276148651191761,-12.008418597072165,0.2892438845150864,2.276148651191761,-12.008418597072165,0.2892438845150864,-21.03279899217796,-63.322021887229454,-1.3092731864566987,65.41149917159312,-24.714717995836878,-2.1084713471477508
-16.941731637247358,-71.61899739579451,0.5219868983159595,73.5973880594233,-103.30887809053132,0.40637171739268585,2.170893585796648,-11.894568495031763,-0.8690897064994259,2.170893585796648,-11.894568495031763,-0.8690897064994259,-19.112625223044006,-59.724428900762746,1.3910766048153853,61.475141751011705,-23.65216379299548,4.517650085786468
-19.657581304687824,-79.03358882193311,-0.051220155264882994,81.4415820593455,-103.96743511112007,-0.03603440456263234,3.072130147305643,-11.174068279495344,1.4361382534090505,3.072130147305643,-11.174068279495344,1.4361382534090505,-22.729711451993467,-67.85952054243776,-1.4873584086739335,69.76424166695679,-29.34016521060863,-7.1004440191941764
-25.98344386739791,-79.78300886023902,-1.4483025430614127,83.91999426989634,-108.03920757756337,-0.9888673575558217,3.180120376922787,-11.199609485870866,-0.2955444602309125,3.180120376922787,-11.199609485870866,-0.2955444602309125,-29.163564244320696,-68.58339937436816,-1.1527580828305002,72.27388913660386,-33.8910616424468,0.4652898975619276
-28.33797449397173,-79.96885374081307,-1.8028190061677094,84.86052394022526,-109.51242511414998,-1.2173115010114754,2.0915461594147473,-11.309418685928108,0.48462853987252585,2.0915461594147473,-11.309418685928108,0.48462853987252585,-30.429520653386476,-68.65943505488497,-2.2874475460402355,73.34912171581135,-29.990232374472143,-3.6301694996737854
-28.180286230274532,-75.19887407249172,-1.2247976133016323,80.31500060999949,-110.54315761849017,-0.8737901234508432,2.3132227297217014,-11.588110384141203,1.2741271778524925,2.3132227297217014,-11.588110384141203,1.2741271778524925,-30.493508959996234,-63.61076368835052,-2.498924791154125,68.42977020677698,-31.832173227792595,-7.027870743440216
-30.282761791426765,-82.41324823957217,0.08091258406800605,87.800886635386,-110.17586452294749,0.05280072229822164,2.2212182710300112,-11.562951360955196,0.7174976048958575,2.2212182710300112,-11.562951360955196,0.7174976048958575,-32.503980062456776,-70.85029687861697,-0.6365850208278514,76.00468141521436,-31.049797667055387,-3.434335552003935
-25.757433910386112,-86.22287750822574,0.220971024439244,89.98821498196332,-106.63250842308771,0.1406930876571825,2.100450713238615,-12.095076474277846,-0.1861548079428761,2.100450713238615,-12.095076474277846,-0.1861548079428761,-27.857884623624727,-74.12780103394789,0.4071258323821201,77.71069806159647,-26.484332820447236,1.0094594361751283
-24.880322357032583,-87.41825734759817,-0.01834931739225798,90.88994716126864,-105.88701172361894,-0.011567158783783033,2.2907074567617656,-12.180788017871265,-1.517976072907175,2.2907074567617656,-12.180788017871265,-1.517976072907175,-27.17102981379435,-75.2374693297269,1.499626755514917,78.40302645411674,-26.53760737084771,6.970881069508793
-24.532536686398203,-83.32912676156309,-0.5640974770923286,86.86717981538128,-106.40470832480248,-0.37206954225320515,2.129743816816699,-12.194802979867859,0.03923129162072003,2.129743816816699,-12.194802979867859,0.03923129162072003,-26.6622805032149,-71.13432378169523,-0.6033287687130486,74.48773848964669,-26.31113702935164,-0.5536440687608797
-24.40464757743871,-86.4881986218216,0.06310504533776395,89.86545112819161,-105.75764151296661,0.040234072333644774,1.4859796331184043,-12.052815896834602,-2.8326786316805173,1.4859796331184043,-12.052815896834602,-2.8326786316805173,-25.890627210557113,-74.435382724987,2.895783677018281,77.39538397747381,-22.786112810391117,13.170057633094787
-20.11402600097631,-98.17348502153828,-0.19726512025773602,100.21300373090223,-101.57866362916351,-0.11278442631509764,1.5082570571985343,-11.744055157409775,-1.3622894547444437,1.5082570571985343,-11.744055157409775,-1.3622894547444437,-21.622283058174844,-86.42942986412851,1.1650243344867077,88.29438369964944,-18.896945330735846,6.450424697834289
-20.611550302408546,-99.1118120423265,-0.5363934857065953,101.23376418050296,-101.74792965787321,-0.3035867227100241,1.8821671856621833,-11.887375908064712,-2.646876426170305,1.8821671856621833,-11.887375908064712,-2.646876426170305,-22.49371748807073,-87.2244361342618,2.1104829404637098,88.91068769328447,-20.745069945294247,12.09963410005707
-22.231113531026722,-95.0519895918618,-0.5373705211146742,97.61860427847637,-103.1639255970846,-0.3154031818355403,1.9472586388124,-11.837146002992966,-2.9042268278577863,1.9472586388124,-11.837146002992966,-2.9042268278577863,-24.178372169839122,-83.21484358886883,2.366856306743112,85.2758179167892,-22.50564662011486,13.293757099208612
-21.639107191137327,-104.77413468016687,0.7119206012849815,106.98774270424538,-101.66928310291416,0.3812618698073599,1.7266901027969652,-11.538388874023724,1.1302651676140811,1.7266901027969652,-11.538388874023724,1.1302651676140811,-23.365797293934293,-93.23574580614314,-0.41834456632909967,95.26625065466342,-20.180290761687203,-5.152180678655286
-21.58705701255292,-107.34645352362554,-0.4641061380785967,109.49647258734188,-101.37035945198765,-0.2428516823463406,1.9708042237109566,-12.09435094637118,-1.0112037558109648,1.9708042237109566,-12.09435094637118,-1.0112037558109648,-23.557861236263875,-95.25210257725436,0.5470976177323681,97.20094790809567,-20.625500918283578,4.474573607250621
-23.621317271031444,-105.80390754880347,-1.4167735829119223,108.41789856660992,-102.58521850696111,-0.7487459025674224,2.457976835840327,-11.961724971608362,-0.570283421374495,2.457976835840327,-11.961724971608362,-0.570283421374495,-26.07929410687177,-93.8421825771951,-0.8464901615374274,96.19293486103511,-24.197110025099533,1.9250203678354392
-23.936678870227524,-118.18286620529136,0.47593478011619084,120.58350207946823,-101.44976107921053,0.2261430838808341,2.693055356513696,-10.232288285470304,1.0371575847016075,2.693055356513696,-10.232288285470304,1.0371575847016075,-26.62973422674122,-107.95057791982106,-0.5612228045854166,109.95204091151376,-26.19514586690306,-5.372279903976175
-29.302659118158203,-124.33857454787426,1.2548338050502696,127.7509356516443,-103.26083201878407,0.5627969518993972,4.342629918305647,-9.721958263728084,1.1034978569975606,4.342629918305647,-9.721958263728084,1.1034978569975606,-33.64528903646385,-114.61661628414618,0.151335948052709,117.04614165038336,-37.33031797855858,-5.354018063715675
-41.44985298411768,-125.68537912596855,0.14512513198366506,132.34396812755523,-108.25206829079248,0.06282915155131716,2.9676385323798513,-9.61388663263881,-2.1700474824698692,2.9676385323798513,-9.61388663263881,-2.1700474824698692,-44.417491516497535,-116.07149249332974,2.3151726144535343,122.05111620399825,-35.406609801726276,12.233857326585024
-45.55284887711059,-125.38130773711879,-3.570110665170297,133.44766787341217,-109.96681785927973,-1.5330105418118074,2.627488537912086,-9.636966257292187,-3.361169271333193,2.627488537912086,-9.636966257292187,-3.361169271333193,-48.18033741502268,-115.7443414798266,-0.20894139383710408,122.90858472867885,-35.217647844396836,17.064870499383648
-52.4568221224705,-124.94982911318175,-2.3218403561709664,135.53438281573196,-112.77378842260994,-0.9815823707436995,2.568991413242202,-9.505431676639489,-3.4477843266738724,2.568991413242202,-9.505431676639489,-3.4477843266738724,-55.0258135357127,-115.44439743654226,1.125943970502906,125.10173382308241,-37.89754758342998,18.316344222587734
-50.235260275383894,-119.87231538347828,-2.520278499223643,129.99732756501302,-112.73724571642195,-1.1108718253092886,2.6005133211369866,-9.490108024291004,-1.559974518528553,2.6005133211369866,-9.490108024291004,-1.559974518528553,-52.83577359652088,-110.38220735918728,-0.9603039806950902,120.03447956132543,-38.06147230349934,7.89752287900941
-31.96191689790828,-129.2026272505795,0.0608932572788512,133.09728294833732,-103.89477624318083,0.02621335828433658,2.347542229296323,-9.525469223294863,-0.3034781422638211,2.347542229296323,-9.525469223294863,-0.3034781422638211,-34.309459127204605,-119.67715802728463,0.3643713995426723,123.28211013146348,-27.739370294042473,1.7980403796221518
-31.551973581553398,-136.69771068930356,0.1269797248961826,140.2918645839384,-102.99714296546317,0.0518590535183708,2.6579313049855955,-9.78347817908633,-2.0658459622864913,2.6579313049855955,-9.78347817908633,-2.0658459622864913,-34.20990488653899,-126.91423251021723,2.192825687182674,129.94542734000868,-28.196156448101334,11.569367745334493
-30.021991390322796,-139.26515521902365,1.132556269721352,142.46889523304185,-102.16532878842884,0.45547751097193245,0.8714817274401412,-10.033499709282296,-1.8828382564004444,0.8714817274401412,-10.033499709282296,-1.8828382564004444,-30.893473117762937,-129.23165550974136,3.0153945261217965,132.2231313904972,-17.129421665562475,11.044760100449253
-34.233263882203914,-139.16551162810367,0.029934744622396703,143.31418938412693,-103.81977584397248,0.011967653360126809,3.242433639854198,-8.751728145276502,1.8619948087714613,3.242433639854198,-8.751728145276502,1.8619948087714613,-37.47569752205811,-130.41378348282717,-1.8320600641490645,133.79719689145494,-34.14897374447165,-11.270700325971825
-47.62819148554843,-129.75262038692279,0.8009106483650208,138.2202176938078,-110.15663132277709,0.33199959802781553,3.5240984768352064,-8.849846932519938,0.5898755928318893,3.5240984768352064,-8.849846932519938,0.5898755928318893,-51.152289962383634,-120.90277345440285,0.2110350555331315,128.6762659955602,-41.86957815445321,-3.211494519184047
-64.6915134919982,-133.61758554832682,-1.6747764768057785,148.46365198895344,-115.83413925045964,-0.6463511960960645,4.317215381027836,-8.136299104618786,1.1876655352269114,4.317215381027836,-8.136299104618786,1.1876655352269114,-69.00872887302603,-125.48128644370803,-2.86244201203269,139.1766577933286,-53.785083265331444,-7.993732108221071
-87.38681073118835,-126.59192239405093,-1.685589837388271,153.83371125436014,-124.61744328151703,-0.6278150316317401,6.026552767369367,-6.2637381819148175,0.9754071166838727,6.026552767369367,-6.2637381819148175,0.9754071166838727,-93.41336349855771,-120.32818421213611,-2.660996954072144,145.08698767848657,-78.51185216509336,-7.030578110879151
-106.35893776987393,-104.46695258425166,-0.8133238314910782,149.08463811349267,-135.5141676665242,-0.3125758271662635,0.018825782319481732,-5.3181071628984,4.371006122647258,0.018825782319481732,-5.3181071628984,4.371006122647258,-106.37776355219341,-99.14884542135326,-5.184329954138336,142.2007211521711,-45.716990463131765,-39.72953124075553
-117.6437181830023,-104.14393454324318,-3.1504587054491253,157.14938409081893,-138.483185412542,-1.1487164377262262,6.218667338101795,-5.02467128563228,0.5536329645492548,6.218667338101795,-5.02467128563228,0.5536329645492548,-123.8623855211041,-99.1192632576109,-3.7040916699983804,149.1352930974456,-99.54504066647057,-5.110003787293433
-130.63857875241894,-90.77515865423561,-1.6929105112203846,159.08938881381314,-145.20621637517516,-0.6097104199862061,6.597264864974477,-4.210629770544756,-1.8895535460701363,6.597264864974477,-4.210629770544756,-1.8895535460701363,-137.2358436173934,-86.56452888369085,0.19664303484975165,151.0380709486006,-112.65862171357139,12.963564633664939
-134.0071562573355,-73.26324304125342,-4.0416567582025,152.78008933905892,-151.33406861171446,-1.5158839968741247,6.907011531730177,-2.8244074362311267,-2.345710233135296,6.907011531730177,-2.8244074362311267,-2.345710233135296,-140.9141677890657,-70.43883560502229,-1.6959465250672037,144.95791303299632,-129.09348882528005,15.934481100116647
-135.45535338461485,-70.9409255644548,-4.360781567887967,152.96987970308155,-152.3579674771951,-1.6335780208077064,6.1621184430387075,-2.6501840792494704,0.6381196257840498,6.1621184430387075,-2.6501840792494704,0.6381196257840498,-141.61747182765356,-68.29074148520533,-4.998901193672017,146.23175117827913,-129.08654991052953,-7.067792301843766
-150.82252745241055,-61.62479922532975,-1.441020969067298,162.9328917319294,-157.77549361576826,-0.5067454168124177,6.314113788121176,-2.311631203936855,-1.1517255931901493,6.314113788121176,-2.311631203936855,-1.1517255931901493,-157.13664124053173,-59.3131680213929,-0.2892953758771486,156.11100463271956,-137.66754203026855,9.212938404597825
-144.54908296708788,-54.16154494175339,-1.2953377930783714,154.36835244667802,-159.45937218313333,-0.4807867571945245,5.9234862020562105,-1.3118711114043435,0.7359882055355562,5.9234862020562105,-1.3118711114043435,0.7359882055355562,-150.4725691691441,-52.84967383034905,-2.0313259986139274,148.256857274662,-146.97167311756925,-7.397525574056343
-153.82409111895305,-21.380238116222017,-5.525215752336831,155.40107335404153,-172.08707057051635,-2.037555290821538,6.223222152236076,-0.1334484365176536,0.4198983462429089,6.223222152236076,-0.1334484365176536,0.4198983462429089,-160.04731327118913,-21.246789679704364,-5.94511409857974,149.16227402544726,-170.8586296800122,-5.896727948583113
-163.8481602017491,-14.553230908245268,-6.717048477537103,164.63029755065233,-174.92422592619235,-2.3383629483901145,6.50560616950338,-0.76802090166791,-1.2460866819913645,6.50560616950338,-0.76802090166791,-1.2460866819913645,-170.35376637125248,-13.785210006577358,-5.470961795545739,157.9620519225193,-168.1913223962301,8.431740808197263
-155.32193089865027,-4.2190967868812095,-8.754097263695344,155.62563161216212,-178.44402520398756,-3.224646926676273,6.644117208079706,0.43910442632162017,-0.2076362006284711,6.644117208079706,0.43910442632162017,-0.2076362006284711,-161.96604810672997,-4.65820121320283,-8.546461063066873,148.96378359800514,-182.22515907993,-1.4385652055010634
-155.26299988006602,-1.9865626345042529,-7.539827693021015,155.4586586990208,-179.266950630604,-2.7799664171224756,6.902438684164508,0.7933392025502144,-1.9341132171837125,6.902438684164508,0.7933392025502144,-1.9341132171837125,-162.16543856423053,-2.7799018370544673,-5.605714475837302,148.24659652403653,-185.82353211495325,12.775883211516936
-155.296780483089,1.943699004485552,-7.2613199164091595,155.47859904553172,179.28292180548596,-2.67685957842833,6.864920705626673,0.6107586798197531,-0.4756597933417852,6.864920705626673,0.6107586798197531,-0.4756597933417852,-162.16170118871568,1.332940324665799,-6.785660123067374,148.57016834829528,174.198813345339,1.271197335291724
-155.24302177766188,1.850795216253573,-7.783343114831052,155.44903243068222,179.31695653809396,-2.870003429988334,6.780640699180594,1.0395160093012805,-0.1173078279555595,6.780640699180594,1.0395160093012805,-0.1173078279555595,-162.02366247684247,0.8112792069522925,-7.666035286875492,148.5881692960994,170.60100404482733,-1.890305854838808
-164.7087878062977,-0.19328172300970436,-1.5423025367595429,164.71612196612492,-179.93276483878162,-0.5364910023833214,7.291275683517597,1.2352024586731716,-2.400202901299464,7.291275683517597,1.2352024586731716,-2.400202901299464,-172.0000634898153,-1.428484181682876,0.8579003645399212,156.9412007334452,-189.5478560496136,17.445069273996598
-154.89930643671497,-3.0388642961779624,-2.599524469746491,154.9509191913837,-178.87609718691536,-0.9612641803118245,6.692342301612598,2.207955467792999,0.15445995389038414,6.692342301612598,2.207955467792999,0.15445995389038414,-161.59164873832756,-5.2468197639709615,-2.7539844236368753,147.90206320568882,-197.1349916807916,-2.2168738671828336
-164.7195596277105,-2.30708866467171,-4.7087579599830915,164.80299870930517,-179.19755855964831,-1.63728015522679,6.845386836634134,2.0452749424112255,0.008607617319518646,6.845386836634134,2.0452749424112255,0.008607617319518646,-171.56494646434464,-4.3523636070829355,-4.71736557730261,157.65859218221735,-195.83273092280237,-1.7063104184845383
-164.93169241411962,-5.340742486861473,-0.6882712528320454,165.0195758393961,-178.14532239091844,-0.2389725708771118,6.181172416289655,3.414054297556447,-2.0474866766466113,6.181172416289655,3.414054297556447,-2.0474866766466113,-171.11286483040928,-8.75479678441792,1.359215423814566,157.66737474872883,-207.0585619543203,15.93090566609631
-69.50920561624707,134.41197929409952,-1.7795894148653133,151.331678050713,117.34508940629365,-0.6737869705488287,2.3658400912609068,7.187865894930724,-0.3459676624855992,2.3658400912609068,7.187865894930724,-0.3459676624855992,-71.87504570750798,127.2241133991688,-1.4336217523797141,143.75656689084138,45.56371897247814,1.9439151656052287
-57.430703944952256,149.0999170424766,-2.538928389391013,159.7983641188251,111.06582009593983,-0.9103722874215326,1.892105879309156,6.972510563010701,-0.050838465188939974,1.892105879309156,6.972510563010701,-0.050838465188939974,-59.32280982426141,142.1274064794659,-2.488089924202073,152.57350752790546,36.24834561210548,-0.5072011664893605
-55.68595098845731,136.4281005867322,-2.78236505831768,147.38145515128468,112.20384283765864,-1.0817320658367289,1.5049424032958996,6.96726272926486,-0.24741509388903893,1.5049424032958996,6.96726272926486,-0.24741509388903893,-57.19089339175321,129.46083785746734,-2.534949964428641,140.24921736749442,34.392583317186734,0.906239420636852
-54.13760856546992,134.66249489949365,-1.6632868529882345,145.14694181035821,111.90133059237745,-0.6565856741831604,1.1149730170404837,6.506800488108553,0.22656691194981438,1.1149730170404837,6.506800488108553,0.22656691194981438,-55.2525815825104,128.1556944113851,-1.889853764938049,138.54141760811896,31.624815980649018,-2.6221941748374933
-54.34346154524246,146.70965543400655,-2.652651457114125,156.47354846758319,110.32538698658402,-0.9713655465760013,1.1224320231140155,6.629793577785904,-0.47745661258984273,1.1224320231140155,6.629793577785904,-0.47745661258984273,-55.46589356835648,140.07986185622065,-2.175194844524282,149.73248168646694,29.934514253001282,3.090183477821784
-48.08666852915917,147.24849993185398,-2.9788508403723952,154.9300551046943,108.08538830073626,-1.1016977853862828,0.7122164196475751,6.364594076512873,0.09048833188743144,0.7122164196475751,6.364594076512873,0.09048833188743144,-48.798884948806744,140.8839058553411,-3.0693391722598267,148.52509623477124,24.47038803815991,-1.911191195767202
-43.81418778047714,147.70015049189604,-5.471894970870395,154.15887629573552,106.5226111453312,-2.03415052219004,1.3655730933194263,6.10822606854714,-0.12805192389845343,1.3655730933194263,6.10822606854714,-0.12805192389845343,-45.17976087379657,141.5919244233489,-5.343843046971941,147.8985557869364,29.124601597176195,-0.86211044995211
-24.171494994482828,136.39569956724924,-3.3920536346459116,138.56245544362997,100.04939143301594,-1.4027593093408945,-0.24432254423209088,5.70045655660266,0.15709754173691515,-0.24432254423209088,5.70045655660266,0.15709754173691515,-23.927172450250737,130.69524301064658,-3.5491511763828267,132.8546031245038,7.595186562367431,-2.9799134480884057
-4.257391004653073,149.19910362888925,-3.065773676733272,149.29131545427379,91.63448945979333,-1.1766809095535524,-0.8036589642665604,5.531587546164843,0.12422306788217208,-0.8036589642665604,5.531587546164843,0.12422306788217208,-3.4537320403865124,143.6675160827244,-3.1899967446154442,143.70027262825948,-6.631913167177828,-2.449796399433266
24.23579126741174,145.22263981502647,-1.180659228405304,147.2358062748871,80.52538735645003,-0.45945016725359333,-1.5403481534435741,5.270355872838451,0.24734174670367182,-1.5403481534435741,5.270355872838451,0.24734174670367182,25.776139420855316,139.95228394218802,-1.4280009751089757,141.73939822964135,-25.766482598622332,-3.0386665372080977
21.471822685992265,131.79903101476452,-1.8438105799731659,133.54932940057907,80.7470409219906,-0.7910629078511242,-0.5805839008485236,5.5269272562691185,0.19740508517415156,-0.5805839008485236,5.5269272562691185,0.19740508517415156,22.05240658684079,126.2721037584954,-2.0412156651473174,127.98848671896438,-15.24968246585594,-2.8254407506022647
23.498746261144788,129.8731950202939,-2.3112493565696823,132.002195944663,79.7440847563129,-1.0032530125130747,-1.3291064028255732,5.212268987994122,0.7687542205180253,-1.3291064028255732,5.212268987994122,0.7687542205180253,24.82785266397036,124.66092603229978,-3.080003577087708,126.56848129584294,-24.56123806873616,-9.136667218259912
24.54434300357741,129.1230234017819,-2.5893901923195983,131.46058301811405,79.23733548490922,-1.1286327901963165,-1.8508651203205773,5.439961491529061,0.15764592913608233,-1.8508651203205773,5.439961491529061,0.15764592913608233,26.395208123897987,123.68306191025283,-2.7470361214556807,125.71221499215125,-29.55276449251754,-2.700136034026386
24.25609957104382,127.82903016842454,-2.5425225078189655,130.13486750638026,79.2556243100252,-1.1194930400848997,-1.82517590475004,5.435239855281623,0.6903842163739282,-1.82517590475004,5.435239855281623,0.6903842163739282,26.08127547579386,122.39379031314292,-3.232906724192894,124.35994501911343,-29.306638714731307,-7.985547945019688
23.567518902119787,124.86205421883164,-3.371258522784629,127.11147043038906,79.31125894689121,-1.5197805266478974,-1.7777302880112984,5.569264623015613,0.2945492316960028,-1.7777302880112984,5.569264623015613,0.2945492316960028,25.345249190131085,119.29278959581603,-3.665807754480632,121.25794220649036,-28.39202034517656,-4.404119243805521
30.744227764216816,137.41516921113805,-3.2328493803274085,140.84952106862,77.38876288785056,-1.3151971789406158,-1.6989667990283124,5.736979758044896,0.05278507877198413,-1.6989667990283124,5.736979758044896,0.05278507877198413,32.44319456324513,131.67818945309315,-3.2856344590993927,134.8660261707398,-29.107527483074378,-1.8206545271611518
21.704953034581308,121.86058207667384,-2.362339229950912,123.8009979642188,79.90078507708847,-1.093369885018649,-1.3384667864017956,5.858549291568835,-1.375327052724336,-1.3384667864017956,5.858549291568835,-1.375327052724336,23.043419820983104,116.002032785105,-0.9870121772265761,117.63612832715445,-22.968359141771558,11.797278711289886
26.343113043744893,117.3117215121257,-2.74773704159945,120.26449878423739,77.34380344844617,-1.3091763354637294,-1.1651594223530992,4.9875914077100845,0.5097343015933935,-1.1651594223530992,4.9875914077100845,0.5097343015933935,27.508272466097992,112.32413010441562,-3.2574713431928437,115.11731571113978,-25.805340541571695,-6.992590662073404
28.399107121021075,115.89566896905148,-1.574259781474339,119.33479653862389,76.23152217168828,-0.7558655172630333,-1.0240632794900648,5.516920652661241,-0.7852363681421861,-1.0240632794900648,5.516920652661241,-0.7852363681421861,29.42317040051114,110.37874831639024,-0.789023413332153,113.66895897988528,-24.284165160811582,7.210479405629472
33.0509548610587,112.40537216340238,-0.42595252062123734,117.16447731275277,73.61489255086923,-0.20829978526851195,-1.0370296952855824,5.185421974635034,-1.129602869084284,-1.0370296952855824,5.185421974635034,-1.129602869084284,34.08798455634428,107.21995018876734,0.7036503484630467,111.75707180865236,-27.694458770063108,11.849552580594947
43.08005693379778,125.42883835123678,-0.1146516973822429,132.62088048483034,71.04434383832125,-0.049532616344083055,-1.1644425477327331,4.899456358568415,0.6404354464951989,-1.1644425477327331,4.899456358568415,0.6404354464951989,44.24449948153051,120.52938199266836,-0.7550871438774418,127.54438990396503,-32.32496998761398,-7.297115690972273
44.981560886067086,123.17542686867898,-0.21928460719090026,131.13189806361837,69.93867045621045,-0.09581260200961017,-1.410318372476695,5.0782459898802585,0.8113593855902719,-1.410318372476695,5.0782459898802585,0.8113593855902719,46.39187925854378,118.09718087879872,-1.0306439927811721,125.79936730439478,-35.58224042419775,-8.847516645579312
34.12852491533454,108.96582615940201,-0.8770752197229115,114.18877678843347,72.60923882379022,-0.4400888069311037,-1.2459479849171657,5.65068288953421,0.2902507916783952,-1.2459479849171657,5.65068288953421,0.2902507916783952,35.3744729002517,103.3151432698678,-1.1673260114013067,108.39508633922377,-29.82523537501463,-3.311679845760263
35.433723901000576,124.2807894179657,-2.3810674162792154,129.2553012061244,74.08660721801803,-1.055529866474437,-1.5474160862959252,5.769041142426801,0.9619996127447397,-1.5474160862959252,5.769041142426801,0.9619996127447397,36.9811399872965,118.5117482755389,-3.3430670290239553,123.20536108228336,-30.928275015597322,-10.204954523124956
31.243755173064187,124.827596466979,-2.031847319118299,128.69432575123713,75.94783584644391,-0.9046328367885282,-1.0183970900027361,6.039339462669204,0.9911538317305373,-1.0183970900027361,6.039339462669204,0.9911538317305373,32.26215226306692,118.7882570043098,-3.0230011508488364,122.49004177188596,-23.623747545797656,-10.097200572416002
7.1385064693730556,108.30030185630335,-4.534576413845457,108.6299960417596,86.22886091264918,-2.3924110563203564,-1.3681072425140428,6.634530960167268,1.0257695178751456,-1.3681072425140428,6.634530960167268,1.0257695178751456,8.506613711887098,101.66577089613608,-5.560345931720603,101.7786515319397,-15.422786418690691,-11.00299498966428
15.060958525375781,98.0121436818024,-4.205271016940387,99.25168555309924,81.2640216580844,-2.42833588526375,-1.5434351196990974,6.084441980695942,-0.3103060758809393,-1.5434351196990974,6.084441980695942,-0.3103060758809393,16.60439364507488,91.92770170110646,-3.894964941059447,92.96686924346024,-22.969909944606883,0.40173252415429994
17.5028821149873,92.65114134454495,-4.077800847960425,94.37803417392001,79.30222880912758,-2.4763551918926834,-2.32970603146714,5.520504895453513,-1.775124604254096,-2.32970603146714,5.520504895453513,-1.775124604254096,19.83258814645444,87.13063644909144,-2.3026762437063293,88.12866845775258,-33.577982609318354,14.025641810285965
17.441967171723945,91.6162156912128,-4.243632672447788,93.35824342101232,79.22097710845236,-2.6052980501908736,-1.7910560419331887,5.620786300180782,-2.9868653453589435,-1.7910560419331887,5.620786300180782,-2.9868653453589435,19.233023213657134,85.99542939103202,-1.2567673270888444,86.74594541132223,-28.45343306267634,24.248385913026617
35.43413372310101,104.27343601791324,-1.9025319144165422,110.14602543611741,71.23124402140685,-0.9897086141713153,-1.4998074791728868,5.3371393297846055,-0.346493551793158,-1.4998074791728868,5.3371393297846055,-0.346493551793158,36.9339412022739,98.93629668812864,-1.5560383626233842,104.59133944305256,-34.4648286706405,2.586643944353518
37.34979418738635,100.76607411822476,-0.3596137975127647,107.4659859728791,69.66235115720237,-0.19172942135633275,-1.9553771979039993,4.740862174546578,0.6491768923407564,-1.9553771979039993,4.740862174546578,0.6491768923407564,39.30517138529035,96.02521194367819,-1.008790689853521,102.296778607946,-42.75143683145238,-7.406291641548747
36.3445777248146,100.24641808716558,-0.7753718662952878,106.63429969213907,70.07176666808371,-0.4166194846099605,-1.646187537757669,4.856761704964583,0.06154490315259098,-1.646187537757669,4.856761704964583,0.06154490315259098,37.99076526257227,95.389656382201,-0.8369167694478787,101.50576623281727,-38.65219735284347,-1.1042132912678673
30.05275310855916,100.43050037583623,-1.3439135929086987,104.83920773684842,73.34075002935299,-0.7344836682248979,-1.786986392263998,4.794343630373902,0.9104311975768222,-1.786986392263998,4.794343630373902,0.9104311975768222,31.839739500823157,95.63615674546233,-2.254344790485521,99.64229171118814,-37.10108604971886,-10.82401378394022
13.022747644131414,80.0765847755656,-3.82357075696212,81.21866213410912,80.76293190255005,-2.6983388323810886,-2.2678416961744006,5.152735364647242,0.22119956567231336,-2.2678416961744006,5.152735364647242,0.22119956567231336,15.290589340305814,74.92384941091836,-4.044770322634433,75.58459460302227,-32.992507143510565,-4.948411218186942
20.990966478112796,90.64973330087957,-2.09363991821197,93.07189774208422,76.9623052407156,-1.2889696361594964,-2.595575581551202,5.673661317920903,-1.7267941049303863,-2.595575581551202,5.673661317920903,-1.7267941049303863,23.586542059663998,84.97607198295867,-0.3668458132815837,86.59816132245459,-37.620750022686494,14.181304893667232
20.990966478112796,90.64973330087957,-2.09363991821197,93.07189774208422,76.9623052407156,-1.2889696361594964,-2.4456568673811034,5.287147576126728,0.3735531576509161,-2.4456568673811034,5.287147576126728,0.3735531576509161,23.4366233454939,85.36258572475285,-2.467193075862886,87.23454312151318,-37.861370480894664,-4.958038234411394
-14.942079218492609,12.645455328031858,-4.548521867601778,20.09632610715226,139.75882081677122,-13.081451626259948,-2.014652811973747,4.849640692162765,-0.1645990121865326,-2.014652811973747,4.849640692162765,-0.1645990121865326,-12.927426406518862,7.7958146358690925,-4.383922855415245,14.842286363232592,27.199693256066524,-11.286190741682594
-14.942079218492609,12.645455328031858,-4.548521867601778,20.09632610715226,139.75882081677122,-13.081451626259948,-1.4156280722104384,5.124202618806848,-1.8427778870231784,-1.4156280722104384,5.124202618806848,-1.8427778870231784,-13.52645114628217,7.52125270922501,-2.7057439805785997,14.46984535464641,34.315309522201446,6.036790497158137
-14.942079218492609,12.645455328031858,-4.548521867601778,20.09632610715226,139.75882081677122,-13.081451626259948,-0.7371433409064139,4.885675370674861,-2.442500623018028,-0.7371433409064139,4.885675370674861,-2.442500623018028,-14.204935877586195,7.759779957356997,-2.10602124458375,14.584610092506272,41.1788351713995,13.223395944023054
-16.916188271597434,6.914423419717309,-4.67551582034195,18.863380530899907,157.76790964066157,-14.351034214871257,-1.3659142557992254,5.224203741443461,-1.4825912879905085,-1.3659142557992254,5.224203741443461,-1.4825912879905085,-15.550274015798209,1.6902196782738486,-3.1929245323514412,13.263728451213815,53.11542845665167,1.0019490043601547
-18.284524356625298,4.177851128469115,-5.072086444498851,19.429470705609646,167.12937235242907,-15.132445162816992,-1.7320593114898202,5.023749732571659,0.8622458439430793,-1.7320593114898202,5.023749732571659,0.8622458439430793,-16.552465045135477,-0.845898604102544,-5.93433228844193,14.046018399753345,58.10649993766576,-24.348974825409712
4.008987118288701,33.54402766087571,-3.485395501645499,33.962063412447286,83.18466819080695,-5.890415523874712,-2.126800315258606,5.904284917423894,-2.4755463829317037,-2.126800315258606,5.904284917423894,-2.4755463829317037,6.135787433547307,27.63974274345182,-1.0098491187137952,27.21579111871724,-26.625012391918432,15.637238994323457
3.589657753946085,31.571182368743166,-3.482932100498033,31.964918504003485,83.5133010663806,-6.255429963580275,-1.9942407693802124,5.620331899831342,-1.5588184995084235,-1.9942407693802124,5.620331899831342,-1.5588184995084235,5.583898523326297,25.950850468911824,-1.9241136009896094,25.80090665903355,-26.022715086308708,8.393178508696677
2.7943499728625056,30.59649617364346,-3.684591260578941,30.943984595267466,84.78170540348596,-6.838602418825271,-1.517780696043701,5.1522421312786975,0.9227773768565803,-1.517780696043701,5.1522421312786975,0.9227773768565803,4.312130668906207,25.44425404236476,-4.607368637435521,25.494142826202562,-21.63255341792977,-16.586995673484395
-20.75430690468943,-3.8125184542057013,-5.011876846289269,21.68860211217101,-169.59094566036384,-13.360866939291753,-1.9197058642553202,6.078759363495038,-1.199311269696658,-1.9197058642553202,6.078759363495038,-1.199311269696658,-18.83460104043411,-9.89127781770074,-3.812565576592611,15.20208274303657,-277.1173509249823,-2.7059796040351323
-1.5720164914770294,27.191762517891107,-3.907903495136054,27.516084285489463,93.3087140072023,-8.164897422488592,-1.7629186486599338,5.570179641876209,0.6726774191825704,-1.7629186486599338,5.570179641876209,0.6726774191825704,0.19090215718290438,21.621582876014898,-4.580580914318625,21.63498929264644,-14.25346138971048,-14.732741292471655
-21.273692459166796,-9.160572197247575,-4.9544779788132445,23.686133620131862,-156.70301538926267,-12.073838791995582,-1.8684974395846439,5.827080663586642,0.5768515059979185,-1.8684974395846439,5.827080663586642,0.5768515059979185,-19.405195019582152,-14.987652860834217,-5.531329484811163,17.539678592910743,-264.4818560491272,-17.459035482822408
-3.7860428787814726,24.112748504309366,-4.118955463486316,24.753273626375748,98.92339368591742,-9.578598166302744,-1.4777060881790476,5.8022033827522534,1.0629734009786256,-1.4777060881790476,5.8022033827522534,1.0629734009786256,-2.308336790602425,18.310545121557112,-5.1819288644649415,18.67222998000622,-5.364950243286756,-19.645684437608125
-4.922128533656291,20.998268534023623,-4.201662470279757,21.9729060035981,103.19231610793626,-11.023999554162526,-1.3410294662849083,6.373907406674732,-0.9062615481393321,-1.3410294662849083,6.373907406674732,-0.9062615481393321,-3.581099067371383,14.624361127348891,-3.2954009221404252,15.396709104786197,1.310938386077268,-3.1028958914187843
-5.610996194187464,19.880767940704573,-3.8970153601049233,21.021773020376436,105.76078404340986,-10.683285467432688,-0.49332278399720053,5.160037623184593,1.8791698568540187,-0.49332278399720053,5.160037623184593,1.8791698568540187,-5.117673410190264,14.72073031751998,-5.776185216958942,15.508095935816623,10.29964835398863,-30.610108912882552
-7.399279820053948,14.869954199305198,-4.072106617381621,17.10107985035492,116.45490870817765,-13.775599082755647,-1.2366654774966719,6.223046126295202,-1.061000596037572,-1.2366654774966719,6.223046126295202,-1.061000596037572,-6.162614342557276,8.646908073009996,-3.011106021344049,10.6682447943301,15.21531878689261,-4.282132030870438
-7.531667321680629,14.20540375060034,-3.7766240091101437,16.516125370928535,117.9324163098098,-13.218359888239235,-1.9594807073024185,5.88718653285423,-1.871968067897987,-1.9594807073024185,5.88718653285423,-1.871968067897987,-5.572186614378211,8.31821721774611,-1.9046559412121566,10.035169086386853,9.523002208829595,3.570241289305862
-8.194865722675445,11.488474751848685,-3.9567562049068172,14.655947461751296,125.50071503629691,-15.662847377218181,-2.0374945892110645,5.881393602728224,-1.853474984208754,-2.0374945892110645,5.881393602728224,-1.853474984208754,-6.15737113346438,5.607081149120461,-2.1032812206980633,8.161523358848523,16.39306521238798,0.9196028116852979
-27.341884873691015,-22.736103887001264,-5.397616664135228,35.96725391324222,-140.2548334283941,-8.631000694660948,-1.56312684783461,6.209196840519297,-1.8184532549152344,-1.56312684783461,6.209196840519297,-1.8184532549152344,-25.778758025856405,-28.94530072752056,-3.5791634092199933,29.311109144154933,-244.38507377541376,7.2237247188312885
-29.498528345376712,-25.599593004052167,-5.620519537662503,39.46001237188549,-139.04770204946422,-8.188821733262602,-1.8207172665829603,5.223706258921638,1.0025584310660445,-1.8207172665829603,5.223706258921638,1.0025584310660445,-27.677811078793752,-30.823299262973805,-6.6230779687285475,33.83798054593217,-248.26364818705036,-18.4611321951338
-31.144509783333774,-36.440937628480015,-5.2634043817143095,48.22474313640657,-130.51909420630614,-6.265929080037049,-1.7390515577230872,5.404082546306725,0.7706571359736942,-1.7390515577230872,5.404082546306725,0.7706571359736942,-29.405458225610687,-41.84502017478674,-6.034061517688004,42.49566634263402,-238.35744046557485,-13.996609383595553
-13.801275153970323,-4.807317922002426,-4.392366964194025,15.260353502686211,-160.79553707212455,-16.7280050986858,-1.9919946505497137,5.973180738793104,-1.6496824611933616,-1.9919946505497137,5.973180738793104,-1.6496824611933616,-11.80928050342061,-10.78049866079553,-2.7426845030006635,8.751253484336779,-269.2385521867517,-2.0466906473195365
-35.18565028725243,-40.69257428497178,-6.005574025021005,54.12931282997024,-130.84899002478883,-6.37000379233588,-1.6406938428640387,5.279814221190534,1.1263532310687345,-1.6406938428640387,5.279814221190534,1.1263532310687345,-33.54495644438839,-45.97238850616232,-7.13192725608974,48.48688550678416,-238.1115388077368,-17.88486554943469
-37.38258703029851,-41.8405716868308,-5.91277552728954,56.418544527440474,-131.7792925005734,-6.0157582640928995,-2.326584173706351,5.5430068429537585,0.7232016602397386,-2.326584173706351,5.5430068429537585,0.7232016602397386,-35.05600285659216,-47.38357852978456,-6.635977187529279,50.363716749563835,-244.5487042050819,-12.875666958975389
-38.25740537726017,-42.49634064536019,-7.376006809393871,57.65391149695511,-131.9951809316787,-7.350333862181516,-1.8317101157665547,6.30366676306501,-0.9288191421764047,-1.8317101157665547,6.30366676306501,-0.9288191421764047,-36.425695261493615,-48.8000074084252,-6.447187667217467,51.024124048865595,-238.19791022077024,0.7031761056375938
-16.71924233754703,-9.65328499593602,-4.671435147420723,19.86306325547362,-149.99890528143627,-13.602351898059997,-1.9117082819579991,6.814975237043157,-1.3235726061065929,-1.9117082819579991,6.814975237043157,-1.3235726061065929,-14.80753405558903,-16.468260232979176,-3.3478625413141305,12.66234381360852,-255.66855310653824,-3.0105234655199453
-16.918331216280876,-10.270847469883847,-5.5892613998897644,20.565993335837224,-148.73873413277076,-15.769739170884261,-3.011284729164572,6.151602745862064,0.4258486699108559,-3.011284729164572,6.151602745862064,0.4258486699108559,-13.907046487116304,-16.42245021574591,-6.01511006980062,13.703676004741094,-264.8210472135662,-19.327577967996397
-17.260776778328704,-13.134373124652143,-4.746727891956887,22.20309883888187,-142.73113129819902,-12.344357146148708,-3.063481665666359,6.514360976115611,0.3497753188496855,-3.063481665666359,6.514360976115611,0.3497753188496855,-14.197295112662346,-19.648734100767754,-5.096503210806572,14.99586902315598,-257.91713183746117,-15.12608123194333
-37.94714238892834,-51.31657467362356,-6.008109557287526,64.10517788893154,-126.4818683798618,-5.377807182113318,-3.124437064212543,6.796990654458057,-0.061578284611488954,-3.124437064212543,6.796990654458057,-0.061578284611488954,-34.8227053247158,-58.11356532808162,-5.946531272676037,56.624203299337545,-241.16913912494024,-4.906182045769579
-35.73186179503307,-56.21103662727046,-3.1839062959901945,66.68271024301075,-122.44303562633827,-2.736748077996725,-3.429239811511934,6.907770956594334,-2.3859147747362224,-3.429239811511934,6.907770956594334,-2.3859147747362224,-32.302621983521135,-63.11880758386479,-0.7979915212539721,58.60994277541135,-238.84431681583283,14.45383465597467
-17.014837888669035,-18.935833925708494,-3.5539255912022263,25.70410282323626,-131.94135364226423,-7.947344240917888,-3.306965310873693,6.763766559635982,0.7008393063537184,-3.306965310873693,6.763766559635982,0.7008393063537184,-13.707872577795342,-25.699600485344476,-4.254764897555945,18.14263911745136,-247.99645555010085,-13.265474742777513
-37.304575893892775,-59.91238170671784,-2.6370105400864094,70.62633141387984,-121.90854807049206,-2.1397784491243295,-4.5318704057151535,6.5596130412740195,0.5125558111529089,-4.5318704057151535,6.5596130412740195,0.5125558111529089,-32.77270548817762,-66.47199474799186,-3.1495663512393186,62.63702067483635,-246.548160097121,-5.818126747734084
-38.54957643871626,-60.22170375818723,-3.896804675596041,71.60941651642636,-122.62443048397961,-3.1194333543145616,-4.899441208442568,6.501150175884462,0.3284615153389252,-4.899441208442568,6.501150175884462,0.3284615153389252,-33.65013523027369,-66.7228539340717,-4.225266190934966,63.46218602186894,-249.6270901390915,-5.429980523109485
-21.017373527604946,-22.408200612117184,-3.3093303162995724,30.899985628057134,-133.16556735004673,-6.148061646397992,-5.651193468606152,5.985475775920875,0.28303401264095784,-5.651193468606152,5.985475775920875,0.28303401264095784,-15.366180058998793,-28.39367638803806,-3.5923643289405303,22.663359125898374,-266.520105137978,-8.1172959596505
-46.78820341496112,-59.26882215317096,-6.292852501818871,75.77287938856247,-128.2883932430264,-4.76383697838786,-6.034787651238048,5.701002298765815,0.27342078605645126,-6.034787651238048,5.701002298765815,0.27342078605645126,-40.75341576372307,-64.96982445193677,-6.5662732878753225,67.46656563742617,-264.9175411541187,-6.6501957204858035
-26.424032873248507,-23.279831030587502,-3.029697596755658,35.34627439528825,-138.61963351544955,-4.917127887175716,-6.666974209674436,4.825724092138827,0.2662581941049327,-6.666974209674436,4.825724092138827,0.2662581941049327,-19.75705866357407,-28.10555512272633,-3.2959557908605905,27.111770673032655,-282.7216657589313,-6.770078697344705
-57.29419166968364,-54.31348148779716,-5.801040204581781,79.15952714527106,-136.5298368074989,-4.202568544672881,-6.762269158697563,4.761053325445005,0.27183150801596945,-6.762269158697563,4.761053325445005,0.27183150801596945,-50.53192251098608,-59.07453481324217,-6.072871712597751,70.88487879557344,-281.38193560016174,-6.085138078594554
-32.89497959515381,-19.73338563755499,-3.7298096745512686,38.54085717124651,-149.04085699638733,-5.553517836559233,-7.437865963756394,3.7889398030341397,0.18926002358864702,-7.437865963756394,3.7889398030341397,0.18926002358864702,-25.45711363139742,-23.522325440589128,-3.9190696981399156,30.19138208101772,-302.0460077268456,-6.8523694747694694
-71.15779936345677,-43.33929441279622,-5.847920963396906,83.52200326885806,-148.65612158426057,-4.014936726476237,-7.729022629617475,3.266756682402516,0.20730181584981278,-7.729022629617475,3.266756682402516,0.20730181584981278,-63.4287767338393,-46.60605109519874,-6.055222779246718,75.1284066575111,-305.7442352843442,-5.430149716554386
-39.297353456791086,-13.105664591024265,-4.4652103026665895,41.665075736489875,-161.55646089642127,-6.152154401238032,-7.941302786572805,3.5607588976186832,-0.35624160366067503,-7.941302786572805,3.5607588976186832,-0.35624160366067503,-31.35605067021828,-16.66642348864295,-4.108968699005914,32.95472545907977,-317.40572525271693,-3.808180358935114
-82.0397120242553,-27.253351256270207,-5.223672999450885,86.60569417379884,-161.6236643620038,-3.457927191471933,-8.179088271984256,2.922279696280526,-0.13704363863427305,-8.179088271984256,2.922279696280526,-0.13704363863427305,-73.86062375227104,-30.175630952550733,-5.086629360816612,77.91915374949332,-321.9625298727112,-2.553959963643395
-44.110210701231054,-8.39963565439598,-5.241533645732411,45.20772325823258,-169.2185966710165,-6.658037436317231,-8.622480549931879,2.279593515244983,0.0390867523494034,-8.622480549931879,2.279593515244983,0.0390867523494034,-35.487730151299175,-10.679229169640962,-5.2806203980818145,36.28890914407426,-334.4096782771044,-6.909137311780682
-45.16536796099936,-7.620895631824851,-4.526820960012505,46.02695537712269,-170.42251476856137,-5.644251484854185,-8.72539439777438,2.3447332815713366,0.1651629953045295,-8.72539439777438,2.3447332815713366,0.1651629953045295,-36.43997356322498,-9.965628913396188,-4.691983955317035,36.99049808604679,-335.3810396974193,-6.691528002511032
-89.08064134957692,-14.875311635442586,-5.868809966553465,90.50457717666552,-170.51981940593421,-3.7179793158389915,-9.212694440750738,1.6019248532816022,0.05105050885506168,-9.212694440750738,1.6019248532816022,0.05105050885506168,-79.86794690882618,-16.477236488724188,-5.919860475408527,81.15350727805739,-340.6557200889696,-4.03077702356062
-47.606484646106786,-8.218835772237526,-4.849656299055057,48.5535354843494,-170.20494581930672,-5.732413587510613,-9.40907712486137,1.365687559576486,0.31481136933579146,-9.40907712486137,1.365687559576486,0.31481136933579146,-38.19740752124542,-9.584523331814012,-5.164467668390849,39.04065258534163,-341.9463798404644,-7.628858325920552
-91.59927897285709,-16.859231569958638,-3.8919878128060708,93.21914592299063,-169.57118803374826,-2.392848694504066,-9.425469146517116,0.7123981540211872,0.05635516840827348,-9.425469146517116,0.7123981540211872,0.05635516840827348,-82.17380982633998,-17.571629723979825,-3.9483429812143442,83.76662479543926,-345.2488623532713,-2.7344435334491446
-92.19629016670824,-17.303816541163087,-5.011587499135555,93.93984243469639,-169.3701318592001,-3.058118750353107,-9.454810635745616,1.4476564927448976,-0.07645160993932887,-9.454810635745616,1.4476564927448976,-0.07645160993932887,-82.74147953096262,-18.751473033907985,-4.935135889196226,84.37454064502674,-340.6649972134974,-2.6001717538523925
-96.11532849767138,-16.546610269145276,-3.453537419428762,97.59033560922751,-170.23206514489027,-2.0280127186722052,-9.398363529926883,-0.9614727184819714,0.27332542789993175,-9.398363529926883,-0.9614727184819714,0.27332542789993175,-86.7169649677445,-15.585137550663305,-3.7268628473286936,88.13896673384329,3.9267746661286083,-3.6851882370019293
-54.43334904233332,-10.616117243201188,-3.8262037371538256,55.59074804609211,-168.96415418289723,-3.9466780516567512,-9.304623846410095,-0.9397626573018272,0.38647249213166246,-9.304623846410095,-0.9397626573018272,0.38647249213166246,-45.128725195923224,-9.676354585899361,-4.2126762292854885,46.23080468288649,5.268556342754778,-6.313096154146653
-99.52593663994844,-8.563167044454985,-5.661695466878783,100.05395888944099,-175.0824075703553,-3.243895860936469,-9.145173253361918,-1.7392210645062391,0.08762538960570643,-9.145173253361918,-1.7392210645062391,0.08762538960570643,-90.38076338658652,-6.823945979948746,-5.7493208564844895,90.74446040917192,-5.850279954661289,-3.7831987190551715
-100.55847720340982,-6.576952750296186,-5.53368218865663,100.92514693332568,-176.25794171066687,-3.1430790022194004,-8.970842616260597,-2.2320119672237695,0.08214599597204275,-8.970842616260597,-2.2320119672237695,0.08214599597204275,-91.58763458714922,-4.344940783072417,-5.615828184628672,91.68043803405786,-10.229855314307969,-3.652200583300776
-103.38191149649478,-4.21361591085406,-5.963641502753638,103.63946740352658,-177.66604375472133,-3.298746523333371,-8.69182194645191,-3.1074744644876944,-0.06671575679661146,-8.69182194645191,-3.1074744644876944,-0.06671575679661146,-94.69008955004287,-1.1061414463663652,-5.896925745957026,94.40861601871536,-17.33887947828893,-2.8846390469897134
-104.05000466437923,-4.699733085473554,-5.836796213603775,104.31950513576632,-177.41382064398599,-3.207439702616244,-8.610846620298844,-3.2456039710767755,-0.03440480600143747,-8.610846620298844,-3.2456039710767755,-0.03440480600143747,-95.43915804408039,-1.4541291143967783,-5.802391407602338,95.11723322356674,-18.06627155194957,-2.9932257791336565
-63.841919500520305,-7.56779133370901,-4.102913829115989,64.41968684393481,-173.23973150419283,-3.651661168475685,-8.671433550043048,-3.8882869914078526,-0.6829074684525211,-8.671433550043048,-3.8882869914078526,-0.6829074684525211,-55.17048595047726,-3.6795043423011577,-3.420006360663468,54.891890763474656,-17.391284697779838,0.45855437350426165
-67.07115997930345,-2.635346021636451,-3.9323035665639,67.23799938251199,-177.74990364464443,-3.3527623240443276,-8.114197380589758,-5.73681718232865,-2.110938499995216,-8.114197380589758,-5.73681718232865,-2.110938499995216,-58.95696259871369,3.101471160692199,-1.821365066568684,57.07889844466355,-33.01058929154536,8.63998806987603
-68.11056362423881,0.32342806178098726,-4.358211803137642,68.25062265682004,179.72792878745082,-3.661170337636774,-8.129526041048393,-5.760810003099806,-0.45416551619059464,-8.129526041048393,-5.760810003099806,-0.45416551619059464,-59.981037583190414,6.084238064880793,-3.9040462869470467,58.2765366405479,324.40547343530193,-1.0513304113847122
-69.98326413446927,7.694227518816774,-4.59700298713693,70.5548781622501,173.72588182379388,-3.7357527728170092,-7.444718979383879,-7.121421071400988,0.031645517156588365,-7.444718979383879,-7.121421071400988,0.031645517156588365,-62.53854515508539,14.815648590217762,-4.628648504293519,60.25247649094314,309.9973624462471,-3.911746437465627
-71.88098476489688,17.9806494328667,-5.593632423036649,74.30658415297418,165.95595223900384,-4.317181289744669,-7.015399015301455,-8.567299275546318,0.08468648863384454,-7.015399015301455,-8.567299275546318,0.08468648863384454,-64.86558574959543,26.547948708413017,-5.678318911670493,63.233119834070806,295.26854832388085,-4.755366264242228
-73.00625131251513,21.774428292408516,-4.332763255117335,76.30734758587965,163.3925624689585,-3.255029077286626,-6.6358700239895825,-9.602452203645157,-0.5528716592908836,-6.6358700239895825,-9.602452203645157,-0.5528716592908836,-66.37038128852555,31.376880496053673,-3.7798915958264514,64.62199237646388,288.0393598184131,-0.5431694467341721
-2.6433290746498415,81.53349185094453,-3.7129797596058403,81.66078435026307,91.85688810719036,-2.6060420674843665,3.0615513508307686,-9.299977433838336,-0.45452869713965915,3.0615513508307686,-9.299977433838336,-0.45452869713965915,-5.70488042548061,90.83346928478286,-3.258451062466181,71.85929092935014,163.6353500028181,0.05191198133669017
4.252218631729647,80.86821373090646,-3.88504476348435,81.07307153509034,86.99004092760022,-2.7466820432147725,3.2494065565954315,-8.46405337021244,0.2252526836943347,3.2494065565954315,-8.46405337021244,0.2252526836943347,1.0028120751342158,89.3322671011189,-4.110297447178684,72.00391605095834,155.9879118038505,-4.169896742700162
15.458594022027,109.66645306485304,-3.471855214300093,110.80502170746833,81.97644460509264,-1.7955432990038906,3.1138988588309076,-8.377873082709172,0.11023186840571597,3.1138988588309076,-8.377873082709172,0.11023186840571597,12.344695163196093,118.04432614756222,-3.582087082705809,101.86649416889557,151.58728505866253,-2.502145242107032
7.74900878643632,80.38039113797424,-3.410943736204315,80.82505152387809,84.49346192141277,-2.418689912635287,3.1253521710900714,-7.913674916554854,-0.29973183676091164,3.1253521710900714,-7.913674916554854,-0.29973183676091164,4.623656615346249,88.2940660545291,-3.1112118994434033,72.31130287523835,152.94288306467217,-0.4011393048216969
8.735226038484484,80.22153180508099,-3.566230619380212,80.77447827084767,83.78561519939613,-2.530457739685997,3.0859113048709332,-7.69079784721869,-0.15340438381843002,3.0859113048709332,-7.69079784721869,-0.15340438381843002,5.649314733613551,87.91232965229968,-3.412826235561782,72.48624848317354,151.92262807524827,-1.4699266142992187
25.788758268659308,105.98428441677618,-3.759759202683499,109.14148792112746,76.32420280400987,-1.9741435385103925,3.061269279940234,-7.251288240029979,-0.29578505198110805,3.061269279940234,-7.251288240029979,-0.29578505198110805,22.727488988719074,113.23557265680616,-3.4639741507023913,101.26493794405766,143.4362380594363,0.17796885369698634
14.607655314413819,78.85805997825082,-3.87264290675585,80.29305437210228,79.5054947231773,-2.764525694402943,3.0297058839569218,-7.101201215195601,0.06598606762889814,3.0297058839569218,-7.101201215195601,0.06598606762889814,11.577949430456897,85.95926119344642,-3.938628974384748,72.57226875125384,146.40012327190715,-3.254212805945876
29.132207032655288,103.43282105091839,-4.811221703637624,107.56477960478676,74.2699448975836,-2.563615145169806,2.7751781718316124,-6.375345405426927,0.2045720656054697,2.7751781718316124,-6.375345405426927,0.2045720656054697,26.357028860823675,109.80816645634532,-5.0157937692430945,100.60859583392971,140.7465256927722,-4.248850404723881
25.39560590581152,103.12100559277758,-4.98348395800026,106.31892449676397,76.1650764492615,-2.6866078549718924,2.3541735428498214,-5.90147240432924,-0.1302714820116755,2.3541735428498214,-5.90147240432924,-0.1302714820116755,23.0414323629617,109.02247799710682,-4.853212475988585,99.96388867720016,144.41738151795505,-1.5120229811444685
25.509998432879343,102.5096557569882,-3.836422389755043,105.70575991976192,76.02553985568224,-2.0799159513965653,2.411411035517631,-5.752146049735003,-0.6148331084079353,2.411411035517631,-5.752146049735003,-0.6148331084079353,23.09858739736171,108.2618018067232,-3.221589281347108,99.43837552825593,143.28116484812307,3.5498793478372463
18.09521585047503,77.75174564089048,-2.878690985221226,79.88152257355519,76.89872922643679,-2.065215574031052,1.4212658102969726,-5.3266112317231205,-0.19161524555403098,1.4212658102969726,-5.3266112317231205,-0.19161524555403098,16.673950040178056,83.0783568726136,-2.687075739667195,74.36522851687485,151.95891544666551,-0.07457588312677399
18.35052943898006,77.28854465017957,-3.7476480153583154,79.52550490553766,76.64364113037577,-2.701070178210682,1.686143048986878,-4.9970646662640945,0.18980522653433685,1.686143048986878,-4.9970646662640945,0.18980522653433685,16.664386389993183,82.28560931644367,-3.9374532418926522,74.24821775355402,147.99787268566274,-4.762239884005442
27.243815806580074,100.25972533412175,-2.573769383225809,103.92719717482247,74.79795038993576,-1.4190818672906242,2.9160046161930495,-4.310121536182123,-0.19031685651205388,2.9160046161930495,-4.310121536182123,-0.19031685651205388,24.327811190387024,104.56984687030388,-2.383452526713755,98.71985129768,130.7177076590336,0.6754173128705407
17.272180747377206,77.49149531768467,-3.370190479138408,79.46457234646448,77.43466571924893,-2.4307137091309263,2.6228554084543703,-4.5425732185962175,-0.4706200225658166,2.6228554084543703,-4.5425732185962175,-0.4706200225658166,14.649325338922836,82.03406853628088,-2.8995704565725915,74.1980910595324,137.43277816665244,2.6961549742797057
23.609873802816082,100.74559307883806,-3.245238077549004,103.52599787479326,76.81066943651874,-1.7963498483196019,1.768356670564799,-5.443491731379481,-2.7988923608971454,1.768356670564799,-5.443491731379481,-2.7988923608971454,21.841517132251283,106.18908481021754,-0.44634571665185874,97.15477460199736,148.8139160595104,24.263016984874444
22.241115945068486,101.03282676086769,-4.258233034940599,103.53951839927275,77.58506611451325,-2.3570479650335914,0.06796430714734925,-5.720642287282217,-0.6922577230198372,0.06796430714734925,-5.720642287282217,-0.6922577230198372,22.173151637921137,106.75346904814991,-3.565975311920761,97.77674232509044,166.90439346189714,4.54231130597617
16.263915896838284,101.57773038444395,-5.8730749605289105,103.03903765003926,80.90340996201134,-3.2675468377225454,1.3914802435306228,-5.745479329089719,0.5130448542199841,1.3914802435306228,-5.745479329089719,0.5130448542199841,14.872435653307662,107.32320971353367,-6.386119814748895,97.10523911861145,157.28925577317273,-8.227616337208163
-2.6677242100865897,80.65902360225806,-5.562210313459104,80.89457969791212,91.89431552878935,-3.94269713603372,2.03277499542196,-7.527681101894913,-0.7576878851039579,2.03277499542196,-7.527681101894913,-0.7576878851039579,-4.7004992055085495,88.18670470415297,-4.804522428355146,73.06053553891788,166.78260438532033,1.6074740375487497
1.7565870447579073,81.12539309431719,-4.328306978161329,81.25976399209205,88.75958321120022,-3.053308632638294,2.5653930897506143,-7.828755517177925,-0.2049312976718558,2.5653930897506143,-7.828755517177925,-0.2049312976718558,-0.808806044992707,88.95414861149511,-4.123375680489474,73.01885072416782,160.6162086680764,-1.628356255448141
2.3535190693191907,101.30611867803708,-4.001583908209426,101.41243221317899,88.66915779902783,-2.261393417114474,2.542780986468415,-8.222308255263883,-0.569092746038393,2.542780986468415,-8.222308255263883,-0.569092746038393,-0.18926191714922425,109.52842693330096,-3.432491162171033,92.78712324808566,161.48472968999744,1.521696177170313
3.952640843633617,100.80126774988452,-2.5115333333635945,100.90999330743841,87.75445609736872,-1.4261731286365438,3.069274588522376,-9.044622084809717,-1.237016539242008,3.069274588522376,-9.044622084809717,-1.237016539242008,0.8833662551112411,109.84588983469423,-1.2745167941215865,91.27900970890938,159.00991442247005,5.953360067164772
-1.124662157278408,85.74365502205615,-3.4841474050402788,85.82178350890545,90.75148067733271,-2.326703198995218,6.390766999643802,-20.214404579367994,-21.933811826968075,6.390766999643802,-20.214404579367994,-21.933811826968075,-7.51542915692221,105.95805960142414,18.449664421927796,55.316764961083614,163.2071745855518,43.6471781814524
11.376976777946084,55.29813577228026,-3.311413797987938,56.55338081703844,78.37425208867552,-3.356804067581655,2.957849485327415,-7.43325097082942,0.1795284188443751,2.957849485327415,-7.43325097082942,0.1795284188443751,8.419127292618668,62.73138674310968,-3.490942216832313,48.55123585294531,146.67558522473763,-4.642344861898197
-2.6790474600140897,59.057271475670404,-2.9138673344753236,59.18977303797475,92.59735924878012,-2.821768030420222,2.941003471843487,-6.215713136119234,-0.2790083393492835,2.941003471843487,-6.215713136119234,-0.2790083393492835,-5.620050931857577,65.27298461178964,-2.63485899512604,52.30773577671649,157.2758950790142,-0.4982725203844258
-8.413717639116612,55.192353354443185,-3.5581373390002895,55.943246729481885,98.66763994109846,-3.6466234087609815,2.471878973752837,-5.362829125231144,-0.39851884484206,2.471878973752837,-5.362829125231144,-0.39851884484206,-10.885596612869449,60.55518247967433,-3.1596184941582295,50.02472164657457,163.92133298646914,0.2142603234161462
5.075248367659242,50.06588108370897,-3.4588460105485908,50.44119556876307,84.21162011689925,-3.931963028958711,2.0824397586586656,-5.653798294025165,-0.6296477698943124,2.0824397586586656,-5.653798294025165,-0.6296477698943124,2.9928086090005763,55.71967937773414,-2.8291982406542786,44.383271269789276,153.99156634899066,2.0340133430119365
2.8883735229040894,48.87802987013333,-3.7599984697232465,49.10745456736463,86.61812513572004,-4.391249686109231,1.9515446048715148,-5.071350380848344,0.3828405613539205,1.9515446048715148,-5.071350380848344,0.3828405613539205,0.9368289180325746,53.949380250981676,-4.142839031077167,43.66009851827516,155.57052448893728,-8.421323319022745
-12.421628998841356,49.74463313271542,-4.216456183186871,51.4451542444771,104.02049198231003,-4.7012481942085325,1.6867847540520415,-5.163103188375203,-0.1493762882871148,1.6867847540520415,-5.163103188375203,-0.1493762882871148,-14.108413752893398,54.907736321090624,-4.067079894899756,46.01144550956914,175.92828752781955,-3.1259504234360342
-12.700065207024181,49.15699363140823,-3.581790498156316,50.89725829859265,104.486017617195,-4.035408827806543,2.675186433644967,-4.704085583021282,-0.9947489290264488,2.675186433644967,-4.704085583021282,-0.9947489290264488,-15.375251640669148,53.86107921442951,-2.587041569129867,45.395025201117946,164.85937668784666,6.380371810377581
-13.458622492714085,47.45933367758971,-4.16778007832184,49.50649718272791,105.83239274340386,-4.829248651546568,1.8007406703634388,-4.517950209216679,0.4639978461833587,1.8007406703634388,-4.517950209216679,0.4639978461833587,-15.259363163077523,51.97728388680639,-4.631777924505199,44.62082066292794,174.10141732725162,-10.278902419360396
-14.198359854108617,46.78455861217731,-3.3975752074359526,49.00950789768451,106.88219865118661,-3.975207919619689,1.8942790164066992,-5.043131986289239,0.07008380252407775,1.8942790164066992,-5.043131986289239,0.07008380252407775,-16.092638870515316,51.827690598466546,-3.4676590099600304,43.62189386524783,176.2952372277975,-4.720550724343767
0.298218886059999,44.31723313428961,-3.3444574589748015,44.44425140417905,89.6144518862107,-4.315622447463972,1.8095258982216365,-5.270556269243514,-0.21004053724992344,1.8095258982216365,-5.270556269243514,-0.21004053724992344,-1.5113070121616374,49.58778940353312,-3.134416921724878,38.867759281806315,160.66570600201413,-2.1570461660249034
-14.664023055716257,44.85832074861196,-3.8622619848257287,47.35208105462059,108.10238155088622,-4.67851490270249,1.9008639425971978,-5.141340605611674,0.21979079387327172,1.9008639425971978,-5.141340605611674,0.21979079387327172,-16.564886998313455,49.99966135422363,-4.082052778699,41.86619234409711,177.81194667625908,-6.974670913731417
-17.376161645062666,42.610166369799344,-3.739136224618278,46.16858684520871,112.18533039883123,-4.645401476217778,1.6813362157881784,-5.562814279984565,-0.3268203756963126,1.6813362157881784,-5.562814279984565,-0.3268203756963126,-19.057497860850845,48.17298064978391,-3.412315848921965,40.34805373027058,185.36811870509695,-1.4265757592559258
-19.397534184190363,41.128441870784286,-4.020032804771596,45.65056107975843,115.25011589270247,-5.052066041423837,1.4052744848765997,-5.667457259097887,-0.026858880839410126,1.4052744848765997,-5.667457259097887,-0.026858880839410126,-20.802808669066962,46.79589912988217,-3.9931739239321855,39.811418200788395,191.3242017560003,-4.788516069586211
-9.965647952460245,40.315674804744276,-3.2153277757809295,41.65340450407356,103.88463491000572,-4.4272049692622355,1.465444029048058,-5.844571514059567,-0.4614411561018821,1.465444029048058,-5.844571514059567,-0.4614411561018821,-11.431091981508303,46.16024631880384,-2.7538866196790472,35.61027035648311,179.80871338530437,-0.047955788941943744
-24.764061042360026,36.13080311895283,-2.6205558922370074,43.881214278032495,124.42674864947327,-3.423701594577286,2.33795459584735,-5.572899671643825,-0.7138203206098941,2.33795459584735,-5.572899671643825,-0.7138203206098941,-27.102015638207376,41.70370279059665,-1.9067355716271133,37.79575768936413,191.66762249454763,3.3125663551465574
-9.908004885095806,38.30723374824913,-3.231216275624199,39.69954000824113,104.50151495237378,-4.668569845266999,1.4696067917675464,-5.599740248061266,-0.3464559355718879,1.4696067917675464,-5.599740248061266,-0.3464559355718879,-11.377611676863353,43.9069739963104,-2.8847603400523107,33.899810128026054,179.79632230967286,-1.2438779673751363
-9.388771167118193,37.88797050053529,-3.833548725064915,39.22172138631079,103.91773440472717,-5.609070362603266,1.8609587631954128,-5.425733517390029,-0.2849225796407606,1.8609587631954128,-5.425733517390029,-0.2849225796407606,-11.249729930313606,43.31370401792532,-3.5486261454241546,33.47864445870199,174.98640707866622,-2.76537426306755
-23.594145667641442,33.21839826046107,-3.6372288064988183,40.90690804946411,125.38516628190901,-5.101178370844154,1.968323073240299,-4.955080216072417,-2.8332255962783224,1.968323073240299,-4.955080216072417,-2.8332255962783224,-25.56246874088174,38.17347847653349,-0.8040032102204959,34.86916981832415,193.72054033777266,22.884626997785638
-9.74152572358355,36.163173806117584,-3.7922994527999876,37.64377768362809,105.07629772903512,-5.781884429742675,1.5941141231724032,-4.990860299018777,-1.0581464716937554,1.5941141231724032,-4.990860299018777,-1.0581464716937554,-11.335639846755953,41.15403410513636,-2.734152981106232,32.29872760738208,177.36246838465888,5.6362476005636655
-9.390193590890362,35.35412245964551,-3.923114696011581,36.789679795889384,104.87455391949246,-6.12144800846906,2.1679360862235626,-5.1481711102883025,-2.671784634372752,2.1679360862235626,-5.1481711102883025,-2.671784634372752,-11.558129677113925,40.50229356993381,-1.251330061638829,30.597584368069512,172.0382047029314,19.440271324652787
-9.24916743183337,34.89089246711103,-3.48525148394814,36.263872562647734,104.84695429649729,-5.515100471270029,2.103542204600444,-4.5535620383626,-0.26644888011456724,2.103542204600444,-4.5535620383626,-0.26644888011456724,-11.352709636433815,39.44445450547363,-3.2188026038335726,31.240844387386666,170.05212696552798,-2.474391894601304
-8.427077154256722,34.111464166746714,-3.6671888255593004,35.32783450546251,103.87679993869038,-5.95829409343638,3.4954228620097183,-3.8962501225921073,-0.5903609089254924,3.4954228620097183,-3.8962501225921073,-0.5903609089254924,-11.92250001626644,38.00771428933882,-3.0768279166338077,30.060266565241278,151.98073045570277,0.47663064527296495
-21.060846469342664,29.58508377877422,-4.4135125934836665,36.582995088089106,125.44606809968411,-6.929261208547952,2.3564375809780813,-5.543688839290894,-3.1235220575988913,2.3564375809780813,-5.543688839290894,-3.1235220575988913,-23.417284050320745,35.12877261806511,-1.2899905358847752,29.797593547706175,192.41733868788378,20.47912520039051
-22.19129770865777,27.976302515737757,-4.709333687130048,36.01812072031372,128.42207280350343,-7.512876968481869,1.87397404004696,-5.577956028221166,-2.580878924744108,1.87397404004696,-5.577956028221166,-2.580878924744108,-24.06527174870473,33.55425854395892,-2.12845476238594,29.592678464738846,199.85174735796807,16.169465688008696
-24.474684485130865,24.440089281153746,-3.7546352108035173,34.79116885480678,135.04052270298246,-6.195380583526938,-0.24966070280197528,0.8626478091292427,-7.725267030472044,-0.24966070280197528,0.8626478091292427,-7.725267030472044,-24.22502378232889,23.577441472024503,3.970631819668527,27.013878683981375,28.89944036617088,77.17384664358156
-25.04678095347765,23.166505434499186,-4.15187582272214,34.36955459451687,137.23335291665163,-6.938331560626139,2.087080406969335,-5.1662628654770515,-0.8220745413066535,2.087080406969335,-5.1662628654770515,-0.8220745413066535,-27.133861360446986,28.332768299976237,-3.3298012814154863,28.73732739989599,205.23550078438814,1.4544881365945113
-26.767709950805624,19.441101632197046,-4.109801074684384,33.33702436567112,144.0094969056514,-7.081460796178746,2.896291530333883,-4.299885770221323,-1.8669282819610524,2.896291530333883,-4.299885770221323,-1.8669282819610524,-29.664001481139508,23.74098740241837,-2.2428727927233316,27.826766343071665,200.04631123174147,12.722903884647494
-15.856345899875123,24.659271242504815,-3.848541771923159,29.568811901700567,122.74173175922537,-7.478574783358653,2.269757998235491,-4.498850881123559,-2.4663478745925493,2.269757998235491,-4.498850881123559,-2.4663478745925493,-18.126103898110614,29.158122123628374,-1.3821938973306098,23.958612933780856,185.96989667377096,18.600974735361937
-17.929228815058764,22.259576209351394,-3.6972155264464135,28.82039870597998,128.85010158338616,-7.370481563345571,2.378305810799702,-5.042888468031009,-2.7984473877763243,2.378305810799702,-5.042888468031009,-2.7984473877763243,-20.307534625858466,27.302464677382403,-0.8987681386700892,22.5819397285693,193.6007967813381,19.28212754946349
-29.644273484796827,12.673816667863093,-3.8260474666707793,32.466093368147185,156.85183820174905,-6.767891076100257,2.394792854418938,-4.394522750820357,-2.8179267571251145,2.394792854418938,-4.394522750820357,-2.8179267571251145,-32.039066339215765,17.06833941868345,-1.0081207095456648,26.7226123477576,218.26368623430488,22.61413748358347
-19.06599445228892,20.409854064461456,-3.8993071256566267,28.20068941440124,133.05025696621377,-7.9477464383136285,2.899437976250965,-4.063903330948079,-2.0455310783364373,2.899437976250965,-4.063903330948079,-2.0455310783364373,-21.965432428539884,24.473757395409535,-1.8537760473201894,22.805668723629292,187.5438668250909,14.333398304931098
-29.989165654352746,11.98963739397243,-3.085531160419217,32.444136049910014,158.20852089945367,-5.457241891552289,3.0227667370140807,-4.107967899378906,-2.697599654722899,3.0227667370140807,-4.107967899378906,-2.697599654722899,-33.01193239136683,16.097605293351336,-0.3879315056963182,26.674425233422987,211.8617645278561,22.41781529909953
-16.443146649278333,21.969068373604387,-3.548996935348349,27.66970213393866,126.81368226979447,-7.3692249210885885,4.4058051075762705,-3.0965923269235986,-3.3115427481011213,4.4058051075762705,-3.0965923269235986,-3.3115427481011213,-20.848951756854603,25.065660700527985,-0.23745418724722755,21.34781016573734,161.91490646717665,24.21971415100176
-15.240108386221436,22.6644460529036,-3.7029309597794082,27.561743707567693,123.91781744101424,-7.721057659797704,4.830251453872734,-2.977180621524866,-3.665942304133515,4.830251453872734,-2.977180621524866,-3.665942304133515,-20.07035984009417,25.641626674428466,-0.036988655645893154,20.806444562595757,155.56589571884504,25.144970775743015
-23.582317817687738,22.187093724087617,-4.317819165149896,32.665523169219504,136.7460505022845,-7.595744206347047,6.131377003795251,-0.8322121887795788,-0.023480333114328733,6.131377003795251,-0.8322121887795788,-0.023480333114328733,-29.71369482148299,23.019305912867196,-4.294338832035567,26.477881258453685,144.47557513599276,-7.378322571873032
-8.468592976559563,25.217481415340217,-3.371564834763003,26.814285099004106,108.56320015221917,-7.223355346793757,5.813128850847534,-1.715742493031911,0.734166828109635,5.813128850847534,-1.715742493031911,0.734166828109635,-14.281721827407097,26.933223908372128,-4.105731662872638,20.708939877769858,125.00714282347465,-14.1298775142848
-18.44530421961666,26.0485036113987,-3.7397775064341694,32.136268046319415,125.3028357484862,-6.68279445306406,6.99308628732183,-1.929596112271156,-0.7142727647655431,6.99308628732183,-1.929596112271156,-0.7142727647655431,-25.43839050693849,27.978099723669857,-3.0255047416686263,24.846769945564716,140.72856681418523,-1.0595556700517097
-19.49029323244139,23.543898229479737,-2.990108243542451,30.710379701898024,129.61890240228155,-5.587440763098233,7.380158013994787,-1.9943719173941759,-0.8506451918050673,7.380158013994787,-1.9943719173941759,-0.8506451918050673,-26.870451246436176,25.538270146873913,-2.1394630517373834,23.018315681184006,144.74098964184523,0.7617356735133569
-5.035722354968499,23.01679907339394,-2.9033502398871587,23.739439374946713,102.34098196277817,-7.0249016362854295,7.268078088823131,-1.6893378324118942,-0.7760134871720221,7.268078088823131,-1.6893378324118942,-0.7760134871720221,-12.30380044379163,24.706136905805835,-2.1273367527151366,16.23737176997794,115.42604760648271,-1.0876088772094388
-20.48537056624297,20.66877515499641,-3.26166719364193,29.282881458732348,134.7446614641531,-6.395147992728935,7.418358022058783,-1.0746064358201863,-0.7316316331811059,7.418358022058783,-1.0746064358201863,-0.7316316331811059,-27.903728588301753,21.743381590816597,-2.5300355604608242,21.751473915515653,142.98706440551152,-0.8204107194962864
-7.498506423115507,20.603788740607342,-2.9896916206804534,22.128758777478897,109.99838082034722,-7.764654114607683,7.227914293676349,-1.46261378416051,-0.7446872578894126,7.227914293676349,-1.46261378416051,-0.7446872578894126,-14.726420716791857,22.066402524767852,-2.2450043627910405,14.716839779647763,121.43806618949701,-1.9983269740378828
-23.297574029013035,15.702818582865802,-3.1408067200288947,28.270481671459315,146.01960089555115,-6.37864031304473,6.97588763692147,-0.5831690669518821,0.6665362885323363,6.97588763692147,-0.5831690669518821,0.6665362885323363,-30.273461665934505,16.285987649817685,-3.807343008561231,21.238599625553412,150.7982922702773,-11.817744060686657
-24.03960571592306,14.108308893947196,-3.1148980396443857,28.047274602382505,149.59227710878798,-6.376357171731242,7.013853706125019,-0.3966130745179157,0.39617255700127885,7.013853706125019,-0.3966130745179157,0.39617255700127885,-31.05345942204808,14.504921968465112,-3.5110705966456646,21.011054137052902,152.82874050706914,-9.604088056775344
-25.64458775281011,10.542342628377128,-3.3891947678441117,27.933358378112324,157.6527179420162,-6.968950341830166,3.3606516125855705,4.413331018047387,-5.874262279058411,3.3606516125855705,4.413331018047387,-5.874262279058411,-29.00523936539568,6.129011610329741,2.4850675112142993,19.8538517558487,104.94116865197519,39.67129017479536
-14.635764750369958,12.422796479775343,-2.791812838385999,19.399115988381208,139.6754953277196,-8.27442164614941,5.325662907351671,1.3594344190339598,-5.559221868967527,5.325662907351671,1.3594344190339598,-5.559221868967527,-19.96142765772163,11.063362060741383,2.767409030581528,11.581463199288919,125.35589935300015,37.05099076191644
0.5764311822035779,24.398811507821563,-2.6550964162181145,24.549619404003735,88.64661722620667,-6.2088114383735,-1.742855820584964,5.609401815163068,-0.1082615479405904,-1.742855820584964,5.609401815163068,-0.1082615479405904,2.319287002788542,18.789409692658495,-2.546834868277524,18.674701898364688,-18.613539111404222,-5.152919011683594
1.9838388500734254,11.620512739640674,-2.5975454209574593,12.071419764433218,80.31193749234363,-12.426171880265777,-1.6236519491935724,4.961283651950879,0.8292083192680779,-1.6236519491935724,4.961283651950879,0.8292083192680779,3.607490799266998,6.659229087689795,-3.4267537402255375,6.785762987458522,-27.80949629805602,-21.45195773670494
1.0982350431781924,23.66767807540799,-2.546824041817821,23.829633198838668,87.34324893839869,-6.135281481654966,-1.2694383536120313,4.896586367237489,0.57977404959548,-1.2694383536120313,4.896586367237489,0.57977404959548,2.3676733967902237,18.771091708170502,-3.1265980914133014,18.738054884207575,-17.190690813911914,-12.67368915942905
1.1546084358978987,23.316509768490505,-2.894423934528511,23.523827034246178,87.16509041497794,-7.067710555731559,-0.6613922039764475,5.300150677577619,-0.13455882795052987,-0.6613922039764475,5.300150677577619,-0.13455882795052987,1.8160006398743462,18.016359090912886,-2.7598651065779816,18.18087439261751,-9.947933868793157,-5.624600600507764
1.645306329920004,10.107948993876278,-2.6511982655199517,10.57858771411266,80.75484665158108,-14.514162283705842,-0.5281520005923994,5.287539573103743,-0.33451020645870155,-0.5281520005923994,5.287539573103743,-0.33451020645870155,2.1734583305124033,4.820409420772535,-2.31668805906125,5.254217671460392,-14.94928819228295,-10.912110995481697
1.1286004715284434,9.748309794687941,-2.6983063097454547,10.177629381086502,83.39604136277647,-15.3741604534091,-1.4709862409781636,4.487070072496806,0.7365319943039086,-1.4709862409781636,4.487070072496806,0.7365319943039086,2.599586712506607,5.261239722191135,-3.4348383040493635,5.398499990153793,-24.754539872980388,-24.239590372662008
1.6538335641897675,21.454018823026843,-3.0504881370448302,21.732822342969676,85.59193769210499,-8.06886266652963,-1.0927651475863058,5.0443423331009285,0.028986160566191188,-1.0927651475863058,5.0443423331009285,0.028986160566191188,2.7465987117760733,16.409676489925914,-3.0794742976110214,16.571391781701045,-16.631278874718205,-8.390632643848999
2.0255192390410457,20.78146336096711,-3.083672742970215,21.10642047332236,84.43310215562867,-8.401050748272,-1.3650148358217393,5.927118855280781,-0.6115816361739819,-1.3650148358217393,5.927118855280781,-0.6115816361739819,3.390534074862785,14.854344505686328,-2.472091106796233,14.993480466718037,-18.535980578368154,-2.6591707130795035
-0.037715498971010675,8.944450085702442,-3.036110801083744,9.445770407486222,90.24159407068248,-18.74915068130299,-2.0090371667547515,5.650427403432474,0.1683774970689207,-2.0090371667547515,5.650427403432474,0.1683774970689207,1.9713216677837408,3.2940226822699685,-3.204488298152665,3.4464445153228533,-19.331498561996156,-20.357429196051736
2.0327758428653624,20.576531182141935,-3.052884978665631,20.900859307931782,84.35800047750072,-8.39895851031204,-1.5642294941083037,5.741454943401749,0.46199491048302455,-1.5642294941083037,5.741454943401749,0.46199491048302455,3.597005336973666,14.835076238740186,-3.5148798891486557,14.932228135320852,-20.882052654320503,-12.838311770692766
1.6143249033865459,20.172749920054343,-3.2114100641530925,20.490462142931044,85.42465378946035,-9.01697431972737,-2.297710620349335,5.896058698866426,-0.042507708378426656,-2.297710620349335,5.896058698866426,-0.042507708378426656,3.912035523735881,14.276691221187917,-3.168902355774666,14.162366917619073,-25.866348416630984,-8.632098536980857
1.5375073773292343,20.124081922761206,-3.056871391874189,20.412914169118654,85.63101174572164,-8.612545418702634,-1.7462550323211872,6.302824479986754,-0.4448925239151733,-1.7462550323211872,6.302824479986754,-0.4448925239151733,3.2837624096504214,13.821257442774453,-2.611978867959016,13.857539853241416,-19.854865927340796,-4.721070853858823
0.9169028775575043,19.50655437661544,-3.263197923259469,19.798859442429837,87.30880070987268,-9.486631100460874,-1.915361785356481,6.223671918897935,0.20791114701759517,-1.915361785356481,6.223671918897935,0.20791114701759517,2.8322646629139854,13.282882457717506,-3.471109070277064,13.283805339205763,-19.797172829419154,-11.315388608540852
-1.2432516176646686,7.976433800038876,-2.993298290101716,8.609820288760638,98.85915812860755,-20.344314859627758,-2.2631471585984855,6.28084913275859,0.030561893949042407,-2.2631471585984855,6.28084913275859,0.030561893949042407,1.0198955409338168,1.6955846672802863,-3.0238601840507586,1.933606173012965,-10.956202801264396,-20.606600284073796
0.24310189325342435,18.98094416913591,-3.1874078773846115,19.24824431108384,89.26621400815661,-9.531785450973324,-2.5210270833604227,6.514278418561105,-0.40171494740887415,-2.5210270833604227,6.514278418561105,-0.40171494740887415,2.764128976613847,12.466665750574805,-2.7856929299757374,12.251618283594631,-21.890233688112858,-6.24030815750115
-1.8524336123577996,7.098790384129188,-3.027387715439602,7.9365868977535055,104.625221037294,-22.423345543116923,-2.250638319744894,6.723035668690045,-0.5229160155546559,-2.250638319744894,6.723035668690045,-0.5229160155546559,0.39820470738709446,0.3757547154391432,-2.504471699884946,0.827576937983701,-3.8835315030355417,-18.205041639727103
0.21229104640588048,18.396973943292437,-3.2176469098412355,18.677445472948804,89.33886729523253,-9.920087613956614,-2.5433873615779703,6.880583857965036,-0.7413950376019987,-2.5433873615779703,6.880583857965036,-0.7413950376019987,2.7556784079838508,11.516390085327401,-2.476251872239237,11.304459639563227,-20.947815727632488,-4.148922148385355
0.44819466663614094,18.043666252966887,-3.108987589021929,18.31503683142214,88.5770971952781,-9.773315871553013,-2.614025820046436,6.881201023205023,-0.4984784715799697,-2.614025820046436,6.881201023205023,-0.4984784715799697,3.062220486682577,11.162465229761864,-2.6105091174419592,10.937195731462342,-22.223650525963137,-5.899216851902828
0.5257969829829108,17.880963782502363,-3.175163070658755,18.168296254292812,88.31567974779917,-10.064921281129822,-2.6200877484620833,7.082213379728756,-0.4632951955615081,-2.6200877484620833,7.082213379728756,-0.4632951955615081,3.145884731444994,10.798750402773607,-2.711867875097247,10.602765961981472,-21.98643711745291,-6.5540665018697215
0.5559621677324458,16.987791739891577,-3.1875750873459907,17.293200891314108,88.12554092494675,-10.621800642778766,-2.815280171787208,7.052640891968906,-0.33017640858908415,-2.815280171787208,7.052640891968906,-0.33017640858908415,3.371242339519654,9.935150847922671,-2.8573986787569066,9.692242895277097,-23.635403839121096,-8.132157999095392
-2.777241108102203,3.861816047050297,-3.1701994835223815,5.716367388395668,125.7219575804794,-33.68198932732974,-3.1382483574386697,7.460714306033566,-0.6032327125918746,-3.1382483574386697,7.460714306033566,-0.6032327125918746,0.3610072493364669,-3.5988982589832688,-2.566966770930507,-2.3999587764871464,12.90856116926048,-29.41964357423094
-2.9390810722549077,3.525061109185799,-3.1335619367815113,5.557289247864211,129.82024579643803,-34.32352487445152,-2.8742049940365177,7.58336207407072,-0.3291194717793118,-2.8742049940365177,7.58336207407072,-0.3291194717793118,-0.06487607821838992,-4.058300964884921,-2.8044424650021993,-2.5591603651687516,19.062805834269668,-31.999561916932095
-2.9781145975466643,3.121797194616306,-3.1396325751367087,5.335923255378991,133.6506551806899,-36.043221777537774,-3.9864220451179335,7.479924689162544,-1.0724428869553486,-3.9864220451179335,7.479924689162544,-1.0724428869553486,1.0083074475712692,-4.358127494546238,-2.06718968818136,-3.207551905416337,15.595293261646134,-28.831990299182745
-0.2015826857365255,14.97880329731015,-3.0938650141879833,15.296312775460452,90.77103221684399,-11.669274307868985,-2.6913840399909077,8.045489096592462,-0.13403616235271087,-2.6913840399909077,8.045489096592462,-0.13403616235271087,2.489801354254382,6.933314200717689,-2.9598288518352724,6.811537672552644,-17.725131707604746,-10.76412057501597
-3.39812941594937,1.2827161596469523,-3.1708816735704914,4.821528270325191,159.3196249425058,-41.1209506369342,-3.3005291538031543,8.280934950836155,-0.5959213810881872,-3.3005291538031543,8.280934950836155,-0.5959213810881872,-0.09760026214621575,-6.998218791189203,-2.574960292482304,-4.1128155023042465,47.58890057871341,-37.29647860078918
-3.4123872846608947,0.9227115841659952,-3.17553961554556,4.751824438883314,164.86903367095445,-41.93429684762701,-3.3649468239325415,8.524020918509365,-0.6456102835198128,-3.3649468239325415,8.524020918509365,-0.6456102835198128,-0.04744046072835317,-7.6013093343433695,-2.5299293320257474,-4.43504730209933,53.32688462775411,-37.90449643603029
-0.6245643508293597,12.835762987727435,-3.096012450803144,13.218630231645355,92.78570894495907,-13.545403153672213,-3.8329260793252615,8.619174035516522,-0.9852726324973189,-3.8329260793252615,8.619174035516522,-0.9852726324973189,3.208361728495902,4.216588952210913,-2.1107398183058255,3.7343144658959826,-21.188891499402374,-7.582506175760923
-3.6683819461650273,-0.39994884659154195,-3.1725785099460637,4.866440134699183,-173.7778487626333,-40.68727714114127,-3.115335991366237,9.003454160012808,0.052878433458170004,-3.115335991366237,9.003454160012808,0.052878433458170004,-0.5530459547987903,-9.40340300660435,-3.2254569434042337,-4.660904788167774,-282.86426935136814,-41.00528038799775
-1.7053823104696448,9.134234207542704,-3.057579937802096,9.782195993699776,100.57549493835542,-18.213925870888747,-4.445591440992075,10.040857874142773,-0.7498969133034465,-4.445591440992075,10.040857874142773,-0.7498969133034465,2.7402091305224303,-0.9066236666000691,-2.3076830244986493,-1.2243682063373527,-13.305880216955657,-14.307235469499581
-3.7676210690651715,-20.211794769491007,-2.9708790705347177,20.773486437664456,-100.55914874791125,-8.222234568621943,0.3026513022491599,8.98657664320163,-0.6688033544130874,0.3026513022491599,8.98657664320163,-0.6688033544130874,-4.070272371314331,-29.198371412692637,-2.3020757161216303,11.75697627564698,-188.63026176386467,-3.968389659837783
0.08381050309242255,-7.799810006826306,-2.899089332800127,8.32158514362329,-89.38436919574974,-20.388374505978643,0.6921418189606356,8.497077807216442,1.0427690301046988,0.6921418189606356,8.497077807216442,1.0427690301046988,-0.6083313158682131,-16.296887814042748,-3.941858362904826,-0.2671725552287274,-174.72753965781453,-27.36191265589511
-0.6556436234682224,-9.686856698869633,-2.8928702993529933,10.13083213928198,-93.87209255299302,-16.591793515021845,1.3627803448216582,7.659621305935289,0.8616938962375806,1.3627803448216582,7.659621305935289,0.8616938962375806,-2.0184239682898806,-17.346478004804922,-3.754564195590574,2.303349453936508,-173.7837369049587,-22.912049229429655
-4.859431309578213,-23.514760737432084,-2.672838688834941,24.159927811310187,-101.67606972139433,-6.351695313918305,1.331591480883617,7.45910780177519,0.20234771763683712,1.331591480883617,7.45910780177519,0.20234771763683712,-6.19102279046183,-30.973868539207274,-2.8751864064717783,16.580193668921144,-181.55431653039662,-7.881438642133292
-1.7597518342463445,-10.877421467172667,-2.919732892144957,11.399116827812376,-99.18970330883793,-14.84095417090369,1.5000051291622185,7.442683681966912,0.6192052561113346,1.5000051291622185,7.442683681966912,0.6192052561113346,-3.259756963408563,-18.32010514913958,-3.5389381482562916,3.781573199678342,-177.79490491973593,-19.503485344818202
-1.9814918358692921,-11.11809700925528,-2.862328644252532,11.650378374565197,-100.1052801306866,-14.222346267945317,1.2977294838563012,7.233537999878493,0.6741317267740514,1.2977294838563012,7.233537999878493,0.6741317267740514,-3.2792213197255933,-18.351635009133773,-3.5364603710265836,4.27049847079986,-179.93435703512216,-19.463464337371484
-2.1267014772020048,-11.639699569329991,-2.859093097924678,12.172915779713358,-100.35435800756801,-13.58415532232458,1.6118630441480946,7.468180465682337,-2.0832527369558016,1.6118630441480946,7.468180465682337,-2.0832527369558016,-3.7385645213500993,-19.10788003501233,-0.7758403609688762,4.253839829381562,-178.17498978082912,1.6680087585926042
-2.1633057245368263,-11.929914738306138,-3.0455213686770506,12.501118259105317,-100.27802086557824,-14.100289665206471,1.5179202201190947,7.205972221523183,0.5033907533341757,1.5179202201190947,7.205972221523183,0.5033907533341757,-3.681225944655921,-19.13588695982932,-3.5489121220112265,5.119822999968712,-178.3827129017763,-18.01079167791738
-4.780489613128111,-26.823084275808924,-2.8395699612845995,27.393321970389124,-100.10532198424175,-5.949923090083,1.7876900684977954,7.677238127363367,-2.252277074372164,1.7876900684977954,7.677238127363367,-2.252277074372164,-6.568179681625907,-34.50032240317229,-0.5872928869124356,19.19523847087597,-176.99724579373964,9.996129374873817
-0.9164879913710138,-12.983803222422694,-3.0024496195761543,13.357911516214433,-94.03764139484448,-12.989317824865076,2.0630555211726005,7.637629281351664,-1.0753470476310192,2.0630555211726005,7.637629281351664,-1.0753470476310192,-2.9795435125436143,-20.621432503774358,-1.9271025719451351,5.373805404967548,-168.92180426686497,-5.248856578104023
1.6274104460242143,-13.586895313158948,-2.8274658029912842,13.973072385043114,-83.16976892993621,-11.674475537745852,2.2843962816675685,7.627036252164473,0.6571644508941705,2.2843962816675685,7.627036252164473,0.6571644508941705,-0.6569858356433542,-21.21393156532342,-3.484630253885455,5.98420428755604,-156.4961288165671,-16.39295919046318
3.9025938762938495,-27.393258196136287,-2.8012562894117963,27.811290339760276,-81.89189025967065,-5.780846317785913,1.7969340751908476,8.360253805794358,-2.042213303118431,1.7969340751908476,8.360253805794358,-2.042213303118431,2.105659801103002,-35.753512001930645,-0.7590429862933652,19.019620933821784,-159.76141965087635,7.651060878184318
6.415002321961083,-12.396659411168287,-2.771816825589349,14.230684729200263,-62.639415566363674,-11.231724542570488,2.084870151398718,8.715392787446433,-1.014036989550185,2.084870151398718,8.715392787446433,-1.014036989550185,4.330132170562365,-21.11205219861472,-1.757779836039164,5.212202262407825,-139.18610884576083,-4.775742001623465
7.688867930500919,-11.774153915589515,-2.727400148088698,14.32438836559773,-56.85428494850703,-10.976277792266291,2.3294871895702727,8.673052927352103,-2.6337136354897153,2.3294871895702727,8.673052927352103,-2.6337136354897153,5.359380740930646,-20.44720684294162,-0.09368651259898275,4.965712969966821,-131.82008423329836,5.368664655402739
8.641679880051015,-11.578654749381855,-2.9554256789908724,14.747149483839246,-53.26433597398623,-11.560735273593066,0.9665109164475325,8.550199721551905,0.37881951292497096,0.9665109164475325,8.550199721551905,0.37881951292497096,7.6751689636034826,-20.12885447093376,-3.3342451919158433,6.134161451024429,-136.81502226244226,-14.081551869491888
8.388545446948001,-11.756277268884133,-2.913340910320647,14.733136298770258,-54.49071639052662,-11.404873214815016,1.3016173755286218,8.69557036317022,-1.8515243728198283,1.3016173755286218,8.69557036317022,-1.8515243728198283,7.086928071419379,-20.451847632054353,-1.0618165375008188,5.747854208804014,-135.977467758756,0.4867959876040402
14.349380394454329,-25.977553183669187,-2.644836654126987,29.79485103238687,-61.084787195323486,-5.0927491296068705,-0.22419657020054728,8.004004137866247,0.2918441961966467,-0.22419657020054728,8.004004137866247,0.2918441961966467,14.573576964654876,-33.98155732153543,-2.9366808503236337,21.782390775017518,-152.68925404976494,-7.180140487352379
12.65116267428084,-27.075597966661903,-2.577109030715171,29.996356665762203,-64.95551164564338,-4.928589407058233,-4.473040955640727,-6.311165933474612,-1.3896389482576814,-4.473040955640727,-6.311165933474612,-1.3896389482576814,17.124203629921567,-20.76443203318729,-1.1874700824574895,22.136966916093055,60.37160845674519,5.2555667170550535
1.7676367293208841,-15.484422377801991,-2.905155697917783,15.853447751519651,-83.4875455435524,-10.559162558379155,-2.156345620500815,7.493730144331494,0.7868909343352424,-2.156345620500815,7.493730144331494,0.7868909343352424,3.9239823498216992,-22.978152522133485,-3.6920466322530254,8.016036491820786,-189.5408932582984,-16.32147633953128
-0.1875652369387808,-15.812850879824197,-2.952979937563633,16.08730941386154,-90.67958602629125,-10.577164997220247,-3.14657974126294,7.237679158576981,0.9750090554552402,-3.14657974126294,7.237679158576981,0.9750090554552402,2.959014504324159,-23.050530038401178,-3.9279889930188734,8.135227527409057,-204.17657190130066,-17.61995333160227
-4.9164824796459925,-15.82461776530397,-2.709188486362491,16.790772157506012,-107.25927252824096,-9.285254736212714,-4.268193478916373,6.857293356991235,0.4469344462370062,-4.268193478916373,6.857293356991235,0.4469344462370062,-0.6482890007296191,-22.681911122295205,-3.156122932599497,8.701291447563404,-229.15869609389324,-12.452392881300915
-10.23567664476866,-30.841144969299762,-2.9183602708214913,32.62609578334398,-108.36016984716784,-5.131889217454587,-4.855870423329861,6.3390010983141565,0.5885206499984779,-4.855870423329861,6.3390010983141565,0.5885206499984779,-5.379806221438798,-37.18014606761392,-3.5068809208199694,24.61930060374356,-235.813398727326,-9.347082101356792
-18.501991877081878,-27.959811284854027,-3.080941649332175,33.668486035918576,-123.49400977257943,-5.250377125681348,-4.277540498872895,6.859947354362035,-1.1961026931123047,-4.277540498872895,6.859947354362035,-1.1961026931123047,-14.224451378208983,-34.81975863921606,-1.8848389562198702,25.496161270187166,-245.4397341668554,3.1656733782077175
-12.34553017151643,-13.31738169324683,-3.806041086921468,18.55399469480313,-132.83125177554092,-11.837299027611412,-4.4561565350593355,6.566945045100411,-1.0203202289164408,-4.4561565350593355,6.566945045100411,-1.0203202289164408,-7.889373636457094,-19.88432673834724,-2.785720858005027,10.552547846897623,-256.99103745219605,-4.511168272107484
-7.432874383054241,-18.59146938631011,-2.5160628062225285,20.17971574579846,-111.79154330186209,-7.162436379123929,-3.9003274870763107,6.599587156156332,-0.6184936602292994,-3.9003274870763107,6.599587156156332,-0.6184936602292994,-3.53254689597793,-25.19105654246644,-1.8975691459932291,12.488835461598839,-232.37444716398997,-2.549780441630771
-7.151049003189655,-19.07915387042658,-2.872026046934238,20.576689429344604,-110.54647775899122,-8.023351435148161,-3.5203224578333447,6.387533087149279,-0.5598709511310347,-3.5203224578333447,6.387533087149279,-0.5598709511310347,-3.6307265453563105,-25.46668695757586,-2.3121550958032033,13.261861705571954,-229.40668951012105,-3.6336860844960146
-8.685590049365487,-20.329372609252914,-2.5574995229646476,22.254520192568606,-113.13427578570797,-6.599036873632426,-3.45298124920555,6.0857332758766916,0.09334625954232756,-3.45298124920555,6.0857332758766916,0.09334625954232756,-5.232608800159937,-26.415105885129606,-2.650845782506975,15.256810386021286,-232.7043977959118,-7.363359128037539
-9.653125811812401,-20.406153065699414,-3.5611292759701527,22.85334904559076,-115.31647899189673,-8.964662308466089,-3.317651766429208,5.94930732926619,-0.31473233306855297,-3.317651766429208,5.94930732926619,-0.31473233306855297,-6.335474045383194,-26.355460394965604,-3.2463969429015997,16.034248856941964,-234.46285267190086,-6.3192630057115755
-11.465367599556771,-20.968470422975884,-3.0847881591670436,24.09662474412377,-118.66943455977444,-7.3550426100927835,-4.458542620233857,4.609722947404407,-0.27779262686948414,-4.458542620233857,4.609722947404407,-0.27779262686948414,-7.006824979322914,-25.57819337038029,-2.8069955322975595,17.677487988156376,-252.7143244261904,-4.8747531442140755
-11.593615329128056,-21.327894857561773,-3.7516246723858657,24.56350347848322,-118.52802955576,-8.785263615295198,-2.8564554838183085,5.400217996550552,-0.21804670771023815,-2.8564554838183085,5.400217996550552,-0.21804670771023815,-8.737159845309748,-26.728112854112325,-3.5335779646756276,18.450465223405192,-236.40471579746128,-6.741139853897408
-10.930595811411763,-22.584899571139772,-3.3829474903589123,25.317976758687642,-115.82596349089667,-7.678736118473944,-2.4228044196331666,5.337775768801819,-0.21611752836592535,-2.4228044196331666,5.337775768801819,-0.21611752836592535,-8.507791391778596,-27.92267533994159,-3.166829961992987,19.452097608903795,-230.23915468209694,-5.567300637011236
-10.30301216901728,-23.334930180353467,-3.1495185774849723,25.701955053007392,-113.82277450248915,-7.038718230470971,-1.6510113140188878,5.533869550551174,-0.30501937749362584,-1.6510113140188878,5.533869550551174,-0.30501937749362584,-8.652000854998391,-28.86879973090464,-2.8444991999913465,19.918998423204396,-220.43506978552216,-4.015275823919675
-7.830326751743655,-24.465939216167953,-3.0070070215017566,25.863841361941155,-107.74727644338455,-6.676476599650939,-1.6589343681478113,5.563745271786445,-0.07834357993071972,-1.6589343681478113,5.563745271786445,-0.07834357993071972,-6.171392383595844,-30.0296844879544,-2.928663441571037,20.05751184979113,-214.3502069693418,-5.903373267484771
-6.056840809546088,-25.056115507232107,-3.409568373661834,26.002296079358363,-103.5894758462327,-7.534645041872256,-1.4554598409063146,5.536034956700803,0.19607293333759435,-1.4554598409063146,5.536034956700803,0.19607293333759435,-4.6013809686397735,-30.59215046393291,-3.6056413069994284,20.274775587427154,-208.31956946479005,-9.496462028058753
-5.001853433565657,-43.53055157159349,-1.887525191900961,43.85761289956504,-96.55479233873687,-2.466633123956529,-1.044333208886428,6.0419690480035655,-1.0222030341671813,-1.044333208886428,6.0419690480035655,-1.0222030341671813,-3.9575202246792287,-49.57252061959706,-0.8653221577337797,37.64143072146917,-196.3612742450705,6.998202525487516
-2.367076173807277,-26.88221591403442,-3.1435232884495115,27.16870112328515,-95.03212162796224,-6.644223626838876,-1.5985224606454267,5.466411369767513,-2.481600826232725,-1.5985224606454267,5.466411369767513,-2.481600826232725,-0.7685537131618503,-32.34862728380193,-0.6619224622167863,20.95619196985363,-201.33242975215327,16.899717492457786
-4.1101567548496405,-28.05184788926897,-2.5069150992916622,28.46197782774726,-98.33566499355221,-5.053128340153342,2.0155840602606077,3.356649015185752,-6.238234779461161,2.0155840602606077,3.356649015185752,-6.238234779461161,-6.125740815110248,-31.408496904454722,3.7313196801694986,21.096840702153266,-157.35189821445584,52.83319623681071
-4.858456677653066,-27.935811234754624,-3.5410657376696903,28.575396710998998,-99.86591588536955,-7.118396637930665,-2.04161925103017,5.294061567385356,-3.120722901703718,-2.04161925103017,5.294061567385356,-3.120722901703718,-2.8168374266228966,-33.22987280213998,-0.4203428359659722,22.0997339283441,-210.95471370569328,21.692191004267816
-14.582230289494873,-45.02464855805704,-3.889323829390001,47.48670611699942,-107.94569536007712,-4.697983024108673,-4.147084893939336,3.0234215611625928,-0.1121576260731838,-4.147084893939336,3.0234215611625928,-0.1121576260731838,-10.435145395555537,-48.04807011921963,-3.7771662033168174,42.353289088632344,-251.8518721432721,-3.446054736974753
-15.143905260994757,-27.221525814076927,-3.3987298906064822,31.33529478191873,-119.08810444379326,-6.226739880843205,-3.33163743930254,3.9517022565914317,-2.278709597164396,-3.33163743930254,3.9517022565914317,-2.278709597164396,-11.812267821692217,-31.173228070668358,-1.1200202934420864,25.686553667305553,-249.2219801895523,17.56424419960889
-16.30274726272853,-26.946434741644225,-3.2976380048897056,31.66645433276966,-121.1741782870905,-5.9774267143805995,-3.898953079212788,3.0260514797898423,-2.56403960331303,-3.898953079212788,3.0260514797898423,-2.56403960331303,-12.403794183515743,-29.972486221434067,-0.7335984015766757,26.104699055916964,-263.3584608695026,21.475045314210877
-30.503014664453985,-38.77724581906227,-4.401942930844399,49.53267404954318,-128.18935064635986,-5.098572384476752,-5.0563396195220776,3.035364762720988,-0.8027328451659075,-5.0563396195220776,3.035364762720988,-0.8027328451659075,-25.446675044931908,-41.81261058178326,-3.599210085678491,43.58083487064856,-277.2125897617443,2.6526108936044874
-31.74078181756346,-37.69542953045868,-3.96355771139271,49.438167720977326,-130.09847270200987,-4.59845344612479,-5.3635972210802265,1.5244489902030693,0.6177295366301345,-5.3635972210802265,1.5244489902030693,0.6177295366301345,-26.377184596483232,-39.21987852066175,-4.581287248022845,43.82802425987618,-294.23218964404737,-10.920075546049798
-34.51820013881138,-35.120831865839705,-3.3604941223348668,49.35860505036449,-134.50419482129365,-3.903902684577566,-5.653233043132786,2.1896589415345886,0.8611311485576374,-5.653233043132786,2.1896589415345886,0.8611311485576374,-28.864967095678594,-37.31049080737429,-4.221625270892504,43.235272871295074,-293.3313833220203,-11.988271574971133
-36.08381033724555,-33.64627238019534,-2.4037217742457777,49.39525171415354,-137.00205974656458,-2.7892868802987207,-5.824069501168196,1.8764615035082102,1.2880278105395584,-5.824069501168196,1.8764615035082102,1.2880278105395584,-30.259740836077356,-35.52273388370355,-3.6917495847853363,43.14225971277458,-299.14359767319996,-14.676502153562815
-39.92990947403081,-29.06206966747186,-4.007020035855087,49.54853957009255,-143.95185774580676,-4.638609491113219,-6.822034312652704,2.620844644957657,-0.9190254517423471,-6.822034312652704,2.620844644957657,-0.9190254517423471,-33.107875161378104,-31.682914312429517,-3.0879945841127396,42.18283616872182,-302.9364065913427,2.528916323748156
-26.19113940835436,-18.14121872381861,-3.767021665749497,32.0822388951193,-145.29169972826344,-6.743092157274339,-7.22597631651206,2.4926084421884127,-1.165667379902374,-7.22597631651206,2.4926084421884127,-1.165667379902374,-18.9651630918423,-20.633827166007023,-2.601354285847123,24.350058671312397,-306.25976942596606,1.9276093954927793
-26.854715495730673,-16.08831321807702,-3.86853293970489,31.543226113781873,-149.07471939313206,-7.0446203028145336,-8.174569965318142,1.8764054980898237,-0.36985212126145917,-8.174569965318142,1.8764054980898237,-0.36985212126145917,-18.68014553041253,-17.964718716166843,-3.4986808184434306,23.147912998552357,-316.146891335596,-4.519660734091218
-46.27989059973889,-13.918634723004061,-3.4239223362931774,48.44873487142034,-163.26138831668052,-4.052530264742648,-10.385991246126196,2.6820285314595225,0.7806976194539421,-10.385991246126196,2.6820285314595225,0.7806976194539421,-35.893899353612696,-16.600663254463583,-4.20461995574712,37.69366258058036,-328.7819257252513,-8.21522232917257
-21.428501615209143,2.2597793895541827,-3.013818833455319,21.757076741220654,173.98002578786875,-7.962290024299042,-10.466282831363515,9.812442158892935,-1.4668566866059916,-10.466282831363515,9.812442158892935,-1.4668566866059916,-10.962218783845628,-7.5526627693387525,-1.5469621468493275,7.335607815804117,37.13329541961238,-2.1244456083223957
-35.171893526835106,14.882735477178983,-4.3732548097175865,38.44064602965753,157.06469548550504,-6.532479357381491,-10.0272777057246,10.720854672635483,-1.3738312160163928,-10.0272777057246,10.720854672635483,-1.3738312160163928,-25.144615821110506,4.1618808045435,-2.9994235937011937,23.69715813467173,23.979289046362425,-1.1857736917623924
-21.414970600473566,-2.6020088694826313,-2.987897730623218,21.778405562039588,-173.07228089361396,-7.885590233950729,-9.337955125011831,11.976452471930685,-1.9106741190685055,-9.337955125011831,11.976452471930685,-1.9106741190685055,-12.077015475461735,-14.578461341413316,-1.0772236115547127,6.472083491782881,-301.0155708568128,-0.7147046926566709
-21.211390636824603,-3.8452734281070207,-2.9502209551285667,21.758056534740323,-169.72481547331148,-7.792860550157622,-9.183869347137716,12.428450087630495,-1.7362229543952201,-9.183869347137716,12.428450087630495,-1.7362229543952201,-12.027521289686888,-16.273723515737515,-1.2139980007333466,6.207355652999107,-296.1869645062263,-1.3824684175173374
-35.89859251749692,9.907780126715465,-3.436250181394114,37.39894205837586,164.57083814675386,-5.271825805870758,-8.668339463949906,13.282136090174916,-1.622124529718325,-8.668339463949906,13.282136090174916,-1.622124529718325,-27.230253053547017,-3.3743559634594504,-1.814125651675789,21.455713521780385,41.441108681514564,0.5677688338131901
-35.61478536613993,10.504636546562267,-3.177487542733063,37.26736847076555,163.566493958273,-4.89108669420864,-8.602405505094794,13.67633024607295,-1.1776390997778732,-8.602405505094794,13.67633024607295,-1.1776390997778732,-27.012379861045133,-3.1716936995106835,-1.99984844295519,21.067670222864116,41.39661978318789,-0.7222855620082322
-34.660689362387984,13.780693634560777,-3.6923830978099517,37.48205700153838,158.31779742411598,-5.653415527671432,-8.042542220485302,14.298028766202322,-1.0765357878597386,-8.042542220485302,14.298028766202322,-1.0765357878597386,-26.618147141902682,-0.5173351316415449,-2.615847309950213,21.042013167351666,38.96034512623018,-1.89885599132633
-23.994418972820995,-3.498646399809701,-3.189483435580547,24.457012758307506,-171.7041169363555,-7.493390198798738,-7.934689009299518,14.49645128223949,-1.2390066576727286,-7.934689009299518,14.49645128223949,-1.2390066576727286,-16.059729963521477,-17.99509768204919,-1.9504767779078183,7.88470070022705,-290.3983807104271,-3.2057474650935163
-24.965396127689928,-0.43441740242619176,-3.602195795127429,25.227674027512716,-179.00310926844563,-8.209177500276393,-7.141388306646604,15.221455606700715,-2.785144305172734,-7.141388306646604,15.221455606700715,-2.785144305172734,-17.824007821043324,-15.655873009126907,-0.8170514899546948,8.185104780661888,-294.1374788314456,1.1964461834756808
-29.034472501114124,22.262854341693043,-3.9488744937218243,36.7998490027413,142.51997762888567,-6.160088244921197,-7.217516767193274,15.430450611810016,-3.268512785595939,-7.217516767193274,15.430450611810016,-3.268512785595939,-21.81695573392085,6.832403729883026,-0.6803617081258855,19.454113786330655,27.452368158630705,4.701274721666343
-25.33455722802819,4.17161212363817,-4.212836051478533,26.019033903028713,170.64952750983818,-9.317987238722793,-7.399963766687051,15.696600461837022,-3.391805354442313,-7.399963766687051,15.696600461837022,-3.391805354442313,-17.934593461341137,-11.524988338198852,-0.8210306970362198,8.337204999624888,55.408586606708695,1.7412831794434531
-25.353704798313743,24.789545648199862,-4.15039481682517,35.70094813278425,135.64460469145425,-6.6759862613509275,-7.552174156184719,15.773085977591052,-3.551371777359008,-7.552174156184719,15.773085977591052,-3.551371777359008,-17.801530642129023,9.01645967060881,-0.5990230394661618,17.85612206910837,20.059444325545087,4.803325225369288
-25.540410487666577,23.324441657156854,-4.038666416897584,34.8231671868542,137.59652341397805,-6.659946906637794,-8.211134862865492,15.817220032290109,-3.290406636459346,-8.211134862865492,15.817220032290109,-3.290406636459346,-17.329275624801085,7.5072216248667445,-0.748259780438238,16.700420123583125,20.161510396214823,3.8008224681181115
-25.749321229578072,1.771297327114894,-4.232391248845374,26.154888141384724,176.06481931867083,-9.312567432804828,-8.064225562769934,15.746512806238073,-4.003169258086641,-8.064225562769934,15.746512806238073,-4.003169258086641,-17.685095666808138,-13.975215479123179,-0.22922199075873362,8.016261854007237,58.946575665195496,3.4375004542034713
-25.84643880493377,-2.167844181256953,-3.8297508582705575,26.218408398066803,-175.2055954709865,-8.399307152141112,-8.578609554513605,15.688743969020862,-3.850842804556814,-8.578609554513605,15.688743969020862,-3.850842804556814,-17.267829250420164,-17.856588150277815,0.021091946286256658,7.927475684842811,-293.8754462056844,3.754275241509017
-28.381950863416023,16.724013964956328,-3.9345604364908873,33.17692788281964,149.49135725811752,-6.810923272546726,-8.73829639495193,15.573007259923571,-3.124729073307697,-8.73829639495193,15.573007259923571,-3.124729073307697,-19.643654468464092,1.1510067050327564,-0.8098313631831902,15.048488601258843,30.19378516511965,3.1144966546487955
-25.61932488950447,-6.790147516179559,-3.508433929780331,26.735089671162438,-165.1556280726969,-7.540649385445615,-9.235387544175182,15.24728141723105,-3.216332452534425,-9.235387544175182,15.24728141723105,-3.216332452534425,-16.383937345329286,-22.03742893341061,-0.29210147724590607,8.621095960426764,-286.3592177544281,2.68705716132707
-29.608902775356228,12.091632861942344,-3.652366540070478,32.19059630034101,157.78596199633802,-6.514846660631459,-9.618983865557539,14.99641173356413,-3.9296423817826094,-9.618983865557539,14.99641173356413,-3.9296423817826094,-19.98991890979869,-2.9047788716217866,0.2772758417121315,13.94616414318308,35.10907700864732,5.923478919592265
-30.064692822369352,9.761469818366379,-3.984245196922963,31.859790603635624,162.01231034823965,-7.183966561879951,-9.533574777081412,15.082114791385948,-3.3154872577621926,-9.533574777081412,15.082114791385948,-3.3154872577621926,-20.53111804528794,-5.320644973019569,-0.6687579391607703,13.711741387063359,39.714868303410285,3.342582197376994
-30.294682716449415,8.764464807456477,-4.083164336969702,31.80024960993519,163.8644717138487,-7.377166532945565,-9.413317246857787,14.896609927135415,-2.5668433207364814,-9.413317246857787,14.896609927135415,-2.5668433207364814,-20.88136546959163,-6.132145119678938,-1.5163210162332206,13.99271711538589,41.57526889525883,0.9105283931267651
-25.796429486724264,-13.417198395207919,-4.5018861047851,29.423527414984836,-152.52022738649893,-8.80099145836654,-9.587753884239419,14.754710996949512,-2.6877382626337303,-9.587753884239419,14.754710996949512,-2.6877382626337303,-16.208675602484846,-28.17190939215743,-1.8141478421513701,11.623233650086561,-275.5364281213999,-0.11645446393286996
-25.740192662336767,-14.610704284960946,-4.093431301132114,29.879531084236913,-150.41979467624446,-7.874161364751003,-9.54196384826514,14.52692144606874,-1.9536278424164037,-9.54196384826514,14.52692144606874,-1.9536278424164037,-16.198228814071626,-29.137625731029686,-2.13980345871571,12.38961448842333,-273.7185824549445,-1.4608252470018792
-31.69359927493406,1.069017311343174,-3.8241807937144934,31.9413742934625,178.06815983746398,-6.876231379642951,-9.159371511487961,13.957872319644594,-2.6355364856006727,-9.159371511487961,13.957872319644594,-2.6355364856006727,-22.534227763446097,-12.88885500830142,-1.1886443081138207,15.039825880849815,54.79465541353174,2.0947736316147676
-26.431301392369505,-18.38637200809856,-3.7601739842461086,32.416219355536604,-145.17641693453433,-6.661115638897585,-8.993835694509698,13.976742029670973,-2.416311166182796,-8.993835694509698,13.976742029670973,-2.416311166182796,-17.437465697859807,-32.363114037769535,-1.3438628180633128,15.621072499506216,-267.9371245078578,1.61071043848957
-28.29305550908998,-18.244950998420393,-3.7342584819977347,33.872111144503236,-147.18380460625505,-6.329485887047068,-8.478106012654507,13.732317998211869,-2.7333108331749854,-8.478106012654507,13.732317998211869,-2.7333108331749854,-19.814949496435474,-31.97726899663226,-1.0009476488227493,17.503671167627804,-268.87430053867666,3.2831761687937897
-29.08808647613,-18.043190921137068,-3.9003927031958554,34.45122024977582,-148.1888849392937,-6.500675992721531,-7.983208055754403,13.899878164209355,-1.9628368933895628,-7.983208055754403,13.899878164209355,-1.9628368933895628,-21.1048784203756,-31.943069085346423,-1.9375558098062926,18.302196981745734,-268.05921085095963,0.4806151137521413
-32.76995395463746,1.8861418643324441,-4.4879944031517525,33.12958658184808,176.70585839625207,-7.785675187059387,-7.758759671419057,13.375648327729976,-2.6907121276051607,-7.758759671419057,13.375648327729976,-2.6907121276051607,-25.0111942832184,-11.489506463397532,-1.7972822755465918,17.43416522466286,56.58929297368654,2.0854681096137453
-32.92228929611235,1.8431237378603669,-4.546798198843824,33.2858470144743,176.79569395669847,-7.851066043103264,-7.706365930054972,13.145367432267037,-2.815833753851818,-7.706365930054972,13.145367432267037,-2.815833753851818,-25.215923366057382,-11.30224369440667,-1.730964444992006,17.790115973101965,56.41507290804901,2.6187050972879486
-33.117915806199335,0.9472231803426325,-4.8587331170625205,33.48583083339469,178.3616994780459,-8.342964627702433,-7.116221526662002,12.94380320377914,-3.492789967111127,-7.116221526662002,12.94380320377914,-3.492789967111127,-26.001694279537332,-11.996580023436508,-1.3659431499513937,18.30748336243979,59.560661047463014,4.96097292683768
-32.622669685610276,-18.773028699408712,-4.107367516945011,37.86206085099587,-150.0813117066426,-6.227840404613797,-6.862687908418593,12.880357230247995,-2.8425846401946124,-6.862687908418593,12.880357230247995,-2.8425846401946124,-25.759981777191683,-31.653385929656707,-1.2647828767503988,22.993289040794902,-268.13011907184915,4.793708647080155
-33.10985453417675,-20.018488846416346,-4.019119044016534,38.89930180425372,-148.84249898410104,-5.930447136277409,-6.415911126520996,12.600753025873601,-2.8727110787564696,-6.415911126520996,12.600753025873601,-2.8727110787564696,-26.693943407655752,-32.61924187228995,-1.1464079652600647,24.470325355992088,-265.82627683061804,5.553489656439241
-33.71048136824527,-21.948964103684148,-4.084687888072644,40.43313312676367,-146.93176548310663,-5.798098750113689,-5.92937994197905,12.190111115940198,-2.809579644230219,-5.92937994197905,12.190111115940198,-2.809579644230219,-27.78110142626622,-34.139075219624345,-1.2751082438424244,26.589358594773305,-262.87047155830993,5.911360651852724
-33.76543758654441,-22.525615787421714,-4.309831742253053,40.81767744078416,-146.29193413766194,-6.061009254920464,-5.741387986490963,12.082764590000053,-3.0740430082177777,-5.741387986490963,12.082764590000053,-3.0740430082177777,-28.024049600053445,-34.60838037742177,-1.2357887340352751,27.091553568213484,-261.70767913730003,6.880465041292407
-34.14173495392208,-5.629698407011404,-4.489640274914542,34.8928135812506,-170.63663985383369,-7.392713581746223,-5.196258496283917,11.862731781992409,-3.11097109011079,-5.196258496283917,11.862731781992409,-3.11097109011079,-28.945476457638165,-17.492430189003812,-1.3786691848037522,21.573517473152368,-284.29160653328023,6.114555797557518
-34.58468772188792,-24.074207293687095,-3.338400741723099,42.2707109137315,-145.1584398588541,-4.529748155929211,-4.987679585445221,11.753795146934948,-2.82322228317026,-4.987679585445221,11.753795146934948,-2.82322228317026,-29.597008136442696,-35.82800244062204,-0.515178458552839,29.19404344593346,-258.1522007450251,7.938449894868682
-34.60878201358503,-6.742290377788095,-4.4972408491574,35.54506220641048,-168.97603386784627,-7.268671653315462,-4.561334976020589,11.539237665110079,-2.7107986207189474,-4.561334976020589,11.539237665110079,-2.7107986207189474,-30.04744703756444,-18.281528042898174,-1.7864422284384527,22.84434522596187,-280.5443814137289,5.05515411909154
-35.39174086709784,-8.158924478474376,-4.587980102393104,36.60864558638037,-167.0182955999435,-7.199527017339822,-4.030644615205574,10.902974012265418,-3.903497434850827,-4.030644615205574,10.902974012265418,-3.903497434850827,-31.361096251892263,-19.061898490739793,-0.6844826675422766,24.34658089277727,-277.30679416063435,11.362997157462903
-36.406215326926485,-28.011526826029694,-5.2355737119525685,46.23277389092295,-142.42473872977737,-6.502338863562465,-4.018178594587425,10.747039191739603,-3.860970435770664,-4.018178594587425,10.747039191739603,-3.860970435770664,-32.38803673233906,-38.7585660177693,-1.3746032761819045,34.12691979826668,-252.92485702692088,12.096140931845039
-35.29523843355116,-13.123863670886124,-4.537147951670008,37.928556066222384,-159.60330552110767,-6.8703762168081814,-3.649018188581749,10.277081968543584,-4.49273755808555,-3.649018188581749,10.277081968543584,-4.49273755808555,-31.646220244969413,-23.400945639429708,-0.04441039358445753,26.13370811067007,-269.1514062694831,15.519485807370017
-34.71515400416433,-33.26357474573422,-3.813497497739469,48.23017816225811,-136.22327571044357,-4.5350366123229735,-3.5605102958793395,10.010610295092121,-4.5833741785642745,-3.5605102958793395,10.010610295092121,-4.5833741785642745,-31.154643708284993,-43.27418504082634,0.7698766808248054,36.65879661518272,-245.8024082037966,18.799289395793323
-33.35024634703723,-37.30570298361607,-2.8487034056121274,50.120549853358526,-131.79581598454786,-3.2582780706823002,-3.184799712137419,9.536903438640635,-4.0304189457357,-3.184799712137419,9.536903438640635,-4.0304189457357,-30.16544663489981,-46.84260642225671,1.1817155401235722,39.28820231081119,-240.2622922004852,18.585214351627066
-35.073196854949174,-18.74418974643521,-4.013309955833222,39.96974410323356,-151.87858897215654,-5.762705590172611,-3.1561601939999946,9.58514073115903,-3.276628018548234,-3.1561601939999946,9.58514073115903,-3.276628018548234,-31.91703666094918,-28.32933047759424,-0.7366819372849878,29.35972237006782,-260.104080792074,12.225660403437598
-36.584371593088576,-18.864103746927242,-3.712196883185019,41.32857438547269,-152.72288136455066,-5.153341459270455,-3.0416256314388193,9.460486833939854,-2.9419384888926747,-3.0416256314388193,9.460486833939854,-2.9419384888926747,-33.54274596164976,-28.324590580867095,-0.7702583942923442,30.964825078904,-260.5459137793022,11.337863732692792
-36.80760371832457,-37.49718899804503,-3.169052809323258,52.63916574138129,-134.46828205224944,-3.4514835366462013,-2.8697475859246424,9.19761346193171,-3.285513851476763,-2.8697475859246424,9.19761346193171,-3.285513851476763,-33.93785613239993,-46.69480245997674,0.11646104215350483,42.459472923310926,-241.79672714967478,15.377938485639522
-39.144152593768354,-36.88651645275684,-4.3020071320678,53.95727053574972,-136.70082713461184,-4.573039858919666,-2.556397619566269,9.032886022179127,-3.049405558474131,-2.556397619566269,9.032886022179127,-3.049405558474131,-36.587754974202085,-45.919402474935964,-1.2526015735936689,44.086755202746275,-242.50287388185328,13.422373918573841
-39.10424076275228,-18.370467436008425,-5.1151483174647865,43.50609683433353,-154.83670808307977,-6.752062067409954,0.6151011706103873,9.428504801376562,-1.960892752904234,0.6151011706103873,9.428504801376562,-1.960892752904234,-39.71934193336267,-27.798972237384987,-3.1542555645605526,33.856218460589155,-241.10410882534683,4.972314149364122
-37.10539260250323,-41.23569202986886,-4.535533974312003,55.65755587339629,-131.9820455303455,-4.674215859563666,-2.0910125219893416,8.626474970814229,-2.9304536528937932,-2.0910125219893416,8.626474970814229,-2.9304536528937932,-35.01438008051389,-49.86216700068309,-1.6050803214182094,46.31004484633892,-235.6074461282343,13.596125777520633
-35.64984461284291,-43.0890264045816,-3.5554833488796405,56.037639843758015,-129.60276440210308,-3.6377534748633695,-2.0734711292627708,8.45935265788279,-2.5981100582826206,-2.0734711292627708,8.45935265788279,-2.5981100582826206,-33.57637348358014,-51.54837906246439,-0.9573732905970198,46.948629678219405,-233.37500546869083,12.972018947292582
-30.65873402128193,-48.17127530011612,-3.6754297463266496,57.218340762796245,-122.47482069821993,-3.6829397359013347,-1.89543051973601,7.940556331238966,-3.1556313729399594,-1.89543051973601,7.940556331238966,-3.1556313729399594,-28.76330350154592,-56.11183163135509,-0.5197983733866902,48.466021009347514,-225.9002400080731,17.450914585147594
-29.249602966279667,-49.632478225395516,-2.9004629885263356,57.68305517244356,-120.51185904372676,-2.8822051121138754,-1.7223908064024727,7.691450806995135,-3.396844283166445,-1.7223908064024727,7.691450806995135,-3.396844283166445,-27.527212159877195,-57.32392903239065,0.4963812946401096,49.10030522324392,-223.134190515709,20.432159164997643
-25.745592220181948,-52.89234837423908,-3.19128447875012,58.91197104098688,-115.95471462380344,-3.105254709802742,-1.5739810125596705,7.357066757751795,-3.3857722106278243,-1.5739810125596705,7.357066757751795,-3.3857722106278243,-24.171611207622277,-60.24941513199087,0.1944877318777043,50.66168007834959,-218.03060759880537,21.123588928234682
-32.08345943476718,-35.901216612662154,-3.2021712311052113,48.25452957148124,-131.78586579000378,-3.8049447994372114,-1.348044303077586,7.181073177683743,-3.3712479016805617,-1.348044303077586,7.181073177683743,-3.3712479016805617,-30.735415131689592,-43.0822897903459,0.16907667057535036,40.20776948801321,-232.41779964535675,20.96382251264188
-31.338863151769715,-38.95258899010673,-3.938774857824022,50.1492021876536,-128.81802170688266,-4.504714594261488,-0.9915819097745953,6.939048082622406,-3.26298060243286,-0.9915819097745953,6.939048082622406,-3.26298060243286,-30.34728124199512,-45.89163707272914,-0.6757942553911622,42.41740644613333,-226.9504652396809,20.457536503247873
-23.62830150431273,-56.41504460920143,-2.5863108693333317,61.21799485567725,-112.72538781620929,-2.4213274954842134,-0.7982920574586387,6.871810338466247,-2.852022294317022,-0.7982920574586387,6.871810338466247,-2.852022294317022,-22.830009446854092,-63.28685494766768,0.2657114249836905,53.735142544951444,-209.35168589343138,19.983053237877616
-22.934085336639896,-58.245812070988194,-2.872055139296947,62.664149198407834,-111.4918670065076,-2.626929535288812,-0.1775557068751823,6.768095629439443,-2.396571869196258,-0.1775557068751823,6.768095629439443,-2.396571869196258,-22.756529629764714,-65.01390770042764,-0.475483270100689,55.48207420558688,-202.9946323789132,16.865842966107344
-31.485834142960698,-42.418041403958796,-3.6718755801541008,52.95404289100242,-126.58556009439442,-3.9761257117756,-0.07212329933349793,6.407964212045755,-2.8548933220020487,-0.07212329933349793,6.407964212045755,-2.8548933220020487,-31.4137108436272,-48.82600561600455,-0.816982258152052,45.9385156126592,-217.2304117252535,20.036581246845806
-30.945415935878145,-44.99253919005568,-2.49631495821658,54.66423820546495,-124.51980207919888,-2.6173980474354805,0.5296839050652125,6.110478292346329,-2.797999684975225,0.5296839050652125,6.110478292346329,-2.797999684975225,-31.475099840943358,-51.10301748240201,0.3016847267586451,47.922776031897385,-209.56552905397194,21.90465440505441
-21.699771060003172,-60.971287897833946,-2.2644364369148313,64.75728286728784,-109.59071903971201,-2.0039306842716496,0.783477612503475,5.950177236356382,-3.055202540120721,0.783477612503475,5.950177236356382,-3.055202540120721,-22.483248672506647,-66.92146513419033,0.7907661032058897,58.022840880418556,-192.0895650619774,24.975349376500866
-23.00662418081788,-61.882545623615414,-2.581766219557271,66.07132302193354,-110.39407164105926,-2.2394281092316874,1.392652605974945,5.656613237484834,-3.2468643917848,1.392652605974945,5.656613237484834,-3.2468643917848,-24.399276786792825,-67.53915886110025,0.6650981722275291,59.40207396540119,-186.56298057462206,26.89373721029242
-23.26987170510722,-62.32315568771571,-2.3230470075848064,66.5662017201436,-110.47434528848963,-1.9999311597465852,1.6130540469807784,5.520396724514768,-3.3024554081876327,1.6130540469807784,5.520396724514768,-3.3024554081876327,-24.882925752088,-67.84355241223048,0.9794084006028263,59.93423858110383,-184.18603878598896,27.865225374122375
-33.21766934268385,-48.726886275062725,-3.0239205890939846,59.04970023930622,-124.28269657972446,-2.935386674421776,2.1488662694523555,5.203598907995342,-3.5431329182970694,2.1488662694523555,5.203598907995342,-3.5431329182970694,-35.366535612136204,-53.93048518305807,0.5192123292030848,52.39771867619281,-191.84414148927675,29.248834854299876
-33.26362932008067,-49.27774956037342,-2.8496921543294462,59.52215035306655,-124.02026726197354,-2.7441510671661797,2.3543233305235844,5.0409859299604705,-3.3812920659741845,2.3543233305235844,5.0409859299604705,-3.3812920659741845,-35.61795265060425,-54.31873549033389,0.5315999116447383,53.01158098271751,-188.98598600859887,28.54479675291302
-20.86655103677367,-66.11656382548608,-2.596770266154101,69.3797966275128,-107.51582506888857,-2.144986636685075,2.7538011643373466,4.761016100135919,-3.520179208350088,2.7538011643373466,4.761016100135919,-3.520179208350088,-23.620352201111018,-70.877579925622,0.9234089421959872,62.849685080428834,-167.47047112940862,30.475281915855604
-32.50419099008934,-52.421372995903425,-2.2951691827708167,61.7235010370716,-121.80123368767269,-2.131017021234036,2.9780197782893083,4.624379774421385,-3.427317348998617,2.9780197782893083,4.624379774421385,-3.427317348998617,-35.48221076837865,-57.04575277032481,1.1321481662278003,55.24276077775656,-179.0204060530654,29.796539224765453
-20.339007438147746,-67.94574818139407,-1.578029178607935,70.94216021229535,-106.66464350190935,-1.2745857935937512,3.448488707667366,4.353777270581645,-3.4355580290709735,3.448488707667366,4.353777270581645,-3.4355580290709735,-23.787496145815112,-72.29952545197571,1.8575288504630385,64.41142442986956,-158.28301687991603,30.465034953327784
-34.25670297368515,-55.32942401418603,-2.410322777627417,65.12047693514863,-121.76333901387147,-2.121189541742913,3.9338776324671016,4.233669971896347,-3.1411832436259353,3.9338776324671016,4.233669971896347,-3.1411832436259353,-38.19058060615225,-59.56309398608238,0.7308604659985183,58.5427579666765,-168.8654544641013,26.404257051606777
-39.34719382065998,-55.33900164891821,-2.226622385514636,67.937946777241,-125.413627173539,-1.8781685617798205,4.596089776359349,4.006870562529343,-3.2395205178434097,4.596089776359349,4.006870562529343,-3.2395205178434097,-43.94328359701933,-59.345872211447556,1.0128981323287736,61.033343521242315,-166.49554167895545,26.103089458520746
-30.370544229005986,-68.04488674441694,-1.938779321026562,74.54015987427299,-114.05268918555069,-1.4904234368486537,4.7730276629549735,3.8577466571617265,-3.338702889209113,4.7730276629549735,3.8577466571617265,-3.338702889209113,-35.14357189196096,-71.90263340157867,1.399923568182551,67.55367725963856,-152.99918100158956,27.05663340154358
-45.0857980194653,-53.421343061378025,-2.7782080545347445,69.95918465453799,-130.16322862691567,-2.2759193828336364,5.481326278382085,3.371906116723011,-3.235129078321159,5.481326278382085,3.371906116723011,-3.235129078321159,-50.567124297847386,-56.793249178101036,0.4569210237864145,62.75635543377514,-161.76149734119244,24.413049620657542
-47.25423827224347,-52.53638489127661,-1.843830397392392,70.68546160752341,-131.97003065127382,-1.4947300569615152,5.389532166364461,3.5791214854337454,-3.233304223924714,5.389532166364461,3.5791214854337454,-3.233304223924714,-52.64377043860793,-56.11550637671036,1.3894738265323219,63.452797936079804,-165.55767434124405,25.059327623100202
-39.829348310317414,-66.1251500212411,-3.5491345513491304,77.27553822665881,-121.0619354909583,-2.632424113497285,5.889298771847962,3.1467579467042697,-2.9758846899394307,5.889298771847962,3.1467579467042697,-2.9758846899394307,-45.718647082165376,-69.27190796794537,-0.5732498614096997,69.96514731460408,-149.17832494171734,21.388861439732594
-50.603587174518566,-52.35244414810575,-2.5075602418959697,72.85457639418658,-134.02684197786053,-1.9724361581331036,6.037346667872043,2.8293976115556916,-3.4053270405672453,6.037346667872043,2.8293976115556916,-3.4053270405672453,-56.64093384239061,-55.18184175966144,0.8977667986712756,65.36783492105148,-159.13694109352713,25.08269839931016
-39.176672336991146,-68.23857648417959,-2.5550980351819703,78.72638377289145,-119.8607052685462,-1.8598853400331483,6.256739381681427,2.3965799601913034,-3.313011388541785,6.256739381681427,2.3965799601913034,-3.313011388541785,-45.43341171867257,-70.63515644437089,0.7579133533598146,71.25199900513421,-140.81953182403046,24.451460577193757
-48.292115784735984,-57.168128041799264,-2.541929351245617,74.8784663010443,-130.18906573733298,-1.9454166054919733,6.391447558326263,2.194677922554945,-3.12384565274252,6.391447558326263,2.194677922554945,-3.12384565274252,-54.68356334306225,-59.36280596435421,0.5819163014969027,67.43362750247094,-149.1403731926906,22.863845967483847
-44.994122347567895,-61.548258137674395,-1.405210180208467,76.25374575232533,-126.16822681920203,-1.055911017778609,6.453873318997012,1.647987641357588,-3.400760852914707,6.453873318997012,1.647987641357588,-3.400760852914707,-51.44799566656491,-63.19624577903198,1.9955506727062398,68.77487428248136,-140.49253198016663,25.99073730804712
-43.136404857454295,-63.57395144322595,-3.286269662055944,76.8973100597388,-124.1578048306067,-2.449328106757565,6.622069449809487,1.5620331505789409,-3.086777709800348,6.622069449809487,1.5620331505789409,-3.086777709800348,-49.75847430726378,-65.13598459380489,-0.19949195225559624,69.42603520257232,-137.43028727761202,21.953711634029997
-42.74880873429879,-65.63148242941577,-2.1388406447180577,78.3551323997852,-123.07805188587272,-1.5641829940421013,6.808154952693485,1.072745660348943,-3.2988283475122513,6.808154952693485,1.072745660348943,-3.2988283475122513,-49.556963686992276,-66.70422808976471,1.1599877027941936,70.7141883757766,-132.03239835293792,24.0132472835275
-31.314075159936124,-75.75896641079595,-1.7186011018540546,81.99357221454332,-112.45717737794376,-1.2010185505772901,6.875980445458026,0.9758860329751826,-3.49553859946599,6.875980445458026,0.9758860329751826,-3.49553859946599,-38.19005560539415,-76.73485244377113,1.7769374976119354,74.21859628300284,-120.53503539091481,25.51625742412036
-46.78575597162637,-65.45493448714626,-2.478341661751536,80.4947053410692,-125.55635542260683,-1.7643515941151684,7.131697791093529,0.8841501859393475,-1.0232460986453353,7.131697791093529,0.8841501859393475,-1.0232460986453353,-53.9174537627199,-66.33908467308561,-1.4550955631062008,73.23592668945172,-132.6235236295834,6.339437474239856
-49.11841016972926,-64.61946859368993,-2.109208754421581,81.19570617035343,-127.23911308487092,-1.4885313640603524,7.209903133379612,0.870109908813248,-3.3122922111559117,7.209903133379612,0.870109908813248,-3.3122922111559117,-56.32831330310887,-65.48957850250318,1.2030834567343307,73.21378446325706,-134.1204387016492,23.02916540123812
-42.20242110099264,-73.28374173280827,-2.8208384689001136,84.61387757817319,-119.93665039330561,-1.9104678401423052,7.449772383657773,0.6526893413104631,-3.172871649810543,7.449772383657773,0.6526893413104631,-3.172871649810543,-49.65219348465041,-73.93643107411873,0.35203318091042934,76.49031761650971,-124.94366240717497,21.07990807674174
-54.82436918871019,-62.63328109500185,-2.6798128636348904,83.28157512108915,-131.19641422401926,-1.8439669939504235,7.250753617056489,0.3915647364323718,-4.359820017762583,7.250753617056489,0.3915647364323718,-4.359820017762583,-62.07512280576668,-63.02484583143422,1.680007154127693,74.81193631265354,-134.28757364911,29.137358598234876
-56.26459243732188,-63.32211140881452,-2.922224700538454,84.75808841997733,-131.62255448220233,-1.975791730855955,7.444357403470576,0.07326890822915288,-4.383234345969926,7.444357403470576,0.07326890822915288,-4.383234345969926,-63.70894984079246,-63.395380317043674,1.4610096454314725,76.11884257238098,-132.18645320970396,28.512552893001452
-44.86470929256632,-73.74549026355055,-3.87128983845626,86.40732815641998,-121.31517041230973,-2.567870648968278,7.714044169320232,-0.10803111461856929,-3.219280997523186,7.714044169320232,-0.10803111461856929,-3.219280997523186,-52.57875346188655,-73.63745914893198,-0.6520088409330738,78.04778760032701,-120.51282573011468,20.082240738986204
-45.001426624097576,-74.54637133631365,-2.793497402391617,87.12114269999431,-121.11813107048309,-1.8374764768950498,7.745799142064243,-0.30294690975520666,-3.4365649665076585,7.745799142064243,-0.30294690975520666,-3.4365649665076585,-52.74722576616182,-74.24342442655845,0.6430675641160417,78.64180546478771,-118.87837031404356,22.071635452180416
-59.1273954804235,-63.970880519371576,-1.0387828162518886,87.117171214758,-132.74677450062978,-0.6832095308960888,7.765903251487771,-0.6395892966773715,-3.3834496241815977,7.765903251487771,-0.6395892966773715,-3.3834496241815977,-66.89329873191127,-63.331291222694205,2.344666807929709,78.62211034745003,-128.03859744998638,22.787757847312538
-64.86590589518244,-60.27533941545846,-1.7646065483650677,88.56532123535665,-137.10084374538874,-1.141656767170919,7.763649310283654,-0.7854941768968615,-3.8370578429613413,7.763649310283654,-0.7854941768968615,-3.8370578429613413,-72.62955520546609,-59.4898452385616,2.0724512945962736,79.86967493360093,-131.3235515812176,25.042769490523582
-67.5186927637044,-58.126552196045395,-2.0862190696477825,89.11690217195422,-139.27498111962723,-1.3414118456229769,7.697202845165748,-0.9439424396587697,-3.9788437098110014,7.697202845165748,-0.9439424396587697,-3.9788437098110014,-75.21589560887014,-57.182609756386626,1.892624640163219,80.40087347557424,-132.28345277268014,25.819903811992802
-74.44915872125137,-51.459027010006366,-3.0945949266489556,90.55542619235295,-145.34789235418936,-1.9583780333414553,7.918541616911398,-1.323706693461304,-2.9663934390548157,7.918541616911398,-1.323706693461304,-2.9663934390548157,-82.36770033816276,-50.13532031654506,-0.12820148759413996,81.99651324827299,-135.8577657507628,18.320220617635297
-66.59016028824988,-61.0247193719282,-3.5875572373801,90.39433825505267,-137.49715664680056,-2.2745438751343077,7.845941249458292,-1.7286626580803102,-1.8112639680539064,7.845941249458292,-1.7286626580803102,-1.8112639680539064,-74.43610153770817,-59.29605671384789,-1.7762932693261935,82.15857806929188,-125.07193849264351,10.4301868082599
-70.62714721589191,-57.35094911400893,-3.7510806060902873,91.05710238002469,-140.92256764255254,-2.360957196089272,7.637028541749714,-2.526041247045839,-2.3633857903847906,7.637028541749714,-2.526041247045839,-2.3633857903847906,-78.26417575764162,-54.82490786696309,-1.3876948157054967,82.67314855599456,-122.62029852250436,14.012316443922264
-71.8916887449052,-56.402169445329605,-2.837547079218278,91.42030027384936,-141.88426692237988,-1.7786595224674313,7.452724198383066,-2.6976581999355176,-1.6186785697178556,7.452724198383066,-2.6976581999355176,-1.6186785697178556,-79.34441294328826,-53.70451124539409,-1.2188685095004224,83.3307651788697,-121.98556042069391,9.76387691622389
-72.76275621903835,-56.20781937488425,-3.438066497349917,92.00846674470245,-142.3146090198264,-2.1414612943786304,7.346275328765159,-2.1784361658612,0.6716595054552374,7.346275328765159,-2.1784361658612,0.6716595054552374,-80.10903154780351,-54.02938320902305,-4.1097260028051545,84.31662224380254,-125.79761523684667,-7.150965714313079
-82.65201414065672,-44.796374264532915,-2.4415641826090373,94.0427127661321,-151.54285241627173,-1.4876968042528695,7.200324488718252,-2.1357192632900706,0.6997127453620962,7.200324488718252,-2.1357192632900706,0.6997127453620962,-89.85233862937497,-42.660655001242844,-3.1412769279711332,86.49979771686591,-135.02174229957458,-6.810348413043042
-72.39670564043365,-58.36272006635261,-2.7592718362584874,93.03280960068552,-141.125920666617,-1.6995919929594592,6.5552654662990335,-3.7225552195666864,-1.0904300878480335,6.5552654662990335,-3.7225552195666864,-1.0904300878480335,-78.95197110673269,-54.64016484678592,-1.6688417484104539,85.41585742328148,-111.53486767627203,6.531054177053673
-71.94611871524995,-59.269382436485216,-1.658730207350874,93.23011894496305,-140.51822259858758,-1.0194479642758412,6.233060238701455,-3.874553926541523,-2.296024972235289,6.233060238701455,-3.874553926541523,-2.296024972235289,-78.1791789539514,-55.39482850994369,0.6372947648844147,85.54019444974936,-108.65258362279917,16.35263146408684
-71.60658273835736,-60.93348650396558,-2.0954318579674878,94.04670809584756,-139.603940930786,-1.27669899273594,5.379252322906268,-4.491253672918106,-0.8353369578965693,5.379252322906268,-4.491253672918106,-0.8353369578965693,-76.98583506126363,-56.44223283104748,-1.2600949000709185,86.98940670358573,-99.7447080553599,5.521048212691583
-82.67707397100202,-51.13461676124177,-3.0097162804938264,97.25896351398505,-148.26378716440448,-1.7733231837634307,5.290059903445808,-4.712838780512527,-2.3253722856071284,5.290059903445808,-4.712838780512527,-2.3253722856071284,-87.96713387444782,-46.421777980729246,-0.6843439948866981,89.80222566021699,-106.56639964581005,16.397340013492823
-68.6946320949362,-65.66366635156294,-4.394876356006021,95.1314064627061,-136.29230644563748,-2.6478902433847535,4.600978034274021,-5.514832441767197,-0.07609635239705259,4.600978034274021,-5.514832441767197,-0.07609635239705259,-73.29561012921022,-60.14883390979574,-4.3187800036089685,87.94891619905185,-86.13026287927572,-2.040847109395475
-79.22308465081517,-58.874967537247585,-4.577055166735246,98.8104669460757,-143.38195928057897,-2.654980037903758,4.341321932894289,-5.787971956065803,-0.22844040621452688,4.341321932894289,-5.787971956065803,-0.22844040621452688,-83.56440658370946,-53.08699558118178,-4.348614760520719,91.57169077130523,-90.25402970118346,-0.8465466363400531
-73.21329004370364,-67.95977681430236,-5.9196031972774605,100.06877038160546,-137.13118062343253,-3.3913318029151123,3.4964561040849276,-6.411284364339423,-0.12373463207923141,3.4964561040849276,-6.411284364339423,-0.12373463207923141,-76.70974614778856,-61.548492449962936,-5.795868565198229,92.76499856511286,-75.73745185415027,-2.4206263184544756
-55.27792475203148,-79.27647350253767,-3.4332404474835414,96.70674927770062,-124.88730515846592,-2.0345170692212617,3.5051005402212922,-6.3729507093059965,0.13658680745033447,3.5051005402212922,-6.3729507093059965,0.13658680745033447,-58.78302529225277,-72.90352279323167,-3.569827254933876,89.43221241984686,-63.69794463178331,-3.110366659235928
-57.26143899699525,-84.57362140055136,-3.88279404924139,102.20883485511041,-124.10036815371286,-2.1771234935424157,3.282592215378145,-6.607534653057911,-0.46437004043242913,3.282592215378145,-6.607534653057911,-0.46437004043242913,-60.5440312123734,-77.96608674749345,-3.418424008808961,94.81623278423756,-60.518338869343225,1.424310962850567
-52.22968122797624,-88.6497387528974,-2.668499785251317,102.92636529692895,-120.50527514337219,-1.485634012043316,2.5535412313697634,-6.74599957830344,-0.5016065051935794,2.5535412313697634,-6.74599957830344,-0.5016065051935794,-54.78322245934601,-81.90373917459397,-2.166893280057738,95.69582643617811,-51.23826956175441,2.4923597344743946
-29.96395305591716,-95.52549969835013,-2.5577524899544457,100.14739973237731,-107.41533269128409,-1.4634864178554565,2.2039656093909343,-6.514339614017558,-0.5697185430589029,2.2039656093909343,-6.514339614017558,-0.5697185430589029,-32.16791866530809,-89.01116008433257,-1.9880339468955428,93.24677191800842,-36.107309294282146,3.272266059642684
-27.05525882788129,-96.96358018436126,-3.4715039022661074,100.72722696349857,-105.5904289879887,-1.9750560511943867,2.312243630070725,-6.349578370623448,-0.43571156403628786,2.312243630070725,-6.349578370623448,-0.43571156403628786,-29.367502457952014,-90.61400181373781,-3.0357923382298195,93.9557086214628,-35.59987929056096,1.7141745018056385
-23.002620708897894,-99.62474889706311,-3.916939692667327,102.32083643538246,-103.0013296116493,-2.193873408712752,1.943155395184931,-5.900740414245632,-0.5067736745627496,1.943155395184931,-5.900740414245632,-0.5067736745627496,-24.945776104082825,-93.72400848281748,-3.4101660181045776,96.08774652079131,-31.228407918779823,2.4696366801102
-22.15306482602989,-100.41627068866558,-3.9460514558728548,102.90654508969796,-102.4408770531281,-2.197601122521351,2.0307620789340035,-5.6000175628211935,-0.38082669543815273,2.0307620789340035,-5.6000175628211935,-0.38082669543815273,-24.183826904963894,-94.81625312584438,-3.565224760434702,96.93752336942414,-32.373291356807584,1.4603839699366432
-22.884751119126918,-101.418642002875,-3.1186048460887577,104.01528001057225,-102.71562981468468,-1.7181098495265472,2.0704545551545834,-5.158146095806899,0.01274385096215136,2.0704545551545834,-5.158146095806899,0.01274385096215136,-24.9552056742815,-96.2604959070681,-3.131348697050909,98.45709544937013,-34.585914065400445,-1.849478195896192
-26.27082537460592,-101.24321142024019,-3.1649532286885105,104.6439728483503,-104.54643098850087,-1.7331731164995705,1.9029377497247424,-5.073620487608139,0.019240279164315144,1.9029377497247424,-5.073620487608139,0.019240279164315144,-28.173763124330662,-96.16959093263205,-3.1841935078528256,99.22519373124774,-35.105744000163966,-1.936611766664161
-34.58328135445345,-99.94288304354882,-4.512507546138146,105.85341725542789,-109.0871784756454,-2.44324668875481,3.097952013512213,-4.337875595331695,-0.7407423890543816,3.097952013512213,-4.337875595331695,-0.7407423890543816,-37.68123336796566,-95.60500744821712,-3.771765157083764,100.47167305437739,-54.62021576425195,5.4680499645051235
-52.66909960781675,-100.72969166981488,-5.170772761847431,113.78594697214925,-117.60397089887067,-2.6045880535460886,3.3273968185915237,-4.289727668388906,-0.9511046321837313,3.3273968185915237,-4.289727668388906,-0.9511046321837313,-55.99649642640827,-96.43996400142598,-4.2196681296637,108.27432896300931,-65.40349522069543,7.3323175598023855
-38.7426587741154,-99.92101355746911,-3.368229351372456,107.22195450654176,-111.19294787115058,-1.8001637948348235,1.7361906330972943,-4.672442501569634,0.26474232665912334,1.7361906330972943,-4.672442501569634,0.26474232665912334,-40.47884940721269,-95.24857105589948,-3.6329716780315793,102.23034501215481,-41.57705500495922,-4.840413336706656
-53.3695228699296,-102.63374471051088,-5.826277326759794,115.82718606680633,-117.47442091312058,-2.8832785066443245,1.8241176042317875,-5.161807583472751,-0.314389453108989,1.8241176042317875,-5.161807583472751,-0.314389453108989,-55.193640474161384,-97.47193712703813,-5.511887873650805,110.34352822818335,-46.93718572601129,0.4034093330579527
-46.73250277207683,-107.27378427664905,-2.704379813611091,117.04232259551017,-113.53975601842345,-1.3239940646614736,1.907206714799031,-5.169844636517752,-3.3462348550405334,1.907206714799031,-5.169844636517752,-3.3462348550405334,-48.63970948687586,-102.1039396401313,0.6418550414294426,110.59546144268595,-43.789271531671574,29.944467247030524
-29.751358111547916,-104.32001393639928,-2.731851279111808,108.51392366228075,-105.91778912753077,-1.4425806545721862,1.9469000954429703,-4.862106817023431,-0.07408261271441718,1.9469000954429703,-4.862106817023431,-0.07408261271441718,-31.698258206990886,-99.45790711937585,-2.657768666397391,103.27598600368952,-37.740095851382904,-0.6321925118877824
-45.96759205594515,-109.42147730992906,-4.609350116081259,118.77426204612567,-112.78711106169901,-2.224073111673083,2.4159418848716996,-5.048016878479643,-0.3898323430755717,2.4159418848716996,-5.048016878479643,-0.3898323430755717,-48.38353394081685,-104.37346043144942,-4.219517773005688,113.16434058034733,-48.362527684307295,1.7606106701719062
-47.264663219337535,-109.33295482361882,-4.915443237435589,119.21327519165524,-113.37884015753471,-2.3631094267369286,3.2555810074218243,-4.483432082273879,-1.5255915209957065,3.2555810074218243,-4.483432082273879,-1.5255915209957065,-50.52024422675936,-104.84952274134494,-3.3898517164398827,113.46632813942112,-59.363588569460646,13.031250366135785
-32.921262339796044,-105.68110811486372,-3.931516036309347,110.75993384240957,-107.30260081531135,-2.0341886972774317,2.009712036164956,-5.6678784163680405,-0.6441018678991213,2.009712036164956,-5.6678784163680405,-0.6441018678991213,-34.930974375961,-100.01322969849568,-3.2874141684102254,104.71190478929911,-36.826050811828495,4.079280150684371
-32.91545348464342,-105.99806236567906,-3.418828264221318,111.04370621551836,-107.2510748729783,-1.7643088210585314,2.0665742492453774,-5.5947503897606055,-0.12722465580089848,2.0665742492453774,-5.5947503897606055,-0.12722465580089848,-34.9820277338888,-100.40331197591846,-3.2916036084204197,105.07812601201641,-37.52416443540393,-0.5423005247377983
-29.700182045197266,-107.53954495208563,-2.3980985200988982,111.59124257096344,-105.43904353921731,-1.2313824890397693,2.1619726840215208,-6.141394135041338,-2.376374670771413,2.1619726840215208,-6.141394135041338,-2.376374670771413,-31.862154729218787,-101.3981508170443,-0.02172384932748539,104.66029715318246,-34.832788391807185,18.820104723122114
-28.424775583917835,-107.98715257846095,-3.248980765913686,111.71279633514315,-104.74708782216106,-1.6665873947601468,2.461607558054311,-5.945125563243408,-2.592603808430768,2.461607558054311,-5.945125563243408,-2.592603808430768,-30.886383141972146,-102.04202701521754,-0.6563769574829177,104.77553288043062,-37.23932131786003,20.278722164797408
-24.827102561145125,-109.11377219158294,-2.7678687842327747,111.93686345911702,-102.81850458181991,-1.4169002050176158,3.0052919581607966,-6.12032398291106,-1.2782609257277064,3.0052919581607966,-6.12032398291106,-1.2782609257277064,-27.83239451930592,-102.99344820867188,-1.4896078585050683,104.99971012335858,-38.97114864565411,9.201268550590857
-23.120676089746098,-109.75816296966218,-2.9842878800718395,112.20662179868451,-101.89550320770279,-1.5240389781036896,2.9425132065748585,-6.049742664935138,-0.22457216088090792,2.9425132065748585,-6.049742664935138,-0.22457216088090792,-26.063189296320957,-103.70842030472704,-2.7597157191909316,105.47548497506796,-37.83316642004297,0.3878855010149187
-19.147235546610773,-111.24682200497773,-1.1815532681168932,112.88874214646025,-99.76577521722216,-0.5996988746583208,3.4271357998759413,-5.555561635366502,1.1760009251322872,3.4271357998759413,-5.555561635366502,1.1760009251322872,-22.574371346486714,-105.69126036961123,-2.3575541932491806,106.25605769361165,-41.4355374232898,-10.812458610850005
-39.59193321545797,-119.38553740194413,-1.0567120185142889,125.78372055547713,-108.34711601236867,-0.4813488642349663,4.192637770174315,-5.400796970750974,1.0761711222341457,4.192637770174315,-5.400796970750974,1.0761711222341457,-43.784570985632286,-113.98474043119316,-2.1328831407484348,118.86237937941192,-56.16929960075399,-9.426328145527915
-66.6604760118974,-93.84638938058538,0.6738302982962026,115.11393447005493,-125.3867404232345,0.3353881774654867,5.031579240813016,-4.5902943693201905,-0.5888951223592838,5.031579240813016,-4.5902943693201905,-0.5888951223592838,-71.69205525271042,-89.25609501126519,1.2627254206554863,108.27767895122507,-83.01263813303038,5.277139548355497
-98.87272149992373,-82.42037160274174,0.37117426872146786,128.72090149728317,-140.185388787829,0.16521596948235162,4.965262266443688,-4.55802109516236,-0.17844041930183985,4.965262266443688,-4.55802109516236,-0.17844041930183985,-103.83798376636742,-77.86235050757938,0.5496146880233077,121.97840739926905,-97.6340183546028,1.681728496434618
-126.92579404699019,-28.514569757862773,4.722681103719541,130.17504215379543,-167.33840860666027,2.079116582428444,5.005981967061189,-3.796383848884375,0.06700735126880009,5.005981967061189,-3.796383848884375,0.06700735126880009,-131.93177601405137,-24.7181859089784,4.655673752450741,123.8919795432737,-130.16283957179218,1.4680592934795704
-130.26273689472214,-6.4469097338756,4.103357409201173,130.48670740902304,-177.16665271486534,1.8020519636063235,4.294474742404191,-3.7420411105150038,0.42664443889035475,4.294474742404191,-3.7420411105150038,0.42664443889035475,-134.55721163712633,-2.7048686233605963,3.6767129703108186,124.77466657730903,-136.0990037881444,-2.481480494564237
-109.87207584896908,40.72111776667589,-6.395504642161491,117.34984006447137,159.6641359143832,-3.1241377392568093,2.8762777937170085,-4.2191014584577715,-3.1609072785805576,2.8762777937170085,-4.2191014584577715,-3.1609072785805576,-112.74835364268608,44.94021922513366,-3.2345973635809333,111.34441535949225,215.38080310970545,28.63449262363983
-110.54778189441254,69.07339663695586,-1.4469452329322907,130.36118998861562,148.00168640712914,-0.6359680930754295,2.4035000936203232,-4.774101978859278,-2.1782931156120795,2.4035000936203232,-4.774101978859278,-2.1782931156120795,-112.95128198803286,73.84749861581514,0.7313478826797888,124.58937716229286,211.27892351587593,21.536874714579
-90.73615331408871,91.43427151950101,-1.4138613668479558,128.822647583817,134.78043070931687,-0.6288483979322125,0.6727177500627022,-6.861871368371908,-2.7084503677091774,0.6727177500627022,-6.861871368371908,-2.7084503677091774,-91.40887106415141,98.29614288787292,1.2945890008612215,121.41498052585094,219.1812132537446,20.81738657897862
-80.95463251060755,98.87912090570345,-5.50832067314451,127.91041659165381,129.30798333078934,-2.46814266125942,0.2655385854209271,-7.607879452019915,-3.3654743431843706,0.2655385854209271,-7.607879452019915,-3.3654743431843706,-81.22017109602848,106.48700035772336,-2.1428463299601397,119.58715052288932,217.30899442458173,21.381970344964454
-74.1566545849164,101.60528328378095,-2.264434393636634,125.80926306726013,126.1238513308282,-1.0313194503786,-0.448047589296948,-10.215798353223136,-2.6189055864427697,-0.448047589296948,-10.215798353223136,-2.6189055864427697,-73.70860699561945,111.82108163700408,0.3544711928061357,115.25360349020421,218.6351376734044,13.334049201993917
-88.07057538032336,85.86727301448991,-1.5540384604097417,123.01231588057595,135.7257372464981,-0.7238479573313279,-0.05589784851122204,-13.225038923729727,-1.0578196605044443,-0.05589784851122204,-13.225038923729727,-1.0578196605044443,-88.01467753181214,99.09231193821964,-0.4962187999052974,109.74492120272815,225.96790604088756,3.849242892719256
-98.14869874649503,70.23990108860573,-0.48432195061962613,120.69401533762642,144.41067889706366,-0.22991759858651611,0.5207731937157405,-15.700345760146831,-1.5347207396234768,0.5207731937157405,-15.700345760146831,-1.5347207396234768,-98.66947194021077,85.94024684875257,1.0503987890038506,104.91024425920274,232.51090095914947,5.350002024745369
-99.44073024239196,67.76964532132223,-0.7014236703213914,120.33983402549326,145.72526002781197,-0.3339612676701278,0.7036807127997236,-16.163234869336435,-1.5109932674338191,0.7036807127997236,-16.163234869336435,-1.5109932674338191,-100.14441095519169,83.93288019065866,0.8095695971124277,104.09088240881565,233.2324118008318,5.001693402089531
-91.2745602622382,51.98386576966669,-2.8214675702056073,105.0777251879455,150.337063424849,-1.5386478481321448,1.4661317652303296,-17.593530116741675,-2.1068124490725273,1.4661317652303296,-17.593530116741675,-2.1068124490725273,-92.74069202746853,69.57739588640837,-0.71465512113308,87.29794726421201,235.57340797106582,5.266597281141215
-98.55307280207,66.40802807466076,-1.9582792454471825,118.85524476899701,146.02672370305334,-0.944057732935197,1.2481984699327313,-17.947712228046754,-1.7063563975091882,1.2481984699327313,-17.947712228046754,-1.7063563975091882,-99.80127127200274,84.35574030270752,-0.25192284793799424,100.78344281688271,232.04841518151684,4.473934158145983
-87.43638191394098,55.934586998739746,-4.199035254416067,103.88181169958463,147.3922395742038,-2.316599579940808,6.738658821415584,-14.273839684638403,-13.145691380396485,6.738658821415584,-14.273839684638403,-13.145691380396485,-94.17504073535656,70.20842668337815,8.946656125980418,83.3401169320434,212.1203121545803,37.47161438651996
-73.46431670339484,90.2063318751585,-4.836262630773788,116.43701119189618,129.1594782092834,-2.3804902827839602,1.1333418201766108,-21.070718521419025,3.6897887274265404,1.1333418201766108,-21.070718521419025,3.6897887274265404,-74.59765852357145,111.27705039657752,-8.526051358200329,95.015662412156,216.08064681247464,-12.299050124836825
-66.88647266659973,75.64111772710581,-4.250533387274164,101.06159483632744,131.48506793597787,-2.410505021188073,1.1320752220078703,-21.963842084577777,0.7274188450498096,1.1320752220078703,-21.963842084577777,0.7274188450498096,-68.0185478886076,97.60495981168359,-4.9779522323239735,79.05657060092412,218.53450109284233,-4.304873495404847
-62.234359975372854,78.39233835658135,-3.0688825854827426,100.13936446213599,128.44547022186572,-1.756168076177737,1.5754418871797498,-22.66339119162936,-0.9237116557199849,1.5754418871797498,-22.66339119162936,-0.9237116557199849,-63.809801862552604,101.0557295482107,-2.1451709297627577,77.40250978371539,214.4689606055206,0.5721816248296643
-64.0029115501477,95.10924968565105,-3.5215050060523216,114.69325638489472,123.93822613526002,-1.7594677817270663,2.3374315016337732,-22.735739907924568,-2.055922839930985,2.3374315016337732,-22.735739907924568,-2.055922839930985,-66.34034305178147,117.84498959357562,-1.4655821661213366,91.74539648665206,208.068345284317,3.3806131003201223
-60.98108996539122,95.64524969071249,-3.3827027333062176,113.48193600546209,122.52059571513446,-1.7081423712855925,3.4307209454723306,-22.746807607530798,-1.70722175050461,3.4307209454723306,-22.746807607530798,-1.70722175050461,-64.41181091086355,118.39205729824329,-1.6754809828016077,90.4146061069862,203.94377015564154,2.536220597802022
-57.57432272421033,79.43437989027352,-3.257158093369401,98.15921976334681,125.93473441726114,-1.9015603082098895,3.4812604896401353,-22.70866140922857,-2.4543412398612716,3.4812604896401353,-22.70866140922857,-2.4543412398612716,-61.05558321385047,102.14304129950209,-0.8028168535081295,75.05453910081872,207.2190875018463,4.196304385900072
-55.55096294275404,78.75299960557355,-3.4960122820342536,96.43737103747091,125.19846139413738,-2.077520839865422,4.951107146723416,-22.193386434137267,-2.080425062550742,4.951107146723416,-22.193386434137267,-2.080425062550742,-60.502070089477456,100.94638603971082,-1.4155872194835117,73.60344820686265,202.6223201151903,3.1500133473985117
-55.35582059320268,78.4516123107214,-3.4774073761004916,96.0781697877199,125.20697095530235,-2.074189093532828,16.670631462134452,-6.532543021281072,12.00098871633871,16.670631462134452,-6.532543021281072,12.00098871633871,-72.02645205533713,84.98415533200247,-15.478396092439201,74.52340693027041,146.60516541727682,-35.906722696378175
-53.848094875545485,77.82796567080737,-3.9373986984409566,94.72229236400797,124.67882482114287,-2.3823467524679045,3.9009062732134225,-14.985790667216037,-18.188824801076702,3.9009062732134225,-14.985790667216037,-18.188824801076702,-57.74900114875891,92.81375633802341,14.251426102635746,70.834547821706,200.08813360827773,47.20800352396604
-53.83995864475742,76.51871917763597,-2.9094327587359174,93.6072664403395,125.13091402834725,-1.781112466380661,6.160147878260659,-20.860173281040147,-2.7986981744644184,6.160147878260659,-20.860173281040147,-2.7986981744644184,-60.000106523018076,97.37889245867612,-0.11073458427149907,71.67721941191726,198.67869302644027,5.5509323041114005
-57.182867119237926,92.31833102188185,-3.519794478050942,108.65055677634557,121.77447461503476,-1.8564530673315802,6.07846505246448,-19.804714863301342,0.4158010046822329,6.07846505246448,-19.804714863301342,0.4158010046822329,-63.261332171702406,112.12304588518319,-3.935595482733175,87.92985797813425,194.71217216325283,-3.0062811739815833
-53.82231859731928,74.30227388021564,-3.8645642726479252,91.8292150678603,125.91843487311478,-2.4119626236751,5.468531323021352,-19.806560245574076,-0.8880081810987794,5.468531323021352,-19.806560245574076,-0.8880081810987794,-59.290849920340634,94.10883412578971,-2.9765560915491456,71.26241604316715,200.48376711230168,0.06265399509617176
-57.67675435085425,90.2733583788336,-4.1720051382965835,107.2067761492532,122.57500756310617,-2.230256987247206,6.709356674114133,-18.690161581247878,-0.25739308868529087,6.709356674114133,-18.690161581247878,-0.25739308868529087,-64.38611102496839,108.96351996008148,-3.914612049611293,87.34717247456379,192.8279865638196,-1.4876464695617828
-54.7165407272787,71.0357212126803,-3.1109089180414085,89.71984881653522,127.6059086147568,-1.987048446891043,3.919708545540061,-18.276452511982825,-6.131978688325458,3.919708545540061,-18.276452511982825,-6.131978688325458,-58.63624927281876,89.31217372466313,3.0210697702840497,70.04768589176203,205.5011832335352,16.175169151716446
-56.39605461936844,65.53085324417995,-4.249864517076997,86.5613600398847,130.71538851242974,-2.814156699665037,6.600097764972816,-14.134985694520225,-2.416256861878401,6.600097764972816,-14.134985694520225,-2.416256861878401,-62.99615238434126,79.66583893870018,-1.833607655198596,70.77537231931223,195.68594387841767,5.9903400041308235
-56.24216274055243,64.87255694298928,-4.255301995599714,85.96358013211133,130.92410604208567,-2.83737049618073,6.826822359671951,-13.558589733914772,-2.1208086564146282,6.826822359671951,-13.558589733914772,-2.1208086564146282,-63.06898510022438,78.43114667690405,-2.1344933391850858,70.63587030773577,194.19860721719888,5.115838963984238
-57.569699178483006,83.3712161714246,-2.957427456107456,101.35963854790317,124.62595110488775,-1.671988631896902,6.2826830710259856,-12.688761765513192,-2.2521827080688386,6.2826830710259856,-12.688761765513192,-2.2521827080688386,-63.85238224950899,96.0599779369378,-0.7052447480386173,87.02265460205771,188.28420904024603,7.365983881803411
-54.11155449106877,85.04159612714321,-2.79747695820517,100.83629940960613,122.46839893133031,-1.589746864148339,6.346312027049635,-12.211942840705092,-2.8020777956277487,6.346312027049635,-12.211942840705092,-2.8020777956277487,-60.45786651811841,97.2535389678483,0.004600837422578774,86.79141193187698,185.00836602302357,9.918486063222872
-44.391738919582735,89.12406935030839,-3.044672867849485,99.61423720902145,116.47740092721172,-1.7514974057263366,5.361928258375883,-11.80970765302223,-2.7916280160162863,5.361928258375883,-11.80970765302223,-2.7916280160162863,-49.75366717795862,100.93377700333062,-0.2530448518331987,86.34726104722677,182.0580611603971,10.395428804960437
-38.11970281320657,73.04945948811621,-3.099924726150105,82.4557142190941,117.5570908763661,-2.154544061941731,5.27743717914359,-11.53997609723416,-2.646035953793387,5.27743717914359,-11.53997609723416,-2.646035953793387,-43.39713999235016,84.58943558535037,-0.4538887723567182,69.49331097844038,182.9816263711925,9.624123685796734
-23.558771728771262,94.17225306902162,-3.593167507950252,97.1408247144546,104.04523818146221,-2.119812231325213,4.694107155475876,-10.873486330474748,-3.279552535807783,4.694107155475876,-10.873486330474748,-3.279552535807783,-28.25287888424714,105.04573939949637,-0.31361497214246903,84.85169082303514,170.69527806691315,13.358050692355375
-23.133423065767374,76.35415382349811,-3.5339918384703486,79.85988459268248,106.85551261018081,-2.536304212011902,4.668116826541109,-10.454265341328522,-4.7234206819059015,4.668116826541109,-10.454265341328522,-4.7234206819059015,-27.801539892308483,86.80841916482663,1.1894288434355529,67.47466430915924,172.79343772260518,19.882611658746722
-3.116621540563983,91.71956062598883,-2.8943863082634245,91.8181278580271,91.94615608285883,-1.8064362798520373,3.922236150014214,-9.641261376464513,-3.7338630508432153,3.922236150014214,-9.641261376464513,-3.7338630508432153,-7.038857690578197,101.36082200245335,0.8394767425797909,80.76011761077932,159.8087922956205,17.92802059670174
1.9992457566023631,89.81699872331228,-2.788911503191133,89.88252483453836,88.72485795583786,-1.778082117661763,3.8087937220370804,-9.617966152927266,-3.1013323779491717,3.8087937220370804,-9.617966152927266,-3.1013323779491717,-1.8095479654347173,99.43496487623955,0.3124208747580388,79.08296720219066,157.1208847607583,14.910651231198981
4.26007845369918,88.929714276813,-3.1703191369979997,89.08812083110568,87.25740639647498,-2.0393770283308177,3.8839736301119956,-9.279889400643242,-3.146202162885707,3.8839736301119956,-9.279889400643242,-3.146202162885707,0.376104823587184,98.20960367745624,-0.024116974112292855,78.54771350988119,154.54631038139237,15.32753166510959
0.9987302127967723,71.09177293150935,-2.676301014115614,71.14914073761815,89.19513525050601,-2.1557103146692307,3.876909847146635,-9.165932107390887,-2.9611852858524736,3.876909847146635,-9.165932107390887,-2.9611852858524736,-2.8781796343498627,80.25770503890024,0.2848842717368596,60.76581951281966,156.2682548004727,14.414299530884227
14.543015647708785,83.22826293320884,-2.174360296020513,84.51728165118514,80.08840377816644,-1.4742004540620772,3.939317006508645,-8.5461427087956,-3.0795435910252156,3.939317006508645,-8.5461427087956,-3.0795435910252156,10.60369864120014,91.77440564200444,0.9051832950047025,74.61584931005929,145.34121679403367,16.6465113536509
14.489598972759723,82.64892284517646,-2.8566661566741836,83.95804587643771,80.05624150009407,-1.9498609092370929,3.895457402667944,-8.37301959284332,-3.0288900614935548,3.895457402667944,-8.37301959284332,-3.0288900614935548,10.594141570091779,91.02194243801978,0.17222390481937122,74.23918686507464,145.10654365759518,16.20888187569284
15.350818960487914,80.7241347525852,-2.3905251123455775,82.2055240517568,79.23296777097939,-1.6663881506270906,3.9170522897725277,-7.7597685029167565,-3.1844326870890702,3.9170522897725277,-7.7597685029167565,-3.1844326870890702,11.433766670715386,88.48390325550196,0.7939075747434927,72.94820708633574,142.44878747482505,18.4538198663109
15.302401258164195,80.1622420127809,-2.4156554145582128,81.64547703249337,79.19266520848124,-1.6954651564833134,3.8788647267949727,-7.465124649919602,-3.355076498249798,3.8788647267949727,-7.465124649919602,-3.355076498249798,11.423536531369223,87.6273666627005,0.9394210836915851,72.58842365312546,141.73636162706094,20.047165606898545
15.213911836523039,78.54530267726261,-2.4539921132544826,80.04279957200528,79.03778474928723,-1.7568779161162096,3.942476497722282,-6.635094978124215,-3.68434458845167,3.942476497722282,-6.635094978124215,-3.68434458845167,11.271435338800757,85.18039765538683,1.2303524751971873,71.49048986349526,138.31962188412376,23.761533966784345
4.356752127914774,63.70009465757073,-3.2471761437190025,63.931428119477346,86.08736272107966,-2.911393994337601,3.8714680891930584,-6.393246286649656,-3.5525063583274594,3.8714680891930584,-6.393246286649656,-3.5525063583274594,0.48528403872171566,70.09334094422039,0.3053302146084569,55.65603298248499,144.89011338151172,22.510824743476846
13.91085685940368,76.89832869100735,-2.985362695930604,78.20343524717617,79.74612288887374,-2.1877588085361124,3.925149420276284,-5.563844758290912,-3.1108147476255157,3.925149420276284,-5.563844758290912,-3.1108147476255157,9.985707439127395,82.46217344929826,0.12545205169491158,70.71742597254253,134.54413784628088,22.366228806696913
13.590801529746841,76.30925076205483,-2.7798532778432303,77.5599073125637,79.90141642795332,-2.053999113289369,3.881657415644213,-5.23628241358665,-3.0315464647408836,3.881657415644213,-5.23628241358665,-3.0315464647408836,9.709144114102628,81.54553317564148,0.2516931868976533,70.37129188432263,133.3518672555109,22.88890661606081
2.632682380956453,61.2948081188631,-2.895655453349742,61.41961689356064,87.5405921184437,-2.7022369577835175,3.7958732800500457,-4.278151785338935,-3.3096186060491704,3.7958732800500457,-4.278151785338935,-3.3096186060491704,-1.1631908990935926,65.57295990420204,0.4139631526994285,54.81168136314696,135.9589279881725,27.35435610516933
12.562650828320557,74.74003501648019,-2.548596822624951,75.83131527188014,80.45864869121438,-1.9260030669109116,3.7925047259625444,-3.9011447099449015,-3.195436683474041,3.7925047259625444,-3.9011447099449015,-3.195436683474041,8.770146102358012,78.6411797264251,0.6468398608490897,69.52157377618708,126.26765343606336,28.500261921832944
-0.1631304666525466,59.59688983860826,-3.1125204325938904,59.67833504235581,90.15683140397861,-2.9896147811038705,3.6539179222427265,-2.9685660063028365,-3.2079831644854244,3.6539179222427265,-2.9685660063028365,-3.2079831644854244,-3.817048388895273,62.5654558449111,0.09546273189153398,53.98143621054518,129.24840157222565,31.281564205557476
-0.8934520226104041,59.0482941266979,-3.076634340411093,59.135141622002806,90.86686880245617,-2.982283981119747,3.5783782738451464,-2.4882429632615413,-3.3675674047744324,3.5783782738451464,-2.4882429632615413,-3.3675674047744324,-4.4718302964555505,61.53653708995944,0.29093306436333943,53.6272695882091,125.6798794216279,34.70923278472524
6.962734465472295,73.09933140481621,-3.2117156284933954,73.50038802854128,84.55897402696755,-2.504427066725967,3.4557213331397634,-1.384252565188092,-3.285927624387927,3.4557213331397634,-1.384252565188092,-3.285927624387927,3.5070131323325313,74.4835839700043,0.07421199589453176,68.53495899881356,106.38845008287987,38.92989357450279
-3.5130233952029357,57.546016063928164,-3.206322009444335,57.742235833342725,93.49341175406111,-3.183168347848527,3.3739106770979106,-1.0367450289346039,-3.2490094518793025,3.3739106770979106,-1.0367450289346039,-3.2490094518793025,-6.886934072300846,58.58276109286277,0.04268744243496725,52.94492659477399,110.57470922874501,39.44646767129609
-4.0387474207918785,56.76240097829566,-3.4481407930802668,57.01027381515263,94.06983955258933,-3.4675253035901945,3.241198532899716,0.18241156371101397,-2.9854354657523556,3.241198532899716,0.18241156371101397,-2.9854354657523556,-7.279945953691595,56.579989414584645,-0.46270532732791114,52.599892105094106,90.84868565230448,39.1351938662657
4.701284779784714,71.13575219039694,-2.7524696315923265,71.34404955808884,86.21888260567246,-2.211032910958747,3.124874979591823,0.6984266002183404,-2.793811319449962,3.124874979591823,0.6984266002183404,-2.793811319449962,1.5764098001928915,70.4373255901786,0.04134168785763537,67.09457605627026,73.62003015626044,38.89456104724804
2.608409747466794,70.59747001588994,-2.5195373277322624,70.69055553891903,87.88401880596774,-2.042556260096396,2.8044317571755073,1.8216728642748024,-3.0201728206527507,2.8044317571755073,1.8216728642748024,-3.0201728206527507,-0.19602200970871309,68.77579715161514,0.5006354929204884,66.18447371856786,54.877501191707246,40.04331796424393
-7.098899028952815,54.52781617588789,-4.224434014614893,55.150004053295625,97.41753721610365,-4.393101404438581,2.7522690264122502,2.198640068463135,-2.854955894076194,2.7522690264122502,2.198640068463135,-2.854955894076194,-9.851168055365065,52.32917610742476,-1.369478120538699,50.615715123207444,58.798056054585274,34.63024171624857
-9.884951539326948,53.287604235424624,-3.5555758157243247,54.31319500330882,100.5090204629748,-3.75351290824236,2.4172627811881284,3.221525732737547,-3.1834671024304937,2.4172627811881284,3.221525732737547,-3.1834671024304937,-12.302214320515077,50.06607850268708,-0.372108713293831,49.17940009191386,47.391647202489786,34.56993695135151
-2.628506500762228,68.65032642734263,-4.680252475558717,68.859865874399,92.19268876434184,-3.8972717430844095,2.458643295630509,3.6175127909794753,-2.7658776742093787,2.458643295630509,3.6175127909794753,-2.7658776742093787,-5.087149796392737,65.03281363636316,-1.9143748013493385,63.68479051680866,36.39468379578665,28.410115976991506
-10.92603480940636,66.87446878231526,-4.013259536693397,67.87988703351,99.27907269760192,-3.389472442196256,2.183415250485723,4.795462418125339,-2.3576595064328174,2.183415250485723,4.795462418125339,-2.3576595064328174,-13.109450059892083,62.07900636418992,-1.6556000302605796,62.10733817637772,33.75925462053681,20.716529501830188
-14.784722142078294,65.62899185452989,-4.026450339829331,67.39410124780596,102.69550518047633,-3.4251673654160193,2.0351032116027454,5.320216004489708,-2.2021084678894356,2.0351032116027454,5.320216004489708,-2.2021084678894356,-16.81982535368104,60.30877585004018,-1.8243418719398958,61.28708682825081,33.62849064413636,17.711067211684156
-26.25120450122438,60.502371321009036,-4.626242011364532,66.11402868059149,113.45540472757588,-4.01247559480148,1.9298839304276498,6.236179567396306,-2.86113525998092,1.9298839304276498,6.236179567396306,-2.86113525998092,-28.18108843165203,54.26619175361273,-1.765106751383612,58.986582955954916,40.6509096960568,19.65481994349627
-30.78663630844278,57.70049769077053,-3.130606315502754,65.4749196628267,118.08256512848523,-2.740575254396894,1.8301714409540182,6.205920053535749,0.0785268574975011,1.8301714409540182,6.205920053535749,0.0785268574975011,-32.6168077493968,51.494577637234784,-3.209133173000255,59.00428308815266,44.51374079138148,-3.435926926501678
-37.59844407181504,32.80138929056966,-4.3418450052345605,50.08418666667536,138.89811702833356,-4.973267333815005,1.9128788121424805,7.314074309536863,-0.9019344176605633,1.9128788121424805,7.314074309536863,-0.9019344176605633,-39.51132288395752,25.487314981032796,-3.4399105875739973,42.47049675644579,63.55462669517168,1.8300924473074929
-45.16345732146192,42.488944988536616,-3.5375788102705066,62.10928100779527,136.74770725273032,-3.265181692658955,1.6448131099150487,7.920003785100931,-3.0312340708406715,1.6448131099150487,7.920003785100931,-3.0312340708406715,-46.80827043137697,34.568941203435685,-0.506344739429835,53.470979663503854,58.48002331660746,17.277574724470465
-45.022582607424056,39.10712136860309,-4.070813010656053,59.77433734428766,139.02205213691803,-3.905038317108196,0.522194084430339,7.99820814754122,-0.6436787973799476,0.522194084430339,7.99820814754122,-0.6436787973799476,-45.544776691854395,31.10891322106187,-3.427134213276106,51.73329620352701,52.757528001530645,0.68635463229589
-41.57899830712108,21.50905463269379,-3.6244079891266416,46.953049578141666,152.6472148815777,-4.427189912852225,1.2250486434943468,8.162262832939234,-1.8781622116848538,1.2250486434943468,8.162262832939234,-1.8781622116848538,-42.80404695061543,13.346791799754556,-1.7462457774417879,38.48837167367835,71.18284930673805,8.39242377590153
-45.216982350142644,35.80969064411781,-3.3753932753530886,57.778047013063954,141.62245760079742,-3.34912609178735,-0.6425877033802863,7.9556517323658795,-0.5348664294004997,-0.6425877033802863,7.9556517323658795,-0.5348664294004997,-44.57439464676236,27.85403891175193,-2.840526845952589,49.77858480985733,47.004632341976944,0.4846902936238746
-41.5504076757245,19.03212215704815,-3.208370354199049,45.81431754538544,155.38990021225285,-4.015702417421231,-0.6222094545935306,7.77736850767343,-0.9766758765876733,-0.6222094545935306,7.77736850767343,-0.9766758765876733,-40.92819822113097,11.25475364937472,-2.231694477611376,37.95120739243424,60.815832740074626,3.119426556084017
-33.35478851283017,41.686351122514225,-5.008724043253842,53.622580161594605,128.66459136611638,-5.359639597720099,-3.071563811912256,6.6440193980688775,-0.13833773387888715,-3.071563811912256,6.6440193980688775,-0.13833773387888715,-30.283224700917913,35.04233172444535,-4.870386309374955,46.301607866798015,13.85325160555331,-4.276909088114223
-31.149562917831076,18.57694362669497,-4.462911707642732,36.54197155862741,149.18903931936325,-7.015111251347638,-3.153716314579242,5.18499615523811,-1.1295676369832393,-3.153716314579242,5.18499615523811,-1.1295676369832393,-27.995846603251834,13.39194747145686,-3.333344070659493,30.36896299155113,27.879445730567866,3.5285617043625246
-32.8913700039692,11.164229380822462,-4.2155006652793645,34.989322432202016,161.2513843146615,-6.919784261612026,-1.1003244083005939,5.118874658277804,0.08078655154749637,-1.1003244083005939,5.118874658277804,0.08078655154749637,-31.791045595668606,6.045354722544658,-4.296287216826861,29.752900176732954,59.120003800437146,-7.8037679929894255
-28.488604548333228,25.90529817698166,-4.028683710891961,38.71582822557265,137.71908085748362,-5.972884815885516,-1.3119029026220232,4.7793263545634375,0.4975629178777081,-1.3119029026220232,4.7793263545634375,0.4975629178777081,-27.176701645711205,21.125971822418222,-4.52624662876967,33.73480237876361,32.3697140139851,-11.705816370978525
-30.204842429609016,21.17984436724055,-3.9686035673126057,37.10347864948146,144.96159596718405,-6.140126390914368,-2.2658868345197334,3.9436301838521786,-1.2029393744441115,-2.2658868345197334,3.9436301838521786,-1.2029393744441115,-27.938955595089283,17.23621418338837,-2.765664192868494,32.39885057571964,25.081265062215536,8.674512384287755
-34.49755316666142,3.323772968220169,-4.33165745851489,34.92695087706355,174.49664888922797,-7.124193672253425,-0.9008187632427962,4.23635134174765,-2.543004549042314,-0.9008187632427962,4.23635134174765,-2.543004549042314,-33.59673440341862,-0.9125783735274808,-1.7886529094725758,29.904499357000134,72.49206183774925,23.295310584723747
-35.5761992318952,-2.247280030862271,-3.8463736106696302,35.85402082441339,-176.38553826434608,-6.158469563741539,-0.7312226449569152,3.8028576609492006,-3.0831557478083624,-0.7312226449569152,3.8028576609492006,-3.0831557478083624,-34.84497658693829,-6.0501376918114715,-0.7632178628612678,30.904044833443173,-277.269668534846,32.3670221138741
-32.93501061299753,13.387959682965516,-2.9274730835923735,35.67243315511472,157.8784402461768,-4.707295855189723,-0.7044378067819252,3.798758771203282,-2.9399705657273563,-0.7044378067819252,3.798758771203282,-2.9399705657273563,-32.230572806215605,9.589200911762234,0.012497482134982807,30.81751526160088,57.37290675671119,32.5622467573317
-36.782181430846435,-5.360857770357711,-4.218603063883741,37.409414305176156,-171.70775173769135,-6.474931487074506,-0.7255762774768755,3.581641533613393,-3.0535072171823527,-0.7255762774768755,3.581641533613393,-3.0535072171823527,-36.05660515336956,-8.942499303971104,-1.165095846701388,32.64721698302261,-273.1598637623613,33.406212410433085
-33.75683497177715,10.939550867363778,-2.703787727531204,35.58803378337984,162.0440870113537,-4.3572243253464515,-0.7242880318774496,3.7165044732519874,-3.089447272615443,-0.7242880318774496,3.7165044732519874,-3.089447272615443,-33.0325469398997,7.22304639411179,0.38565954508423905,30.701144885206084,61.016269492461575,34.854733248759615
-37.866428425977006,-8.1906526079581,-3.821040476895046,38.93011099663037,-167.79473694092084,-5.632723248511457,-0.7949366001762428,3.6291648218286383,-2.894477483749953,-0.7949366001762428,3.6291648218286383,-2.894477483749953,-37.07149182580076,-11.819817429786738,-0.9265629931450929,34.220465425439926,-270.14974559815533,32.28904797795667
-38.14946051179379,-9.355741507292464,-3.4692039285685645,39.432811368074994,-166.22077331171215,-5.047270277475851,-0.8265752947822875,3.5940212237545524,-3.1149274699307714,-0.8265752947822875,3.5940212237545524,-3.1149274699307714,-37.3228852170115,-12.949762731047016,-0.3542764586377931,34.60549447173683,-269.17278703034833,35.13872484494916
-35.533727869433505,5.098128054746212,-3.4447810663846052,36.06249079801432,171.83532426081848,-5.481396479662753,-0.9548585167144665,3.731746181252902,-3.1515350076753346,-0.9548585167144665,3.731746181252902,-3.1515350076753346,-34.57886935271904,1.3663818734933102,-0.2932460587092707,31.085558283619445,67.48273875177009,33.80731514975686
-35.731756156144,4.026802467063135,-4.093926674718457,36.19024415127441,173.5701611403213,-6.495338820575689,-1.0583176938584984,3.7976519774020403,-3.2615479045472298,-1.0583176938584984,3.7976519774020403,-3.2615479045472298,-34.6734384622855,0.22915048966109453,-0.8323787701712271,31.07361522040049,67.99823819468348,33.105909255997936
-36.33986870731019,2.4946849874669397,-4.4623192813561445,36.69770843281632,176.07288014543855,-6.984260122802949,-1.3882278896414846,4.170073388481157,-2.7505431635672997,-1.3882278896414846,4.170073388481157,-2.7505431635672997,-34.951640817668704,-1.6753884010142173,-1.7117761177888449,31.512905983971816,67.66015021822737,25.05505515339602
-36.749196637753016,2.018274304167676,-2.5404110274440996,36.89214784849834,176.85646066340803,-3.94853961875777,-1.4307217698410568,4.167046509572117,-3.3511515159328575,-1.4307217698410568,4.167046509572117,-3.3511515159328575,-35.31847486791196,-2.148772205404441,0.8107404884887579,31.35667516060859,67.90696562874994,33.30878389935657
-41.351411477197985,-13.114701354247472,-4.934918973714538,43.66105871419943,-162.4034482503639,-6.489891954717661,-1.3690183333476398,4.301677051384132,0.18610759823903633,-1.3690183333476398,4.301677051384132,0.18610759823903633,-39.982393143850345,-17.416378405631605,-5.121026571953575,39.14295372542713,-270.05723604250824,-8.850659951075885
-42.128706534906655,-13.079702205999524,-1.708982955902421,44.14552238727593,-162.75199571240327,-2.2186165051369837,-1.635811601401656,4.593564648973995,-2.9319968074660583,-1.635811601401656,4.593564648973995,-2.9319968074660583,-40.492894933505,-17.67326685497352,1.2230138515636373,38.455766587720476,-272.35328868765225,28.799664335028986
-42.80076755010066,-13.738021918639902,-5.514095694520897,45.28845548749829,-162.20461310667258,-6.993399193103472,-1.827503355016006,4.882589548062569,-2.358290200590966,-1.827503355016006,4.882589548062569,-2.358290200590966,-40.97326419508465,-18.62061146670247,-3.155805493929931,39.5664818876249,-272.72497415584724,17.346333792780207
-43.166498382191094,-14.84281927710208,-3.3046207687632414,45.766542201675676,-161.02444592969758,-4.140704740423126,-1.5850411790463568,4.446095713918936,0.348345765177017,-1.5850411790463568,4.446095713918936,0.348345765177017,-41.58145720314474,-19.288914991021016,-3.6529665339402584,41.03352335439462,-270.645689087528,-8.361436939461225
-38.501699266846686,-3.762728912634998,-4.3106356842130005,38.92454951963725,-174.41827141832948,-6.358169198272662,-1.7451730828272503,5.152198431121462,0.06438914315892008,-1.7451730828272503,5.152198431121462,0.06438914315892008,-36.756526184019435,-8.91492734375646,-4.37502482737192,33.48442785514923,-283.13074367613814,-7.036336437886083
-41.87737551437863,-21.430380920803486,-3.8561296837377768,47.200058713107765,-152.8993004510361,-4.686148286314504,-1.741166941920028,5.7295995754952145,-2.6262727495733404,-1.741166941920028,5.7295995754952145,-2.6262727495733404,-40.1362085724586,-27.1599804962987,-1.2298569341644363,40.66115344002867,-259.80279290641613,18.994468661992123
-39.67798206035934,-27.38567241903627,-3.6221964260910404,48.3470539037711,-145.38663129174589,-4.296667480591527,-2.611860460153821,5.863022666898004,-0.5631200798549354,-2.611860460153821,5.863022666898004,-0.5631200798549354,-37.06612160020552,-33.24869508593427,-3.059076346236105,41.903921584765804,-259.39865645468774,0.7172945847057948
-39.11392313967144,-29.187646609756484,-3.0610122167720193,48.89976987454421,-143.26891234203035,-3.588929412785238,-2.086887454439193,5.852661170180795,0.5017674810774684,-2.086887454439193,5.852661170180795,0.5017674810774684,-37.02703568523225,-35.04030777993728,-3.5627796978494874,42.66594980772286,-252.89365702407514,-8.205728260135166
-39.677079868250075,-15.431845690319278,-3.362998944020088,42.70506164588457,-158.74714866038497,-4.516686129481961,-3.1074598813120247,6.757542456327755,-1.4588869077771571,-3.1074598813120247,6.757542456327755,-1.4588869077771571,-36.56961998693805,-22.189388146647033,-1.904112036242931,35.12554728329382,-273.4425129559579,6.5807247475749495
-40.064942861660825,-15.747941332667665,-2.498532691783626,43.12122410527327,-158.54217705932695,-3.321696093383219,-2.2388524194975616,6.987831345064421,-0.3583431210493828,-2.2388524194975616,6.987831345064421,-0.3583431210493828,-37.82609044216326,-22.735772677732086,-2.1401895707342433,35.77475169630321,-266.307273282231,-0.5258373926645721
-41.25355031347328,-16.35688632347194,-2.776210855437867,44.464710618411836,-158.37184975685474,-3.579663322584587,-2.314498796619091,7.1276959503163795,-2.4851740199282646,-2.314498796619091,7.1276959503163795,-2.4851740199282646,-38.93905151685419,-23.48458227378832,-0.29103683550960247,36.56932942754878,-266.36145175952,14.766844742907494
-41.64745194061345,-16.946512007211822,-3.5230360301570602,45.10106767279536,-157.85839902320524,-4.480180910568773,-2.7451910027498343,7.315695533510265,-0.7110287966068289,-2.7451910027498343,7.315695533510265,-0.7110287966068289,-38.902260937863616,-24.262207540722088,-2.812007233550231,37.25498350741675,-268.42683816717545,0.7192174039183064
-45.93343304802556,-33.64624085485525,-3.703865265039285,57.05846486843071,-143.77722268545438,-3.7218871781546845,-2.8755679824946583,7.334243922773425,-0.4553561856135271,-2.8755679824946583,7.334243922773425,-0.4553561856135271,-43.057865065530905,-40.980484777628675,-3.248509079425758,49.167496968580664,-255.18608821459415,-0.4137392361718799
-42.085770533477444,-20.15090533688408,-3.7930435921691164,46.81514975928921,-154.4146364433872,-4.647296192312475,-2.3395836062261424,7.855386881670867,-0.3626669503064761,-2.3395836062261424,7.855386881670867,-0.3626669503064761,-39.7461869272513,-28.006292218554947,-3.4303766418626402,38.610743514587924,-260.9998387455897,-2.113772371821676
-41.6398679909596,-23.704513283160736,-2.8566798085772955,47.999408077858824,-150.3482459393481,-3.411968630236803,-2.8335005485860165,7.990181057811796,-0.4101754646072371,-2.8335005485860165,7.990181057811796,-0.4101754646072371,-38.806367442373585,-31.694694340972532,-2.4465043439700587,39.51177221106897,-259.87391391159576,-0.6420005763522627
-41.42030305490209,-25.21396849181508,-3.479015730122189,48.615730609717396,-148.6696820503869,-4.1036808727949,-2.4604126884294146,7.901233160592469,-0.3687384229457624,-2.4604126884294146,7.901233160592469,-0.3687384229457624,-38.95989036647268,-33.11520165240755,-3.1102773071764265,40.33206692267728,-255.96606357372687,-1.5523775348150028
-42.56364412732228,-44.53536040762879,-3.4581074607354463,61.701058623371445,-133.7031800194172,-3.212892019402785,-3.042676639500769,8.424440051458546,-0.6437650195826918,-3.042676639500769,8.424440051458546,-0.6437650195826918,-39.52096748782151,-52.95980045908733,-2.8143424411527542,52.720885756793606,-243.5615092985165,0.8980182004765731
-39.95203286445337,-30.265248303417707,-4.404100504866026,50.314473922787386,-142.85462838481035,-5.021610906502557,-2.903400576974491,8.681078317720136,-1.1469827507814156,-2.903400576974491,8.681078317720136,-1.1469827507814156,-37.04863228747888,-38.94632662113784,-3.2571177540846104,41.0891595596149,-251.3472228742486,2.1204512216291844
-38.016738460874194,-34.78816927044659,-3.879958400218422,51.67729870629057,-137.53914576808845,-4.305848739805976,-3.1420800747550857,8.759881985653209,-0.8208268301380688,-3.1420800747550857,8.759881985653209,-0.8208268301380688,-34.87465838611911,-43.5480512560998,-3.0591315700803534,42.33481743610228,-247.2715367791232,0.7346356132533458
-37.68786607016784,-52.554737433979824,-2.910100781006058,64.73673116734487,-125.64492914694335,-2.5764770098823275,-3.28777658819331,8.88637919513188,-0.2616833909952878,-3.28777658819331,8.88637919513188,-0.2616833909952878,-34.40008948197453,-61.441116629111704,-2.64841739001077,55.25803461715046,-235.94836096967947,-0.9944811055157241
-26.900851517850924,-62.3418357023769,-3.5305697158838427,67.98989052532981,-113.34046845696136,-2.9765861374112137,-3.787684194455551,9.164260143630983,1.0801778757298404,-3.787684194455551,9.164260143630983,1.0801778757298404,-23.113167323395373,-71.50609584600788,-4.610747591613683,58.01507224225879,-225.79628609653548,-9.193364827076541
-7.075852429701399,-57.6220124082469,-2.876480321462971,58.126053888276594,-97.00074343179331,-2.8365511559993197,-5.021277908292177,9.61844576051827,1.5744044703585593,-5.021277908292177,9.61844576051827,1.5744044703585593,-2.054574521409222,-67.24045816876517,-4.45088479182153,47.16218230399488,-214.56740526029134,-11.092728298060887
33.68026826479161,-64.62551429064342,-0.7887752268846455,72.87962495839994,-62.47325197399849,-0.6201235786081244,-6.171961428783334,10.576723016831878,-0.4628273026753442,-6.171961428783334,10.576723016831878,-0.4628273026753442,39.85222969357494,-75.2022373074753,-0.3259479242093013,60.62505900259097,-182.73860593353623,1.5443234909864185
29.16815412703022,-53.2097242613612,-0.5536449848753477,60.68247270767366,-61.26961978942596,-0.5227532707617577,-6.398233302939161,10.749799845145233,0.00021771964537364852,-6.398233302939161,10.749799845145233,0.00021771964537364852,35.56638742996938,-63.959524106506436,-0.5538627045207214,48.17265311836998,-182.0305404277214,-0.5237504407615785
47.67094399989122,-40.015622703205395,0.5399256515202069,62.24195114129394,-40.01054350648209,0.4970256957990259,-7.32413366938772,11.274717040158805,-0.21441497933854126,-7.32413366938772,11.274717040158805,-0.21441497933854126,54.99507766927894,-51.2903397433642,0.7543406308587481,48.7954589546279,-163.0185737193219,1.4106910508214945
54.174417376284964,-31.742067952753246,0.5378175402920817,62.79104732112514,-30.36704277204284,0.4907555027007584,-7.89076585424732,11.45745509979254,-0.8118133221129096,-7.89076585424732,11.45745509979254,-0.8118133221129096,62.065183230532284,-43.199523052545786,1.3496308624049913,48.855606746809684,-154.9222833689095,3.830429319692149
62.67454805161117,-10.6304082777865,1.3295113744739515,63.583583998709955,-9.626484541461743,1.1981228125023213,-9.094561704758007,11.935461607967966,-3.9417545106599237,-9.094561704758007,11.935461607967966,-3.9417545106599237,71.76910975636918,-22.565869885754466,5.271265885133875,48.06895461160451,-136.93309544470912,15.916427189722343
58.662632331128066,52.38561247001337,-0.21933476486417547,78.64861685760665,41.76478953623063,-0.15978631435650306,-16.091172326420747,15.737512995231782,-18.19006032195676,-16.091172326420747,15.737512995231782,-18.19006032195676,74.75380465754881,36.64809947478159,17.970725557092585,49.70948354940124,-93.8718171287712,38.78437567276845
56.43126216455789,54.916647425051565,0.7022945865805674,78.74527751921906,44.220679752903045,0.5110026976379924,-16.406065124336465,15.739869625507112,-18.971525531647536,-16.406065124336465,15.739869625507112,-18.971525531647536,72.83732728889436,39.17677779954445,19.673820118228104,49.13410986764063,-91.96655364282964,40.354158268101486
45.588233824490885,64.95185002114545,-2.9479204059493966,79.40856451999142,54.93585183515337,-2.1275062511748764,-36.105232871611406,10.352628222832493,-0.03964712250914504,-36.105232871611406,10.352628222832493,-0.03964712250914504,81.69346669610229,54.59922179831295,-2.9082732834402516,41.84839514167524,-109.06470641053583,-2.067026938939207
45.89209550629232,65.58041172238853,-0.5257459531177773,80.04468277433467,55.016302638340356,-0.37633031649056004,-36.63384669662514,9.980371490901803,-0.3241811138306081,-36.63384669662514,9.980371490901803,-0.3241811138306081,82.52594220291746,55.60004023148673,-0.20156483928716917,42.074278084855756,-109.74412356924731,0.11285159858723814
47.95493199611428,66.24378233425597,-2.1120109240800673,81.80693608028393,54.0986204852518,-1.4793703878172453,-38.35178988836833,8.328366773817436,-0.23805430511256875,-38.35178988836833,8.328366773817436,-0.23805430511256875,86.30672188448261,57.91541556043853,-1.8739566189674985,42.56055853263044,-113.64941507265765,-1.131832819539533
50.598078566447725,80.4505699075587,-3.6089617320797522,95.1077513026726,57.83282705050389,-2.174669555381939,-38.72926380107356,8.075656630928535,0.6091865303941251,-38.72926380107356,8.075656630928535,0.6091865303941251,89.32734236752128,72.37491327663017,-4.2181482624738775,55.54080533987911,-110.3888743271252,-3.056850259581398
51.336143430164725,65.00515953992249,-3.4822940408798786,82.9047451047307,51.70099781368699,-2.407334670342407,-39.7683947308949,6.509262159799718,0.6673180969744992,-39.7683947308949,6.509262159799718,0.6673180969744992,91.10453816105962,58.49589738012277,-4.149612137854378,42.6016307488919,-119.00329888133501,-3.3560518693953894
52.80619629944715,64.34033242971452,-2.5299409256903154,83.27408568017665,50.62316418992047,-1.7409647239980017,-36.666913262542494,-0.8872388203099746,-19.926656371396167,-36.666913262542494,-0.8872388203099746,-19.926656371396167,89.47310956198965,65.2275712500245,17.39671544570585,41.532962611064306,229.237033824548,26.773896214598697
55.38612155593114,63.38799585319725,-3.5689476179468773,84.25199028149413,48.85422245347328,-2.4277983167573645,-40.9539263567965,5.2264643696417465,0.08930304480772167,-40.9539263567965,5.2264643696417465,0.08930304480772167,96.34004791272764,58.16153148355551,-3.658250662754599,42.96581839696531,-123.87310791562814,-2.5517306486131583
59.50256880293978,77.19280885990736,-0.459544533800873,97.46536110336493,52.373869425307376,-0.2701478714480262,-41.28612944745464,4.454835230443351,0.6661531686185824,-41.28612944745464,4.454835230443351,0.6661531686185824,100.78869825039442,72.73797362946401,-1.1256977024194554,55.93424262906374,-121.46765684711572,-1.189203347857577
57.72760161461645,62.63873209445603,-0.16305682623490725,85.18282299915568,47.33645944427288,-0.10967555829344071,-41.96350518604004,3.2314029461050495,0.05713948454956164,-41.96350518604004,3.2314029461050495,0.05713948454956164,99.69110680065648,59.40732914835098,-0.22019631078446888,43.095045706697,-128.26016461114315,-0.18746185456644643
52.14888093467266,68.5499350035052,-1.911702142056022,86.15250418184833,52.738192366575504,-1.2714831233902506,-43.02046004404974,1.8905665067499342,-0.4410733868467267,-43.02046004404974,1.8905665067499342,-0.4410733868467267,95.1693409787224,66.65936849675526,-1.4706287552092954,43.0882641461678,-124.7455204737607,-0.684636928793257
50.25450991510888,70.39639886096074,-2.15938630200724,86.52070092527308,54.47775603851541,-1.4301383180454135,-43.25451324670962,1.8797130389147725,-0.24868252222354825,-43.25451324670962,1.8797130389147725,-0.24868252222354825,93.5090231618185,68.51668582204597,-1.9107037797836919,43.22464936955608,-123.0339047098601,-1.1010427817058268
46.303519075325426,73.71568004308472,-1.946011882125113,87.07355698039925,57.865565072638255,-1.2806132601841578,-43.8134699423224,0.6059223124465518,-0.2491855348763743,-43.8134699423224,0.6059223124465518,-0.2491855348763743,90.11698901764782,73.10975773063817,-1.6968263472487386,43.255188872192605,-121.34210831564121,-0.9547828599436031
45.21616443532707,74.65135862657996,-2.7887320245527825,87.3218408952855,58.7968022972628,-1.830123449622884,-44.00278516481353,0.3002387438632468,-0.581581653913847,-44.00278516481353,0.3002387438632468,-0.581581653913847,89.2189496001406,74.35111988271672,-2.2071503706389355,43.31418834729995,-120.81226458666877,-1.0729109580836327
40.40750985607497,92.84099632944515,-2.3365934456900597,101.28019115870232,66.47971191510668,-1.3219645444402763,-44.36664839098853,-0.6648180806046895,-0.8461586711314673,-44.36664839098853,-0.6648180806046895,-0.8461586711314673,84.7741582470635,93.50581441004984,-1.4904347745585924,56.90049470833625,245.6212197609313,-0.2294771599064016
34.31890275529952,96.19936818811641,-1.5975329367411772,102.15017199008751,70.36625842087588,-0.8960888140003955,-44.70511289232945,-2.3361983277690683,-0.8336449468989016,-44.70511289232945,-2.3361983277690683,-0.8336449468989016,79.02401564762897,98.53556651588548,-0.7638879898422757,57.37629673631836,247.37481857114489,0.17076316054632135
35.452382144393255,81.08230211458476,-3.76227776036811,88.57406985037467,66.38315297655161,-2.434431547856799,-44.79932933919804,-3.0607837871325074,-1.7448164644027853,-44.79932933919804,-3.0607837871325074,-1.7448164644027853,80.2517114835913,84.14308590171727,-2.0174612959653246,43.63641647230035,242.47465954678557,-0.2092206649933135
29.531801456315407,98.73868926284712,-3.174925154895362,103.10934101399107,73.34857685729045,-1.76452073132179,-44.85593855270008,-4.39790069101187,-1.9178546012343718,-44.85593855270008,-4.39790069101187,-1.9178546012343718,74.38774000901549,103.13658995385899,-1.25707055366099,57.99753634821557,247.74890901185626,0.6720499822498274
31.001695405409464,83.92488827021108,-0.7830332790952248,89.47125309446253,69.72586520071536,-0.5014468145016096,-44.89544341038072,-4.999692343753054,-1.6593467743461208,-44.89544341038072,-4.999692343753054,-1.6593467743461208,75.89713881579019,88.92458061396414,0.876313495250896,44.26781081110966,243.37141632059337,1.6022631495079909
27.97732429031521,85.78623676708904,-3.1579723719638686,90.28832639165823,71.93738410020906,-2.004416388812081,-44.93719451438983,-6.406937259347089,-1.889573942864598,-44.93719451438983,-6.406937259347089,-1.889573942864598,72.91451880470504,92.19317402643613,-1.2683984290992707,44.85738114995244,243.823103721569,0.37932998664118855
26.148039648894155,86.59281780796462,-0.7922196857200383,90.4580769496784,73.19749770842279,-0.5017951545897701,-44.957066976602164,-6.732600994130493,-1.5630288561013268,-44.957066976602164,-6.732600994130493,-1.5630288561013268,71.10510662549632,93.32541880209511,0.7708091703812885,44.97281728800487,244.68039207240045,1.4674711929438922
16.080903767659493,103.349344098988,-2.5448717546726183,104.62389193641901,81.15583672070993,-1.393800119349374,-44.86941806544405,-8.340676111815682,-0.7515731305975959,-44.86941806544405,-8.340676111815682,-0.7515731305975959,60.950321833103544,111.69002021080368,-1.7932986240750224,58.97965442822477,250.62544412741624,-0.4503313085137173
12.314508848339074,103.92293108395415,-3.2597720004503437,104.70075857772487,83.2421601173268,-1.7841452874229438,-44.98972517514494,-7.362191598675409,1.3947994014248193,-44.98972517514494,-7.362191598675409,1.3947994014248193,57.304234023484014,111.28512268262956,-4.654571401875163,59.09130010866505,253.94855809601017,-3.5366015414409766
8.9399192262224,91.46217837516443,-3.718495268914293,91.97325391637894,84.4173898662308,-2.3171102655040063,-44.29168380669853,-11.427997027024688,0.7883262684641552,-44.29168380669853,-11.427997027024688,0.7883262684641552,53.23160303292093,102.89017540218912,-4.506821537378448,46.22422301092919,249.94966083816462,-3.304453663043212
6.368078167991143,91.77588880495193,-3.111736662308541,92.04916670208428,86.0307643336395,-1.9372620026770442,-44.0232924634181,-12.157409261584618,1.6252903801309262,-44.0232924634181,-12.157409261584618,1.6252903801309262,50.391370631409245,103.93329806653655,-4.737027042439467,46.34911803588421,250.59281761713572,-3.9753762639545567
0.7705994890975489,92.25560801469594,-3.6831261456760283,92.33231531776288,89.52142669074307,-2.286129050111867,-43.724282446581356,-12.659375370114745,1.7938166694976834,-43.724282446581356,-12.659375370114745,1.7938166694976834,44.494881935678904,104.91498338481068,-5.476942815173712,46.77695955717576,253.3742511729041,-4.542827546453668
-7.477131029845168,104.48261232084485,-2.6040037967234957,104.78217692717968,94.09330262861872,-1.4240378809105476,-43.47288517118022,-13.269181581206766,0.9514454962900867,-43.47288517118022,-13.269181581206766,0.9514454962900867,35.995754141335055,117.75179390205162,-3.5554492930135826,59.31935504518396,257.11959789794844,-2.623210946624557
-9.461869394157247,104.3113688720884,-2.2583442079227174,104.76396693024964,95.18299807327928,-1.2351920116033246,-42.65005384354026,-14.535629199959416,1.7686497558024417,-42.65005384354026,-14.535629199959416,1.7686497558024417,33.188184449383016,118.84699807204781,-4.026993963725159,59.67028964557594,256.3632971175436,-3.4830052779468597
-1.647774948811957,91.44979688853496,-3.7718703516751297,91.54238100020164,91.03226402037554,-2.3614575733597656,-42.374062366799535,-14.631228740888417,1.352919584340072,-42.374062366799535,-14.631228740888417,1.352919584340072,40.72628741798758,106.08102562942338,-5.124789936015202,46.69302863770585,251.98311695931943,-4.090096658498878
-1.6405280503197446,91.09600313661977,-2.5537414860775938,91.1465562450312,91.03171567130279,-1.6055215405554768,-41.50329950970877,-15.030466593832287,1.7933423830320485,-41.50329950970877,-15.030466593832287,1.7933423830320485,39.86277145938902,106.12646973045206,-4.3470838691096425,46.96901813884335,251.12380445723835,-3.93202489920491
-9.258367686979,103.90118893811743,-4.619443441006947,104.41510279976903,95.09203081649798,-2.535658369669299,-41.28172260674387,-15.010619554725224,1.3124666210630183,-41.28172260674387,-15.010619554725224,1.3124666210630183,32.02335491976487,118.91180849284265,-5.931910062069965,60.46943305372634,255.1100470860506,-4.24708937276586
-10.474480275720225,103.51722527834565,-3.4574235937590903,104.10323935536731,95.77785770595001,-1.9032281409525569,-40.38941097264819,-15.33923250788527,1.389138058854498,-40.38941097264819,-15.33923250788527,1.389138058854498,29.914930696927968,118.85645778623092,-4.846561652613588,60.87678591311743,254.98190600793993,-3.7448192866745487
-3.0662427986874263,90.01047991446158,-3.423181994592699,90.12772333916074,91.95104905195434,-2.1767005865666986,-39.83098143748816,-15.7531060054379,1.8374110825413854,-39.83098143748816,-15.7531060054379,1.8374110825413854,36.764738638800736,105.76358591989948,-5.260593077134084,47.25531367305571,250.3723106442369,-4.633015868100873
-5.023379298457257,89.3730688688988,-3.8495464450686927,89.59686817324497,93.217030773706,-2.462482063954008,-39.00953633225822,-15.56857684517189,1.8098290669520185,-39.00953633225822,-15.56857684517189,1.8098290669520185,33.986157033800964,104.94164571407069,-5.659375512020711,47.55641157375761,251.46025227190532,-4.9298107215828955
-6.026194281194421,89.24083633242539,-2.877268870878328,89.49033781912303,93.86316548029733,-1.8424757668467198,-32.85514305450056,-15.46122264171538,18.62767882466969,-32.85514305450056,-15.46122264171538,18.62767882466969,26.828948773306138,104.70205897414077,-21.50494769554802,48.67979691234949,248.6620720291187,-29.00028276859053
-17.246482301358128,100.61057526482996,-2.9630786127578626,102.12104994444807,99.72700049523681,-1.6626907926143755,-37.1566138891169,-15.953522128907352,3.2075620612975397,-37.1566138891169,-15.953522128907352,3.2075620612975397,19.91013158775877,116.56409739373731,-6.170640674055402,61.55730654717855,256.4903042154557,-6.198066893682067
-18.318055118002803,100.18169277245873,-2.981643336421344,101.88627438005143,100.36197043895787,-1.676967518464174,-36.730894642134444,-16.004978628544563,3.0777642394416835,-36.730894642134444,-16.004978628544563,3.0777642394416835,18.41283952413164,116.1866714010033,-6.059407575863028,61.701817250144416,256.8174727145727,-6.0696053713046885
-9.51335511951197,86.49941968833423,-3.4709237353782068,87.09018798708233,96.27626374911995,-2.2840915796224595,-35.53364111515589,-16.01553895328378,2.4630647858318424,-35.53364111515589,-16.01553895328378,2.4630647858318424,26.020285995643917,102.51495864161801,-5.933988521210049,48.03632995738119,252.01446796510632,-5.900045232791657
-18.104984313855766,99.01945183644851,-2.8536683319107796,100.7014683206966,100.36165857277803,-1.6238595658898622,-34.80838213067955,-16.004052467371395,2.745199372301431,-34.80838213067955,-16.004052467371395,2.745199372301431,16.70339781682378,115.0235043038199,-5.598867704212211,62.2919736412886,255.66983053306063,-5.7223919446846345
-18.035388719912817,98.00683554754576,-3.314790022815167,99.70758693909602,100.42701351669766,-1.9051557320354786,-33.19498744692305,-16.60894345432756,2.0501381445506475,-33.19498744692305,-16.60894345432756,2.0501381445506475,15.159598727010234,114.61577900187332,-5.3649281673658145,62.532766688257276,253.84615439292364,-5.066539859510716
-18.6017061814905,97.43032760944271,-3.568948950358074,99.25436820390375,100.80900877925792,-2.060662985891483,-33.01797604017247,-15.666969306638805,2.4617173177888887,-33.01797604017247,-15.666969306638805,2.4617173177888887,14.416269858681972,113.09729691608152,-6.0306662681469625,62.625135053354896,255.4247547491491,-5.914208197380059
-10.288015030412453,84.01860155794066,-3.45787607977122,84.71673723651682,96.98107286174303,-2.3392869659296225,-31.625880425812284,-15.43322087260691,2.9430319454917555,-31.625880425812284,-15.43322087260691,2.9430319454917555,21.33786539539983,99.45182243054757,-6.400908025262975,49.40325459542588,250.96900243389337,-7.119872379265226
-20.30474091498013,95.85583533988324,-2.710719583056328,98.02026154315872,101.95993549182613,-1.5846988434103124,-31.103441873427073,-15.42811673774186,2.382241237789543,-31.103441873427073,-15.42811673774186,2.382241237789543,10.798700958446943,111.2839520776251,-5.092960820845871,63.219026568490484,255.57732715499867,-5.5098236214552125
-22.920000029364928,94.3321245135096,-1.897064147259788,97.09518509667298,103.65659604518616,-1.1195270461559286,-29.698869249669997,-15.25340737889961,2.433772618168436,-29.698869249669997,-15.25340737889961,2.433772618168436,6.778869220305069,109.58553189240921,-4.330836765428224,63.61963401035612,256.47145980725503,-5.288779902636547
-23.337687342213712,93.90061842894788,-2.628306463202623,96.79298418111873,103.95727133237195,-1.555994796380796,-29.120156018538182,-15.105057433304978,2.9981450565428283,-29.120156018538182,-15.105057433304978,2.9981450565428283,5.78246867632447,109.00567586225286,-5.626451519745451,63.85159501205787,256.54083109320663,-6.7779697371636685
-14.034196397821006,80.303995383788,-3.2597075749207916,81.58624906567316,99.91308963229244,-2.28981249731521,-27.680841366553295,-15.027830822640254,2.634376212295863,-27.680841366553295,-15.027830822640254,2.634376212295863,13.64664496873229,95.33182620642826,-5.894083787216655,49.9792147849613,251.41571103402478,-7.070835099267298
-14.060284293686209,79.89847340738028,-3.657221886519676,81.20857663557693,99.98054456230177,-2.5811839456428984,-27.152973391862133,-14.58024111406634,2.7554257722137825,-27.152973391862133,-14.58024111406634,2.7554257722137825,13.092689098175924,94.47871452144662,-6.412647658733459,50.26572986690254,251.7462293155291,-7.690076029590021
-26.162384296174878,90.29186658671385,-2.596925909997065,94.04166921081148,106.15913034272738,-1.5824029163917714,-25.617023104297004,-14.720331582039023,2.774021143458162,-25.617023104297004,-14.720331582039023,2.774021143458162,-0.5453611918778734,105.01219816875287,-5.370947053455227,64.36650740981004,256.2761266806257,-6.946218636164452
-26.643286101296326,89.62018703222682,-3.9590584087862517,93.58053623190577,106.55674637448476,-2.4247035572627182,-25.142669353934934,-14.567619965460068,1.8299973149224378,-25.142669353934934,-14.567619965460068,1.8299973149224378,-1.5006167473613914,104.18780699768689,-5.78905572370869,64.46493450582095,256.4688166364124,-6.028279466978921
-16.123530871430603,77.35540023068081,-3.448303761413479,79.09309066815993,101.77384178602259,-2.49877574368013,-23.6885032709381,-13.91216260683251,3.5063305811025147,-23.6885032709381,-13.91216260683251,3.5063305811025147,7.5649723995074964,91.26756283751332,-6.954634342515994,51.39854590280644,251.34829710956882,-9.772358559203745
-28.035961013649512,87.59063605970897,-3.101700600749984,92.02040633424717,107.74879988807882,-1.9316152731805212,-23.101791714985893,-14.082097298473542,2.7288110150460234,-23.101791714985893,-14.082097298473542,2.7288110150460234,-4.934169298663619,101.67273335818251,-5.8305116157960075,64.82767468915304,256.3836799769881,-7.690983845579645
-16.64384264593332,75.55400335987565,-3.0021284862160904,77.42375408861572,102.42330332485163,-2.222217539747822,-20.37289426276675,-14.024277187377521,1.0489253935076828,-20.37289426276675,-14.024277187377521,1.0489253935076828,3.7290516168334307,89.57828054725317,-4.051053879723773,52.66824125305892,247.88058683566078,-4.650646148013616
-27.793048909993786,84.6573912191918,-4.433711541195754,89.21314507281498,108.17502493545732,-2.84865696884433,-20.01330418012253,-13.22632716700241,2.285525295546396,-20.01330418012253,-13.22632716700241,2.285525295546396,-7.779744729871254,97.8837183861942,-6.71923683674215,65.11559954611707,254.7152366733942,-8.291040343892124
-18.407577298092974,74.31487431878162,-3.6103069388911804,76.6457680710069,103.9119903094025,-2.699847963353923,-18.13706903978664,-13.884648308192965,1.7798045404555907,-18.13706903978664,-13.884648308192965,1.7798045404555907,-0.27050825830633585,88.19952262697458,-5.390111479346771,53.73497506425091,246.47649623840442,-7.155308546394753
-19.80888291899464,73.6211472008593,-2.9837132025321362,76.29788792715036,105.05963833246207,-2.2411862432000422,-17.802055461385862,-13.290007262586016,2.2182476429108675,-17.802055461385862,-13.290007262586016,2.2182476429108675,-2.006827457608779,86.91115446344531,-5.201960845443004,53.97171283388535,248.31670170854972,-7.94329467767968
-22.61600753821108,72.38736987289808,-2.851938269134168,75.89169036182501,107.3503862369546,-2.1536285383114597,-16.2613339224838,-14.056878877109767,-1.2640860425482607,-16.2613339224838,-14.056878877109767,-1.2640860425482607,-6.354673615727279,86.44424875000784,-1.5878522265859072,54.35974344039632,246.50907753014621,1.2119966912243592
-23.767175264037178,71.77108886609851,-3.6283280842338916,75.69103369451173,108.3224178791459,-2.747585473927922,-15.678077458561347,-14.066156336775862,-2.0126632902971577,-15.678077458561347,-14.066156336775862,-2.0126632902971577,-8.08909780547583,85.83724520287437,-1.615664793936734,54.5318824731754,246.42439806722882,2.710654236974239
-25.13207245173271,70.71552640644882,-2.9373866382721507,75.10615807590614,109.56505073492498,-2.2413979841354,-15.252119429473623,-12.696246181509395,-1.0871487604552017,-15.252119429473623,-12.696246181509395,-1.0871487604552017,-9.879953022259087,83.41177258795821,-1.850237877816949,55.23145791163252,249.79020618492086,0.8942538552783996
-36.17887508889021,75.66039876520534,-3.8914456609211143,83.95564479735302,115.55593870010368,-2.6566805299429315,-12.434822728703011,-12.484006640166939,1.445431375554431,-12.434822728703011,-12.484006640166939,1.445431375554431,-23.744052360187197,88.14440540537228,-5.336877036475546,66.27615074499286,250.44285044681232,-7.346275042677057
-23.767090853421905,68.68682186329352,-3.185648481752441,72.75233646807447,109.08670064904736,-2.5096457303282427,3.5068431603642694,-2.2843589491348837,13.374391512137993,3.5068431603642694,-2.2843589491348837,13.374391512137993,-27.273934013786175,70.9711808124284,-16.560039993890435,58.73839365814996,142.166936733893,-75.13320602153364
-36.312557124695104,73.62984687646373,-2.971314346640943,82.15098821640733,116.25146149249161,-2.072779839114563,4.781340421195864,-2.644074263375643,12.548224628549264,4.781340421195864,-2.644074263375643,12.548224628549264,-41.09389754589097,76.27392113983937,-15.519538975190207,68.46485339820036,145.19399114357262,-68.54357667558754
-37.38349839530656,71.9565423665139,-2.3778737807575174,81.1228958145172,117.45317756767248,-1.6796940955370996,5.266506652548742,-2.8607104531459413,11.32196834675275,5.266506652548742,-2.8607104531459413,11.32196834675275,-42.6500050478553,74.81725281965984,-13.699842127510266,68.31248115054359,145.96351680814792,-63.78508695713493
-25.726856532315878,66.65719463573609,-3.2620195079948875,71.52407647087313,111.10447818190569,-2.6140121370516662,-8.217367917889078,-12.003562739278834,0.0768605615827882,-8.217367917889078,-12.003562739278834,0.0768605615827882,-17.5094886144268,78.66075737501492,-3.3388800695776757,56.977029984397504,235.49913854587777,-2.9167406863554195
-38.332642866993865,67.1686201437147,-3.521857858094446,77.41717202243798,119.71308839588654,-2.607396413745125,-3.771236784143184,-11.646777145401728,-1.2518523051154005,-3.771236784143184,-11.646777145401728,-1.2518523051154005,-34.56140608285068,78.81539728911643,-2.2700055529790455,65.11120684490926,227.65508765495613,3.2312469360502316
-25.610094247182587,63.84013092842957,-3.603831216257954,68.87979996881437,111.8586725380579,-2.9991179071247793,-3.3699880516539906,-11.395419580039515,-1.7414800108286719,-3.3699880516539906,-11.395419580039515,-1.7414800108286719,-22.240106195528597,75.23555050846909,-1.8623512054292823,56.86958933362755,218.33329689229407,5.338158720222337
-36.547011883943696,66.34792651067991,-4.092672119277678,75.85829812873222,118.8476784917597,-3.092697219590865,-2.0144655903000057,-11.073016378123725,-1.5022755436727049,-2.0144655903000057,-11.073016378123725,-1.5022755436727049,-34.53254629364369,77.42094288880364,-2.5903965756049727,64.5037133660112,219.15848472216035,4.510149293003165
-36.611217547194656,65.64506330933801,-3.0916191298890467,75.22774551998289,119.14905095559818,-2.355336147886294,-1.0733870272395052,-10.871221781356496,-1.1834212453623336,-1.0733870272395052,-10.871221781356496,-1.1834212453623336,-35.53783051995515,76.51628509069451,-1.9081978845267131,64.23974713202975,214.78796203898213,3.827483882881199
-25.045739257802325,61.419046492968675,-3.321734114084318,66.41251572256498,112.184876817056,-2.8669413634086633,0.3470618970695796,-10.281378366378277,-2.3535307548402464,0.3470618970695796,-10.281378366378277,-2.3535307548402464,-25.392801154871904,71.70042485934695,-0.9682033592440717,55.859492454941254,200.25151405352528,10.019507912856751
-24.720956680954032,61.071177681434314,-2.6980719552504007,65.94007912411567,112.037573520346,-2.3450275729714476,1.2374926825336843,-9.63882015344663,0.7783772855505624,1.2374926825336843,-9.63882015344663,0.7783772855505624,-25.958449363487716,70.70999783488094,-3.476449240800963,56.19102207799709,194.72160037442848,-6.924470683273189
-18.435243317230743,61.831653124730394,-2.5899835082796323,64.5733655532654,106.60206533960482,-2.2987022576041922,2.526061240397894,-8.643426759257466,1.2006416773713953,2.526061240397894,-8.643426759257466,1.2006416773713953,-20.961304557628637,70.47507988398786,-3.7906251856510274,55.488688785744735,180.31094251273078,-9.89319928442205
-26.268692214364137,66.4381718030009,-3.687822000597535,71.53792626492712,111.5731256614741,-2.9549407545601727,3.35226044466026,-8.334420899780696,0.7084612553574245,3.35226044466026,-8.334420899780696,0.7084612553574245,-29.620952659024397,74.7725927027816,-4.39628325595496,62.52670330830921,179.66220904106277,-7.46418148212984
-5.8793178102880574,62.59061594555925,-2.930607577185534,62.93441064418037,95.36621272826794,-2.669003908874283,3.921370006994948,-7.6488227196862795,0.64892140167922,3.921370006994948,-7.6488227196862795,0.64892140167922,-9.800687817283006,70.23943866524553,-3.5795289788647544,54.314507471028946,158.2230744191466,-6.986415106345971
-1.7012331815416246,62.18588485088901,-2.9554473894849504,62.27931549317172,91.56706261328611,-2.7199766195589703,4.337119025897437,-7.159812590364709,0.6355365364091472,4.337119025897437,-7.159812590364709,0.6355365364091472,-6.038352207439061,69.34569744125372,-3.590983925894098,53.884232142599345,150.36131110745518,-7.061616936334306
-0.8682070064311347,67.58334490802486,-2.9612065113653294,67.65375847923023,90.73600768167633,-2.5086389918124277,4.789316403722296,-6.6817216478686134,-0.014471879573900726,4.789316403722296,-6.6817216478686134,-0.014471879573900726,-5.657523410153431,74.26506655589347,-2.9467346317914287,59.43286039995338,145.10385607295072,-2.407776769525907
11.938691447213046,58.86751518669905,-2.4255247312280854,60.114888904079336,78.53555709250602,-2.312406586776947,4.690349417209518,-6.688472125796579,-1.1542438103625838,4.690349417209518,-6.688472125796579,-1.1542438103625838,7.248342030003528,65.55598731249563,-1.2712809208655016,51.86459704216101,133.49516317781996,5.729849369648808
8.725862418164525,64.60342931627383,-2.6321493510905984,65.24317561684111,82.30772028919795,-2.3121497036794043,4.774108989603064,-6.224193682094949,-0.9519699268997996,4.774108989603064,-6.224193682094949,-0.9519699268997996,3.95175342856146,70.82762299836878,-1.6801794241907988,57.34134352684065,134.81863069059668,4.607343197379655
9.36548776214579,63.57466013444696,-2.554855918084148,64.31156242073047,81.61975901106756,-2.27674443047145,4.342527999354843,-5.990923264946417,-1.2179018625384976,4.342527999354843,-5.990923264946417,-1.2179018625384976,5.022959762790947,69.56558339939338,-1.3369540555456505,56.81276278756039,135.68323529789808,7.070233500864754
17.392956771072022,53.66038675488778,-2.784781521500437,56.477491623185664,72.04092003619478,-2.826275531818308,3.6126893002585803,-6.044985173956036,-1.3957231938770929,3.6126893002585803,-6.044985173956036,-1.3957231938770929,13.780267470813442,59.70537192884382,-1.389058327623344,49.298256777641356,131.17694095720313,8.384050259539645
17.35143017915584,52.91618590200653,-2.166466254490077,55.73049825463325,71.84547466291072,-2.2278763293999164,4.7409500860517255,-4.958541179488833,-2.092050543812549,4.7409500860517255,-4.958541179488833,-2.092050543812549,12.610480093104115,57.874727081495365,-0.07441571067752761,48.55830097451143,118.13058954710054,14.731220499445268
9.048756211862269,59.00644438942231,-2.500684434820731,59.748589030254585,81.28149813079054,-2.3987265609755397,3.7791149659517487,-4.87367099173801,-0.2541510320855125,3.7791149659517487,-4.87367099173801,-0.2541510320855125,5.26964124591052,63.88011538116032,-2.246533402735219,53.576152590022964,133.49098079992876,-0.038896785656373556
8.795956371017837,58.62350752441512,-2.421235382323795,59.329140089189075,81.46691146894169,-2.3389030227366625,2.743229157477572,-5.280643387975971,-0.14005742380174713,2.743229157477572,-5.280643387975971,-0.14005742380174713,6.052727213540265,63.90415091239109,-2.281177958522048,53.37681979510447,144.015590832062,-0.9906153722164894
10.181257545778067,56.74026081310774,-2.095666852994441,57.68454751414535,79.82731818735364,-2.082001158072137,2.4708024392323296,-5.481381582670849,-0.575943665704383,2.4708024392323296,-5.481381582670849,-0.575943665704383,7.710455106545737,62.22164239577859,-1.5197231872900578,51.644504479975424,145.56324203893394,3.389707218748479
9.87411526415633,56.28913874957698,-1.7753367235236333,57.1761935940201,80.0505308869475,-1.7793358932225338,2.3731202689957627,-5.159003359597193,0.16157168787940268,2.3731202689957627,-5.159003359597193,0.16157168787940268,7.500994995160568,61.44814210917417,-1.936908411403036,51.4952499324637,145.3482956870878,-3.4091046154223505
16.19882881817807,48.63663781888283,-1.2489022207287448,51.278497932006175,71.57924229126186,-1.3955927999113469,2.2092032548314364,-5.652284421782213,-0.9048621121874019,2.2092032548314364,-5.652284421782213,-0.9048621121874019,13.989625563346635,54.288922240665045,-0.3440401085413429,45.14272791937109,140.23112961075765,7.084934747817627
3.129362836069504,55.11703560846752,-2.7774755615500624,55.27562660449773,86.75042406999002,-2.880196560778022,1.9634856279717496,-5.648201375658346,-0.029939819689260627,1.9634856279717496,-5.648201375658346,-0.029939819689260627,1.1658772080977542,60.76523698412586,-2.7475357418608017,49.29579792935632,157.58142654395363,-2.5933267242129787
-8.085114317963644,53.55614239449926,-2.7080505651886044,54.230646313482566,98.58484350769001,-2.862300841589186,1.699163781689549,-6.13065665483947,-0.36617741595130093,1.699163781689549,-6.13065665483947,-0.36617741595130093,-9.784278099653193,59.68679904933873,-2.3418731492373035,47.85834731888997,173.09367652547888,0.4319551697203914
-2.0855498957678265,49.61167241563851,-3.380643441954228,49.77043608736005,92.40715316047594,-3.894799238684617,1.6256118789110587,-6.419160661968334,-0.9755147476093149,1.6256118789110587,-6.419160661968334,-0.9755147476093149,-3.711161774678885,56.03083307760684,-2.405128694344913,43.0771658397291,168.19612667609567,4.4856588850472425
-6.205359303471141,48.37744024919482,-3.387891225214007,48.891318412408076,97.30939885074004,-3.97345696993601,1.8856729065435047,-5.950768805378289,0.5144166955465372,1.8856729065435047,-5.950768805378289,0.5144166955465372,-8.091032210014646,54.32820905457311,-3.9023079207605447,42.62777019895968,169.7270903836913,-8.684387528422306
-17.205753907981148,48.683110879924584,-2.631459477960368,51.70113955681429,109.46460349004911,-2.9174733164369053,0.5813163125856136,-6.371775016161166,-0.3179939717782658,0.5813163125856136,-6.371775016161166,-0.3179939717782658,-17.78707022056676,55.05488589608575,-2.3134655061821023,45.29500455371444,194.25176716702435,-0.07220029201302669
-4.774608030073523,46.603694442837764,-2.7801134243762426,46.93005698073066,95.8496164036838,-3.396162061716885,1.2792982907983514,-5.926046719545951,0.10948830074726201,1.2792982907983514,-5.926046719545951,0.10948830074726201,-6.053906320871874,52.529741162383715,-2.8896017251235047,40.8665083887689,173.66770641710983,-4.430796878094204
-5.11217262576929,46.1858303482536,-3.258422466908371,46.581998141837815,96.3161891797919,-4.0111298119764385,2.0160727270044845,-6.09247198597015,-1.0112515594651612,2.0160727270044845,-6.09247198597015,-1.0112515594651612,-7.128245352773774,52.27830233422375,-2.24717090744321,40.08543028973906,168.00618448410162,4.943908841823621
-7.308370654533633,44.72712989995421,-3.133443829923113,45.428481164867364,99.28006577025357,-3.955134872243262,1.705890147009768,-5.856049147277673,-0.912210561383568,1.705890147009768,-5.856049147277673,-0.912210561383568,-9.0142608015434,50.58317904723188,-2.221233268539545,39.261188329490054,173.03901665438468,4.550751471841512
-17.516376872500018,43.81218945431965,-2.7257638476211374,47.262682870036585,111.79182735931104,-3.3062336103258563,2.0744484435604136,-5.207076965191504,-0.2701168326795609,2.0744484435604136,-5.207076965191504,-0.2701168326795609,-19.59082531606043,49.019266419511155,-2.4556470149415768,41.651092189158746,180.0699746012789,-0.5472053399241159
-3.276099938327434,42.20832947751569,-2.825071150986002,42.42943477229649,94.43824986806746,-3.817738609683304,3.4262358590765416,-4.131165417604024,-1.5884801999224951,3.4262358590765416,-4.131165417604024,-1.5884801999224951,-6.7023357974039754,46.339494895119714,-1.2365909510635067,36.83221321020203,144.76719270723115,12.66927314504396
-2.803617092302261,41.683043064559456,-3.5741226804115342,41.929830680039714,93.84793993900071,-4.889858740929176,2.8473932647063975,-4.2281294659854325,-1.2297328512554828,2.8473932647063975,-4.2281294659854325,-1.2297328512554828,-5.6510103570086585,45.91117253054489,-2.3443898291560514,36.68607533959079,149.89002214606046,8.67310437658772
-14.600092260586052,41.09537034665698,-3.5234890026058707,43.75393848212985,109.55877298794816,-4.619010214971534,1.7258980734623037,-4.198626307910956,0.36535609863857,1.7258980734623037,-4.198626307910956,0.36535609863857,-16.325990334048356,45.293996654567934,-3.8888451012444407,39.199745676343596,177.21304433393743,-9.220458341769152
-15.592217614907895,40.17772121037888,-3.7174616137073357,43.257208100604,111.21029588425615,-4.929997151627204,1.8664100011380924,-3.745746031980218,0.4353956876896805,1.8664100011380924,-3.745746031980218,0.4353956876896805,-17.458627616045987,43.923467242359095,-4.152857301397017,39.04963528087733,174.72438706961472,-10.869543023020666
-18.062353100432688,37.615396602846204,-3.2053506166320815,41.850220234661464,115.6496248648237,-4.392643429013368,1.7461556231178292,-4.435703198976796,-2.6554418309339773,1.7461556231178292,-4.435703198976796,-2.6554418309339773,-19.808508723550517,42.051099801823,-0.5499087856981042,36.393491026882046,184.16208631003826,24.727082449371604
-7.64196867426142,37.49157308020415,-3.109021871217333,38.388588854533175,101.52086894403631,-4.6453684928317704,1.5774425072318081,-4.35399040846346,-3.2775311398312788,1.5774425072318081,-4.35399040846346,-3.2775311398312788,-9.219411181493228,41.84556348866761,0.16850926861394555,32.71516240192296,171.60551276935553,30.643475878987886
-8.54603617372959,36.20123984450538,-3.086053500180139,37.324097132657776,103.2826495697358,-4.742778619165984,1.6587390581921682,-4.246233464480042,-2.945287741901417,1.6587390581921682,-4.246233464480042,-2.945287741901417,-10.204775231921758,40.44747330898542,-0.14076575827872162,31.896700539387925,171.94515680299432,28.122834903640275
-9.051803412702839,35.66389293014322,-2.8454219823712554,36.90453671586597,104.24144015725344,-4.4220209280331755,1.4415832484203293,-4.241397783106777,-3.2450165761031418,1.4415832484203293,-4.241397783106777,-3.2450165761031418,-10.493386661123168,39.90529071325,0.3995945937318863,31.373013417907863,175.46936470389338,31.496960196666386
-20.716372509672397,32.450048628660966,-3.2955101938257556,38.63979986231271,122.55448886856703,-4.892584621213679,3.041939032304981,-3.4548650114402903,-1.5944362418476299,3.041939032304981,-3.4548650114402903,-1.5944362418476299,-23.758311541977378,35.904913640101256,-1.7010739519781257,33.76827933450498,171.19122082093736,14.212238868076387
-11.696673186530802,33.30581204237501,-2.966151943469578,35.424389010768685,109.35077259161321,-4.8031090116213875,1.3444060246927165,-4.311366504227664,-3.296336769139713,1.3444060246927165,-4.311366504227664,-3.296336769139713,-13.041079211223519,37.61717854660267,0.33018482567013496,29.833222335682994,182.03181701168995,31.3227900692966
-23.94911932498178,28.265376943561932,-3.1282388031308876,37.17899579350244,130.27444754180613,-4.826570396558902,3.1888133873217157,-4.3574718421781995,-1.8886302227105238,3.1888133873217157,-4.3574718421781995,-1.8886302227105238,-27.137932712303495,32.62284878574013,-1.2396085804203638,31.458592329351184,184.07764910587997,14.451723765897523
-15.505240627357125,30.417853837498797,-3.2054656327042643,34.29188430101406,117.00982385197801,-5.363606433942105,1.2988980529562468,-4.447398025644418,-3.537486461870507,1.2988980529562468,-4.447398025644418,-3.537486461870507,-16.804138680313372,34.865251863143214,0.33202082916624276,28.462622270671236,190.7289588545798,31.998463020070677
-16.317825313831122,28.962881999899764,-3.5520363888652966,33.43257272811425,119.39711704302276,-6.098888489017734,1.7879803608350358,-4.896939432609031,-2.9502989981412604,1.7879803608350358,-4.896939432609031,-2.9502989981412604,-18.105805674666158,33.859821432508795,-0.6017373907240362,27.44248476917689,189.33886640094875,23.408129447952156
-25.30404844399345,24.0903865151206,-3.4338462353794625,35.10602355824569,136.40752126251613,-5.613281179395949,3.2569280721500036,-4.350007379585122,-1.894835511879068,3.2569280721500036,-4.350007379585122,-1.894835511879068,-28.560976516143455,28.44039389470572,-1.5390107235003945,29.350978268529737,189.5846689492367,13.609840050395663
-25.22491778869812,23.75963439607824,-4.601816867991083,34.95702250719318,136.71338765166874,-7.564494985452705,2.4325227690171687,-4.992696239141537,-0.9187016366449894,2.4325227690171687,-4.992696239141537,-0.9187016366449894,-27.65744055771529,28.752330635219778,-3.6831152313460933,29.32779561042492,200.73729111629603,1.8283115667535847
-17.653238173783734,25.83134134532486,-3.8517135585137012,31.523494588256916,124.34885161514777,-7.018250118756029,2.591248360977488,-5.052817814636597,-1.374908534756119,2.591248360977488,-5.052817814636597,-1.374908534756119,-20.244486534761222,30.884159159961456,-2.4768050237575823,25.680900180365615,187.1986335775127,6.5925311183561135
-18.30689013807205,25.049287169571585,-3.533621405709752,31.226519089869647,126.16063341870992,-6.497560662078588,1.9218670468915207,-5.884047965033545,-0.9391674577871878,1.9218670468915207,-5.884047965033545,-0.9391674577871878,-20.22875718496357,30.93333513460513,-2.594453947922564,24.965718109602875,198.07239025155712,2.129803816226368
-19.59634927794025,23.26221261021317,-3.3173347418663184,30.59660357515819,130.11116317121758,-6.224339534921141,2.3516729380353354,-6.134281312310691,-2.338303440060241,2.3516729380353354,-6.134281312310691,-2.338303440060241,-21.948022215975584,29.39649392252386,-0.9790313018060774,23.623266081256904,199.1360537917646,13.367692727847315
-28.834221580685835,16.963975645723053,-3.131302804941056,33.600503882070065,149.5305153495892,-5.347275320089844,2.553141535813893,-5.972263101321175,-1.088900989760696,2.553141535813893,-5.972263101321175,-1.088900989760696,-31.387363116499728,22.93623874704423,-2.0424018151803596,27.014749284546532,216.3838151323007,4.169819722987144
-20.14442799020003,21.929443389435505,-3.248700733948258,29.95417371388446,132.57064065711472,-6.226300813657544,3.076899674279275,-5.986382040632094,-0.8058662170544053,3.076899674279275,-5.986382040632094,-0.8058662170544053,-23.221327664479304,27.9158254300676,-2.4428345168938526,23.175272482728193,195.36823906061977,0.6010864116911501
-20.165892312823985,21.591235182205423,-2.7151177767716157,29.668443066791692,133.04501793150126,-5.250789724201613,3.1522428727382703,-6.1580271209820125,-1.762932327145839,3.1522428727382703,-6.1580271209820125,-1.762932327145839,-23.318135185562255,27.749262303187436,-0.9521854496257767,22.52940506846341,195.93748879150445,9.045872440071204
-19.94954490140492,21.281406532285473,-3.3419046651929243,29.360703883878738,133.1498480535056,-6.535705359857164,3.2766654261049553,-6.218850120129076,-1.9012915053316533,3.2766654261049553,-6.218850120129076,-1.9012915053316533,-23.226210327509875,27.50025665241455,-1.440613159861271,22.078839938465634,195.3654386585829,8.5996110531717
-19.965223955811894,20.993782380838525,-3.6999603719555836,29.20682750683088,133.56149650525333,-7.2778620693375276,3.9484966692984926,-5.792483721476941,-0.880493992541959,3.9484966692984926,-5.792483721476941,-0.880493992541959,-23.913720625110386,26.786266102315466,-2.8194663794136243,22.141506333526788,189.28085952823147,-0.11893856165945227
-22.883913552168337,17.041175833453053,-3.9656907812491298,28.806281895139858,143.3257089341692,-7.912900872284766,4.694988325644999,-5.400660388341578,-0.37843222048921543,4.694988325644999,-5.400660388341578,-0.37843222048921543,-27.578901877813337,22.44183622179463,-3.5872585607599143,21.640163074352063,192.32410235633722,-4.885786736764803
-24.23104731304784,14.692213709408179,-4.349253543912745,28.669161200832544,148.76995927727512,-8.725743599806247,4.520885112564429,-5.669575603708154,0.1317101552720512,4.520885112564429,-5.669575603708154,0.1317101552720512,-28.751932425612267,20.361789313116333,-4.480963699184796,21.41658667228262,200.2013140414942,-9.766319033221716
-27.56965553095938,-4.570495249809692,-4.576162318949002,28.318131903317013,-170.58711865070063,-9.299680156520626,0.31786436125162254,1.4995757342799436,4.75788236805035,0.31786436125162254,1.4995757342799436,4.75788236805035,-27.887519892211003,-6.070070984089636,-9.334044686999352,23.319411090629078,-248.61930308747475,-81.44177964084386
11.040373482749828,33.15475575461454,-2.8437010503291633,35.060152758514825,71.58249081603626,-4.652325601573308,27.76003984660656,11.327227885131862,1.007806949247415,27.76003984660656,11.327227885131862,1.007806949247415,-16.71966636385673,21.82752786948268,-3.8515079995765786,5.061126462752423,49.3850289899238,-6.577519812510789
10.535694059918569,32.86407794924932,-2.763516289999501,34.622037650369904,72.22498643777543,-4.578194912229323,27.68333872981725,9.556302016817313,2.137721815677346,27.68333872981725,9.556302016817313,2.137721815677346,-17.147644669898682,23.30777593243201,-4.901238105676847,5.257773552190137,53.18028746845829,-8.753027495851207
16.081488660532386,22.667055946700117,-2.850153815971485,27.938022113320077,54.645623318799665,-5.855331442325264,25.249786589006362,10.100897940729652,2.574734036670028,25.249786589006362,10.100897940729652,2.574734036670028,-9.168297928473976,12.566158005970465,-5.424887852641513,0.6211936488187639,32.8422903447948,-11.263744778109002
7.1889739239381925,30.86859227828984,-2.8283694800393437,31.820606676145825,76.89009170427427,-5.099455912124585,24.37917709224257,10.013318172446617,2.4238425331640343,24.37917709224257,10.013318172446617,2.4238425331640343,-17.19020316830438,20.855274105843222,-5.252212013203378,5.353913850196648,54.560546751078576,-10.354015342691817
6.626585036204233,30.50016836348891,-2.921345681783621,31.34814444326317,77.74219766214074,-5.347174482848608,23.618298944714525,9.74455317527108,2.5905509496681436,23.618298944714525,9.74455317527108,2.5905509496681436,-16.99171390851029,20.75561518821783,-5.511896631451765,5.667581446116564,55.32189393588334,-11.136787739051112
5.725226143038299,29.6922674865761,-2.621155822718272,30.352585074920444,79.08623799940071,-4.95405772047693,22.048562352763383,9.98400194847946,2.9732483249689823,22.048562352763383,9.98400194847946,2.9732483249689823,-16.323336209725085,19.70826553809664,-5.594404147687254,5.9669417097584905,54.724329920310225,-11.957338643583793
5.430132947370112,29.350006697519348,-2.864853517384443,29.985273429578974,79.51806136244352,-5.4825170298959085,21.60420029279703,10.42607242986952,2.1909620705708885,21.60420029279703,10.42607242986952,2.1909620705708885,-16.17406734542692,18.923934267649827,-5.0558155879553315,5.897003018466911,53.75635132393555,-10.701099030270097
13.173020531995007,18.962799683361027,-2.758468790062908,23.25350278631996,55.213180827276474,-6.812808717109989,20.416461599033028,10.671012851577586,1.186228394615173,20.416461599033028,10.671012851577586,1.186228394615173,-7.24344106703802,8.29178683178344,-3.9446971846780814,0.186002763397763,27.618592623112516,-9.760500126918767
12.966395389815943,18.63018550780481,-2.6786227923303567,22.855770420702342,55.16252599100714,-6.730348474730817,19.728549613638506,10.263763586829299,2.649687845949419,19.728549613638506,10.263763586829299,2.649687845949419,-6.762154223822563,8.366421920975512,-5.328310638279776,0.45975830905418036,27.676853170460785,-13.524966704424967
3.347357404708873,27.238963596012923,-3.0851389935317357,27.61673445556492,82.99412905076927,-6.414052606599196,18.727989632692697,10.819868551691656,-3.5499193958979327,18.727989632692697,10.819868551691656,-3.5499193958979327,-15.380632227983824,16.419095044321267,0.464780402366197,5.698498238307302,52.97747658909535,2.9067382520104648
1.8403269282391648,25.961800472484242,-2.8965152811260193,26.18762470614091,85.94531642723194,-6.350265089799747,17.18625900254824,10.12452670160664,-0.18050676041418723,17.18625900254824,10.12452670160664,-0.18050676041418723,-15.345932074309076,15.837273770877601,-2.7160085207118323,6.240040337983157,55.44272640435065,-5.831785432991355
10.785986479563462,15.491917405328934,-2.9405828527740696,19.104555392494436,55.153084946312994,-8.85419457650261,16.648813276647616,10.30153796307286,-2.467148094343339,16.648813276647616,10.30153796307286,-2.467148094343339,-5.862826797084153,5.190379442256074,-0.4734347584307308,-0.6284496408179301,23.40572358094397,-1.6719097960509623
0.6543563822940541,24.474728291790314,-2.8681750936509465,24.65090131414772,88.46850477142311,-6.681597089368832,15.267706179238075,8.851013601667546,2.226187613169734,15.267706179238075,8.851013601667546,2.226187613169734,-14.613349796944021,15.623714690122767,-5.0943627068206805,6.863287504491328,58.36672428474607,-13.87123520372036
0.20883561161144826,23.968440848524097,-2.8950430676301737,24.14355076175228,89.50079788414315,-6.886884301250507,9.949972900559032,6.630163353196195,-14.957377898375677,9.949972900559032,6.630163353196195,-14.957377898375677,-9.741137288947584,17.3382774953279,12.062334830745503,4.994551299463339,55.823297534898025,44.474969134754446
-0.2878925527413685,22.71403631383066,-2.94360064561464,22.90578775219933,90.726165301098,-7.3834435570902635,12.670844377839103,10.101152379795934,0.4688862093830257,12.670844377839103,10.101152379795934,0.4688862093830257,-12.958736930580471,12.612883934034727,-3.412486854997666,6.694574629035987,52.164436553942544,-9.040873378056437
8.854770235435353,11.950510298615939,-2.7649206447263524,15.128332310314692,53.46328096656476,-10.53082012903021,11.998136635497985,9.979202186444383,0.5755018910495246,11.998136635497985,9.979202186444383,0.5755018910495246,-3.1433664000626322,1.971308112171556,-3.340422535775877,-0.4880360712462668,13.711990173258663,-12.642789882379976
-0.5312778363563666,20.85591599628512,-2.883507440574199,21.061009077044524,91.45922126197912,-7.869203197836865,10.675040430441413,9.804102692234892,0.0004906465217899836,10.675040430441413,9.804102692234892,0.0004906465217899836,-11.20631826679778,11.051813304050228,-2.883998087095989,6.5669786495830085,48.89443081528279,-7.871142753233647
-0.7421260910225556,20.52915739369638,-2.807542163603113,20.73353195744865,92.07033266835977,-7.782369587242103,9.721541883269083,9.973306573910236,0.491686094999787,9.721541883269083,9.973306573910236,0.491686094999787,-10.463667974291639,10.555850819786144,-3.2992282586029003,6.7973568788493495,46.337944776699395,-9.804257638609696
0.45710539112940296,-2.600841178373912,-2.8611952394302946,3.8935534376535204,-80.03190345553729,-47.294922428453695,-3.210977007103793,6.608678644242502,0.7898649577254238,-3.210977007103793,6.608678644242502,0.7898649577254238,3.668082398233196,-9.209519822616414,-3.6510601971557186,-3.4962296047949337,-195.94575820731853,-53.43076516306858
3.604417811448343,10.078710093887253,-2.6944864466319274,11.037775234493317,70.32158356616826,-14.129538728942165,-3.747745468168432,6.30171130327048,-0.831577846095479,-3.747745468168432,6.30171130327048,-0.831577846095479,7.352163279616775,3.776998790616773,-1.8629086005364484,3.6588401380135585,-50.41915668323348,-7.658776349654958
3.980218719980826,8.008453523752792,-2.837699529484741,9.38243078954661,63.57252427725364,-17.60470863343093,-3.4174043622856516,6.124349717575569,-0.2353287499661154,-3.4174043622856516,6.124349717575569,-0.2353287499661154,7.3976230822664775,1.8841038061772224,-2.6023707795186257,2.365188335484077,-55.5891157901955,-15.682889218230603
-2.485547218743932,-5.213518706625905,-2.91128152891236,6.4679426730244165,-115.48949145938106,-26.750700509373416,-3.1494370245791288,5.8961558911591965,-0.2194065088587167,-3.1494370245791288,5.8961558911591965,-0.2194065088587167,0.663889805835197,-11.109674597785101,-2.691875020053643,-0.22023698072074183,-233.59843593949438,-24.870768528146776
3.9297117331719846,5.919497152866143,-2.698229770393816,7.60023188741366,56.421444779290134,-20.794633413358884,-2.2543729694791637,5.266338619431053,0.05121416355046193,-2.2543729694791637,5.266338619431053,0.05121416355046193,6.184084702651148,0.6531585334350893,-2.7494439339442778,1.8714324642729396,-56.75297444007908,-21.306851470369637
-1.3989940180858866,-8.380275302125824,-2.964677510454708,8.99863940510209,-99.4774983112213,-19.235907027638333,-1.414889837450346,5.101677074057477,0.22892850688292166,-1.414889837450346,5.101677074057477,0.22892850688292166,0.015895819364459385,-13.481952376183301,-3.1936060173376295,3.699447911926214,-204.9782238232273,-21.71189239692504
3.2902252025997996,4.562439066203069,-2.7504301901609676,6.261493300131185,54.20255795941767,-26.056743423771838,-1.5639680896483696,4.779761265279291,0.016429113586428734,-1.5639680896483696,4.779761265279291,0.016429113586428734,4.854193292248169,-0.21732219907622152,-2.7668593037473963,1.232339906738229,-53.91586541843291,-26.243916188307594
3.0205728364655897,3.8846376786201517,-2.7814757033019806,5.652510702564692,52.1324795819992,-29.477248892334888,-2.274724010457021,4.007408385788125,-1.122935268572534,-2.274724010457021,4.007408385788125,-1.122935268572534,5.295296846922611,-0.12277070716797311,-1.6585404347294466,0.9096555591264348,-67.44805148931749,-15.781647459227825
0.10056008683068285,-10.54508549542129,-2.8972896855986576,10.936326072273276,-89.45363231800454,-15.362406692282518,-0.973440945223274,4.524829944065857,-2.620301274535936,-0.973440945223274,4.524829944065857,-2.620301274535936,1.0740010320539568,-15.069915439487147,-0.27698841106272143,5.617712336920158,-191.59480447197518,14.153568322423842
0.5427285170646883,-11.346524112321504,-2.879582340537901,11.718795080155052,-87.26150752280282,-14.224589294647018,-0.5119293208306317,4.491903798844106,-3.9897448397282878,-0.5119293208306317,4.491903798844106,-3.9897448397282878,1.05465783789532,-15.83842791116561,1.1101624991903867,5.689090671667459,-183.76328963434315,27.20366311734041
0.6734923519503582,-11.701030213480522,-2.8059112871622958,12.051590689877598,-86.70578237856891,-13.463447028747314,-0.811539056626998,4.502753517166639,-3.0397087324948213,-0.811539056626998,4.502753517166639,-3.0397087324948213,1.4850314085773562,-16.20378373064716,0.23379744533252556,6.5585756657589815,-186.92261605793982,20.13555913125163
0.7532943612903864,-12.543512801024917,-2.786267883088499,12.871303527636908,-86.56325835724824,-12.501859908681418,-2.2620034601702628,4.063788210901663,-1.706339412295232,-2.2620034601702628,4.063788210901663,-1.706339412295232,3.015297821460649,-16.60730101192658,-1.0799284707932668,7.917251805375863,-205.66463572732636,7.645334270579163
1.4916155703909908,2.065284729579048,-2.8311582833946685,3.8086448048747585,54.16196337725917,-48.01762026375756,-0.9682305453620756,4.468817311362358,-3.052594229301015,-0.9682305453620756,4.468817311362358,-3.052594229301015,2.4598461157530664,-2.4035325817833098,0.22143594590634663,-1.689184774156033,-48.062997580123465,-14.290632246457207
-0.03440238287498687,-13.16376339974181,-2.813261088024305,13.461065645695413,-90.14973733548436,-12.063313779817424,-2.562201543635183,4.702934660690374,-1.7517230703583693,-2.562201543635183,4.702934660690374,-1.7517230703583693,2.527799160760196,-17.866698060432185,-1.0615380176659357,7.826262642204062,-208.73168722836107,6.048695618214225
0.680179220238756,1.0863508920641607,-2.853478135116646,3.1281207617229185,57.94875203652686,-65.81145298021498,-1.4933166186981452,4.4706559532352514,-3.101605524161304,-1.4933166186981452,4.4706559532352514,-3.101605524161304,2.1734958389369012,-3.3843050611710908,0.24812738904465803,-2.514282627205046,-50.52192246078915,-32.46530593345117
-1.9464622381181016,-13.877325372367977,-2.8013824711084796,14.290438008837294,-97.98433613679288,-11.305013711175365,-1.5355577793766315,4.69034699167301,-2.6022960310682546,-1.5355577793766315,4.69034699167301,-2.6022960310682546,-0.4109044587414701,-18.567672364040988,-0.19908644004022502,8.711079871075054,-206.11210071381203,16.496819784726682
0.033236821014838824,0.7471571779930173,-2.8379029766104367,2.934798432525143,87.45291221143276,-75.23605610467287,-0.9360817840329219,4.8576019270487905,-1.9535561472721712,-0.9360817840329219,4.8576019270487905,-1.9535561472721712,0.9693186050477607,-4.110444749055773,-0.8843468293382655,-2.383935176954774,-13.45453819525116,-53.687029090772185
-0.5200948389732503,-0.0038631888686495586,-2.8468614954961424,2.8939823669631055,-179.57442310433183,-79.64649512814444,-2.4874205891464953,4.213304770207316,-0.97149177036656,-2.4874205891464953,4.213304770207316,-0.97149177036656,1.967325750173245,-4.217167959075965,-1.8753697251295824,-2.0943033640121733,-300.1308703435274,-68.41610467421681
-0.7148704895730589,-0.2220652225142885,-2.8537846447890622,2.9503287238452907,-162.74327241872257,-75.30205192300959,-1.7892175703161683,4.659822940566102,-2.478666491204376,-1.7892175703161683,4.659822940566102,-2.478666491204376,1.0743470807431095,-4.88188816308039,-0.37511815358468636,-2.622734789696755,-273.74840692347755,-48.894173292682055
-1.070349764215166,-0.7891049199979534,-2.881358098682327,3.1734145152127025,-143.60086645861335,-65.22600587909996,-1.8828891329242197,4.703925834123709,-3.097575004586326,-1.8828891329242197,4.703925834123709,-3.097575004586326,0.8125393687090536,-5.493030754121662,0.2162169059039991,-2.765201539800328,-255.41612247285232,-33.786448850182914
-5.7010139533570054,-15.674539146309371,-2.9233583354920274,16.9333623803203,-109.98692094873401,-9.941290263502376,-1.7836086305417211,4.483850484991251,-2.782292613153966,-1.7836086305417211,4.483850484991251,-2.782292613153966,-3.9174053228152843,-20.158389631300622,-0.14106572233806158,11.363144511698794,-221.67884346279328,20.025264917812194
-1.685420284209954,-2.513511651770955,-2.8458793396847364,4.154204084305338,-123.84359392172617,-43.24033147597446,-1.3548499066605473,4.038249819326467,-0.23576720401521523,-1.3548499066605473,4.038249819326467,-0.23576720401521523,-0.33057037754940666,-6.5517614710974215,-2.610112135669521,-0.1117853727090008,-232.390414772422,-40.07216801154101
-1.752668932091865,-2.604153658492123,-2.7852066466319165,4.196527222239903,-123.94166698842787,-41.58215039581777,-1.5635916726821506,4.153346568483386,-2.9137982381749605,-1.5635916726821506,4.153346568483386,-2.9137982381749605,-0.18907725940971432,-6.757500226975509,0.128591591543044,-1.1124582561359029,-234.57129134932154,-8.294492812805949
-6.241086580846627,-18.872915372945386,-3.0282447067286036,20.1074205801692,-108.29854025430691,-8.661892627489868,-1.4527824500648876,4.021971303994945,-2.7123214888369453,-1.4527824500648876,4.021971303994945,-2.7123214888369453,-4.788304130781739,-22.89488667694033,-0.3159232178916582,15.043477662226504,-218.15884484136274,23.723705409249405
-2.022249682716051,-4.041306163110221,-2.8373253737666495,5.335922090872193,-116.58315701661577,-32.12312257316107,-1.408230628082265,4.0063306216407,-2.813810108022807,-1.408230628082265,4.0063306216407,-2.813810108022807,-0.6140190546337863,-8.047636784750921,-0.02351526574384266,0.24167770374506503,-225.94980083364777,1.4053170122799088
-2.2034315880764552,-4.976553456374404,-2.9012075652985843,6.167511686606755,-113.88196950707584,-28.06037052041962,-1.3505101488387936,4.040399250008662,-2.650995953177172,-1.3505101488387936,4.040399250008662,-2.650995953177172,-0.8529214392376616,-9.016952706383066,-0.2502116121214124,1.149894392975357,-222.36425979853865,3.8328323033058957
-5.95511685573274,-20.063770178360187,-3.1184399527367326,21.159937577278257,-106.53138695105599,-8.474818461223398,-1.3690841113966599,3.9721236881849364,-2.851001648704683,-1.3690841113966599,3.9721236881849364,-2.851001648704683,-4.58603274433608,-24.035893866545123,-0.2674383040320496,16.08250039901248,-215.5490808914043,25.685059798388863
-4.59430427833388,-20.428469690462293,-3.106772197380012,21.167948393324917,-102.67477355747526,-8.439659214716286,-1.6552204490194526,4.503049163329848,-2.6158579531805186,-1.6552204490194526,4.503049163329848,-2.6158579531805186,-2.939083829314427,-24.93151885379214,-0.4909142441994936,15.703525337462974,-212.85707564118303,20.16133353915059
-1.739303363762474,-5.794967035315949,-2.909794355305248,6.713696621218467,-106.70662079861728,-25.684267929879443,-1.8669616209592732,4.826394374116148,-3.219126303283073,-1.8669616209592732,4.826394374116148,-3.219126303283073,0.12765825719679924,-10.621361409432097,0.30933194797782493,0.6192399181871115,-217.85425052872,6.200028097095267
-2.1096860473542165,-20.272155465388778,-2.730780093296058,20.563759927339046,-95.94127992541063,-7.631178523106928,-2.204677243376409,6.5427095155241375,-0.6658710853219987,-2.204677243376409,6.5427095155241375,-0.6658710853219987,0.09499119602219253,-26.814864980912915,-2.0649090079740597,13.62754814753735,-204.56339879809218,-2.1223433831296603
-1.2156164771200793,-5.030545252681577,-2.877787335809302,5.921635661611358,-103.58492988323316,-29.076597867899515,-2.4204214523886094,7.05665378710539,-1.1168540632760853,-2.4204214523886094,7.05665378710539,-1.1168540632760853,1.2048049752685301,-12.087199039786967,-1.7609332725332165,-1.6217167547157567,-212.5168196941653,-20.562193313893303
-0.439268327794025,-19.776270670961196,-2.7405580265813545,19.970090050172093,-91.27243825869826,-7.887771053004097,-2.593073959822277,8.343547800373742,-0.34535494958377644,-2.593073959822277,8.343547800373742,-0.34535494958377644,2.153805632028252,-28.119818471334938,-2.395203076997578,11.226058228441804,-198.53705232320056,-5.624223803327417
-1.1933755509141974,-4.678435353994303,-2.7311592768769337,5.547173475085712,-104.30985857050834,-29.49525750777873,-3.4481426171796556,8.758849920745632,0.8322258746339599,-3.4481426171796556,8.758849920745632,0.8322258746339599,2.254767066265458,-13.437285274739935,-3.563385151510894,-3.902680457593174,-215.7981915786143,-34.54770426041554
-0.7495392380691328,-19.55410597306053,-2.9133529808181224,19.784147569858263,-92.19516147388401,-8.467995365062281,-3.445275469978469,9.629317273847334,-2.7199028308198017,-3.445275469978469,9.629317273847334,-2.7199028308198017,2.6957362319093363,-29.183423246907864,-0.19345014999832078,9.201541764407906,-201.88187371135575,6.425101544525942
-1.3477971028261209,-19.656728045358307,-2.940932830514409,19.92115961467002,-93.92244360241648,-8.489525157565994,-6.250233963500705,7.9761389917535865,0.5038268422475827,-6.250233963500705,7.9761389917535865,0.5038268422475827,4.902436860674584,-27.632867037111893,-3.4447596727619914,9.775320107697777,-222.00527802198144,-11.335916434945489
-111.16369573478812,112.2646908693207,-7.044884113706502,158.14663593505946,134.7176640585411,-2.5531731440584027,24.866012591771096,-6.852210253720756,0.0390553897334307,24.866012591771096,-6.852210253720756,0.0390553897334307,-136.02970832655922,119.11690112304146,-7.083939503439932,132.35375139496233,150.1240231043937,-2.639930011076574
-110.01975347729194,113.42545610033233,-7.080964153509392,158.1765478827876,134.12677797599665,-2.5657722114136567,25.50529226404433,-5.338033702810833,0.9687366773703026,25.50529226404433,-5.338033702810833,0.9687366773703026,-135.52504574133627,118.76348980314316,-8.049700830879694,132.1006396908042,145.94765664926422,-4.694837025328888
-107.00456710629305,116.51477664538595,-7.541488411708151,158.3746968609357,132.56367207799772,-2.729343303809795,26.82973369321644,-3.7451190929504605,-0.27732812108606164,26.82973369321644,-3.7451190929504605,-0.27732812108606164,-133.8343007995095,120.25989573833641,-7.2641602906220895,131.28341712084145,140.5101505043436,-2.1428073939555343
-110.56185053398667,111.515977549804,-4.750245956599549,157.1060179593264,134.75383803400308,-1.7326550285433309,27.912890697081593,-1.2645601558565431,0.6239349252239836,27.912890697081593,-1.2645601558565431,0.6239349252239836,-138.47474123106826,112.78053770566055,-5.374180881823533,129.15753187786007,137.347781191002,-3.011858771292596
-111.1674921493784,110.76886728357226,-4.732324068474753,157.00429344816283,135.10291012215188,-1.7272347321750707,28.064269158667912,-1.5984251856176002,-0.4737320099965634,28.064269158667912,-1.5984251856176002,-0.4737320099965634,-139.23176130804632,112.36729246918986,-4.25859205847819,128.89054968285348,138.36271987759088,-0.761723711010965
-110.82885878432808,112.09114706435946,-4.461455133637976,157.69389896742948,134.6755651530012,-1.6212210169659176,27.679290316909373,0.6856274715554491,2.405611408689907,27.679290316909373,0.6856274715554491,2.405611408689907,-138.50814910123745,111.40551959280401,-6.867066542327883,129.90181081761384,133.2566151547879,-6.586809522911984
-109.03325271209326,111.69775381079353,-5.582316223715566,156.1915511728384,134.30840140982235,-2.048198438686954,27.677289469615516,1.114244186954494,1.81075082802573,27.677289469615516,1.114244186954494,1.81075082802573,-136.71054218170877,110.58350962383903,-7.393067051741296,128.43271994646562,132.00300829480597,-5.788345064742604
-108.07773145122758,111.97637389906265,-3.6077782161297467,155.6679813284772,133.9850114777526,-1.3280121772630278,27.245321490010838,1.5697055387624061,1.720276526457918,27.245321490010838,1.5697055387624061,1.720276526457918,-135.32305294123842,110.40666836030024,-5.328054742587665,128.32331329428908,130.6876310825481,-4.934920719626164
-107.70752340890203,113.82410242623143,-5.206971537361451,156.79269576293183,133.4184418469336,-1.903101136981647,27.018350795248125,1.5832754228097485,1.3948047351004795,27.018350795248125,1.5832754228097485,1.3948047351004795,-134.72587420415016,112.24082700342169,-6.60177627246193,129.69207730119524,130.06474433942927,-4.853282838694004
-105.27642617281924,114.98210155948033,-5.237491947617052,155.98538684330998,132.47689800952418,-1.9241712627049263,25.91724775237708,3.1577726518896725,2.657450593420309,25.91724775237708,3.1577726518896725,2.657450593420309,-131.19367392519632,111.82432890759065,-7.894942541037361,129.74158180601427,125.53018657124329,-7.73590910657034
-104.6745900172333,115.06085991476675,-4.1679234101670275,155.60572889567555,132.29380560323884,-1.5348598439972028,25.652826043404502,2.9498307104242656,1.1985730632373508,25.652826043404502,2.9498307104242656,1.1985730632373508,-130.3274160606378,112.11102920434249,-5.3664964734043785,129.75605650662482,125.7341476931353,-4.192448982724682
-102.93758915796593,115.324193218414,-4.371898167278712,154.64452882891564,131.75188350424673,-1.6200035913434232,24.427987672249856,3.224275599084109,1.5539499990600179,24.427987672249856,3.224275599084109,1.5539499990600179,-127.36557683021579,112.09991761932989,-5.92584816633873,129.95571971518928,124.23281752494626,-5.228669699313411
-101.30326651404755,114.70583936705901,-4.057890521459612,153.08901941942747,131.44955843433905,-1.5189021141212882,23.776500144699867,3.717994751631096,2.4904334714845078,23.776500144699867,3.717994751631096,2.4904334714845078,-125.07976665874742,110.98784461542792,-6.54832399294412,128.8950593677956,122.56203858245023,-7.427175308595146
-97.9637804122159,116.15505864299155,-4.526595357036573,152.01772918490792,130.1438811123473,-1.7063348637243299,22.630751985175948,3.3740136236414457,1.5337788508052224,22.630751985175948,3.3740136236414457,1.5337788508052224,-120.59453239739184,112.7810450193501,-6.060374207841796,129.08549464681198,121.66412699367947,-5.5413168361320455
-97.39929297841275,117.63226073785586,-4.411365762533691,152.7855725743908,129.6246933510459,-1.6545264496454708,22.194444601695977,3.450187236992093,1.0767377906915125,22.194444601695977,3.450187236992093,1.0767377906915125,-119.59373758010872,114.18207350086377,-5.488103553225204,130.29876472138602,120.78863057320814,-4.399074741220513
-93.68022609844559,119.20098699421737,-4.5377116179181485,151.67547886517073,128.16385570604388,-1.7143873605266693,19.944842956741923,3.851170707652102,4.440421672723998,19.944842956741923,3.851170707652102,4.440421672723998,-113.62506905518751,115.34981628656527,-8.978133290642146,130.88255648710725,117.23505242950944,-14.045122844891981
-92.06595123698992,118.2290546382327,-4.990025388137184,149.93048086095192,127.90818955300198,-1.90728531505828,17.237937010446103,11.016916838166651,2.090162982994215,17.237937010446103,11.016916838166651,2.090162982994215,-109.30388824743602,107.21213780006605,-7.080188371131399,129.3662470971895,95.32518654210081,-7.7409420626117775
-89.89625228589011,118.49860948424657,-6.43128526824222,148.87786287742676,127.18493829181344,-2.475856364209574,17.8872780780589,4.387598950249554,4.352839375305445,17.8872780780589,4.387598950249554,4.352839375305445,-107.78353036394901,114.11101053399702,-10.784124643547665,129.9529334926907,113.40287762585695,-15.773256678320056
-90.77319696606673,118.77824031725157,-7.07536655862102,149.6599628232012,127.38793523919045,-2.7097414511073445,18.163262585748726,4.43529700288218,-0.2509515432206504,18.163262585748726,4.43529700288218,-0.2509515432206504,-108.93645955181546,114.34294331436939,-6.82441501540037,130.96132800833624,113.66539482661457,-1.9407603941635279
-90.54492243656807,115.89632752578626,-2.3252032350316156,147.09095241751837,127.99901382047578,-0.9057653030079438,16.825093024752732,5.733628903768505,-2.609795253676025,16.825093024752732,5.733628903768505,-2.609795253676025,-107.3700154613208,110.16269862201776,0.28459201864440953,129.12517141685427,109.18101056389808,7.446847099526827
-89.59512677062276,116.03351105884025,-4.338717439236099,146.66249315589687,127.67347915625916,-1.695228724353662,16.198584473521805,4.642431473063425,-0.5958450184951425,16.198584473521805,4.642431473063425,-0.5958450184951425,-105.79371124414456,111.39107958577682,-3.7428724207409565,129.8012553539448,111.6814473260237,0.3299200022204076
-88.52345888959712,115.35844596730385,-4.01429756722591,145.46507627168725,127.50181623767088,-1.581352153219317,15.070716484971172,4.820365550598154,-0.7655737374911971,15.070716484971172,4.820365550598154,-0.7655737374911971,-103.5941753745683,110.5380804167057,-3.248723829734713,129.62372145086113,109.76495175410977,1.1886910043241747
-86.03913502235332,114.9505589109088,-4.942742962972318,143.66904488205896,126.81442015067417,-1.9715743721645604,12.748552556054392,5.467373506269041,0.2459964473620433,12.748552556054392,5.467373506269041,0.2459964473620433,-98.78768757840771,109.48318540463976,-5.188739410334361,129.7953907281005,103.6017517176253,-2.9875501706658563
-86.4876300380813,116.11789860246893,-4.347887585240539,144.85296217858703,126.6796990579411,-1.7200409763322433,11.968070126425573,6.230812185743559,0.03332182894722102,11.968070126425573,6.230812185743559,0.03332182894722102,-98.45570016450688,109.88708641672537,-4.38120941418776,131.3600442810626,99.17732905441261,-1.8615375836252679
-83.61515421201614,116.87894034434544,-3.760053459000339,143.75784747947097,125.57991763360238,-1.4987687196966015,10.265790672338653,6.832418551725425,0.5142771124125118,10.265790672338653,6.832418551725425,0.5142771124125118,-93.88094488435479,110.04652179262001,-4.274330571412851,131.41552669516997,91.93408355408106,-3.8868480522582978
-81.50457706125064,115.65799471717361,-4.743093218772479,141.57070585828507,125.17248156306557,-1.9199599789629835,9.624652326289606,6.850814319050812,0.8299140692632594,9.624652326289606,6.850814319050812,0.8299140692632594,-91.12922938754025,108.8071803981228,-5.573007288035739,129.72771862539383,89.72927262709766,-5.938336140419567
-78.88992097967287,118.18781483224441,-4.0740619584705655,142.15687527461125,123.72296069319593,-1.6422597962087457,8.469048319881267,7.017688425848917,-0.27903669814045884,8.469048319881267,7.017688425848917,-0.27903669814045884,-87.35896929955413,111.1701264063955,-3.7950252603301067,131.15457588922428,84.07687251800715,-0.18898725920574888
-77.76380171978474,118.37929439814678,-3.7080804431457963,141.68491825416686,123.30106152899221,-1.499677050493807,7.99252611228053,6.861091270595807,-1.030598993270753,7.99252611228053,6.861091270595807,-1.030598993270753,-85.75632783206527,111.51820312755098,-2.677481449875043,131.10110129789524,82.65700358827894,4.088353175883153
-74.9338500482371,118.71494805744612,-3.728928973420018,140.43584188739933,122.2604571854384,-1.5215275731260056,6.794906694871543,6.632457579797972,-0.8300020017507235,6.794906694871543,6.632457579797972,-0.8300020017507235,-81.72875674310865,112.08249047764815,-2.8989269716692947,130.9043596384131,77.95360845530251,3.474119307549176
-72.65273024158319,116.80737766607876,-3.4955495818873317,137.60305794444267,121.88109623356058,-1.4556492287306975,6.066891487671455,6.69960309250763,-0.8366730993603433,6.066891487671455,6.69960309250763,-0.8366730993603433,-78.71962172925464,110.10777457357113,-2.6588764825269884,128.52606087517404,74.0438203271487,3.833102092746162
-69.3001946693671,117.37770910532157,-2.91605508586089,136.3398215976882,120.55774537944608,-1.2255435591776547,4.7203052849909,6.767301117802589,-1.9138339595533642,4.7203052849909,6.767301117802589,-1.9138339595533642,-74.020499954358,110.61040798751898,-1.0022211263075258,127.86985071065058,65.45416097417672,11.83351010448807
-66.51614164963553,118.34735274524571,-2.416415792556908,135.78045539415646,119.33780031949759,-1.0197177150881171,4.081712702698269,6.895068950761072,-2.4539158808440784,4.081712702698269,6.895068950761072,-2.4539158808440784,-70.5978543523338,111.45228379448464,0.03750008828717055,127.40047582536415,59.9622985748844,16.007788694630733
-53.71795653409413,123.04829465232206,-2.599916592979298,134.2879787521353,113.58415397026549,-1.1093588352576196,2.9179391189218222,6.431441779948614,-1.8358898670669541,2.9179391189218222,6.431441779948614,-1.8358898670669541,-56.63589565301595,116.61685287237344,-0.7640267259123439,126.99083522369885,47.98790522693413,13.462273708599085
-48.342042694970814,127.1344249053527,-2.808847312589023,136.0441278084526,110.81898272526882,-1.183046523518849,2.1334590829062563,6.550943469986976,-2.065383579657616,2.1334590829062563,6.550943469986976,-2.065383579657616,-50.47550177787707,120.58348143536573,-0.7434637329314073,128.85160965856105,38.85796363102004,15.504793236609421
-31.801682001414747,130.5301253131093,-2.832187524671106,134.37813020930906,103.69248696140801,-1.2076697889561778,0.4018375014748017,6.280441487697374,-1.5215129977686634,0.4018375014748017,6.280441487697374,-1.5215129977686634,-32.20351950288955,124.24968382541192,-1.3106745269024425,127.90353211673522,17.35341626327471,12.383793168634602
-26.450851478863115,131.0525576988945,-2.050806735396627,133.71098022094108,101.41093125919471,-0.8788147222987956,0.3985821359892725,6.220622584073595,-0.31745729785917254,0.3985821359892725,6.220622584073595,-0.31745729785917254,-26.849433614852387,124.83193511482091,-1.7333494375374543,127.46952268374832,15.077107427357447,2.036660532037485
-15.504082510751005,128.69006421211327,-2.307722733325548,129.64117704507282,96.86966558095658,-1.0199672652163694,-0.31564593441476063,6.038969151024901,-0.9131703283200419,-0.31564593441476063,6.038969151024901,-0.9131703283200419,-15.188436576336244,122.65109506108837,-1.394552405005506,123.52540556377407,3.8776421067318836,7.567206933369919
10.58910680905717,128.4345625850588,-0.9023800466720431,128.87350518697644,85.28676726494695,-0.40119177802805367,-1.8851521535752909,5.146706060281986,-0.04383810661707832,-1.8851521535752909,5.146706060281986,-0.04383810661707832,12.474258962632462,123.28785652477683,-0.8585419400549648,123.39223674868,-24.830168404118183,0.057053479837870735
17.489780443520203,124.47935360793116,-0.22075144738155217,125.70222999538404,82.00209969203304,-0.10061979614903538,-1.4784687120641138,5.569016430679255,-0.9859737662961163,-1.4784687120641138,5.569016430679255,-0.9859737662961163,18.968249155584317,118.9103371772519,0.7652223189145642,119.85655142009853,-22.865881562811666,9.609711810008903
35.190482602742236,118.54744100356777,1.5183063629677633,123.66960454582247,73.4666229995886,0.7034447343555844,-2.39063331200191,4.899398737689353,-0.3908129419073789,-2.39063331200191,4.899398737689353,-0.3908129419073789,37.581115914744146,113.64804226587842,1.9091193048751423,118.20407891886877,-42.54317176187138,4.803884343899949
40.614652151032146,116.04871582024691,1.988795716137517,122.96670167682913,70.71100869669768,0.9267107900826127,-2.361674068937191,5.036819416613639,-0.8471604985335763,-2.361674068937191,5.036819416613639,-0.8471604985335763,42.97632621996934,111.01189640363327,2.8359562146710933,117.33955896016181,-44.410027480120945,9.585451866341707
46.41295409275199,112.12336653015677,1.4694125476697764,121.35885135789245,67.51311472909234,0.6937540497381979,-2.4780916200254524,5.2974235382126835,-1.0675889268756802,-2.4780916200254524,5.2974235382126835,-1.0675889268756802,48.89104571277744,106.82594299194409,2.5370014745454563,115.41382147258172,-47.5566957364681,11.038859576020709
47.10664899363371,111.50483581720778,0.5500484630694586,121.04820256139122,67.09774910899637,0.26035548857947355,-2.195233400733059,4.5460088022440175,0.23517813044007285,-2.195233400733059,4.5460088022440175,0.23517813044007285,49.30188239436677,106.95882701496376,0.3148703326293858,115.99443619690508,-48.67779750880416,-2.4068794784022
44.165684720482204,109.35650886222527,1.311773433393732,117.94564208525699,68.00775328282197,0.6372480546250382,-2.356455936582506,4.933280208858719,-0.6854394900438687,-2.356455936582506,4.933280208858719,-0.6854394900438687,46.52214065706471,104.42322865336655,1.9972129234376008,112.4356542908346,-47.524426182786186,7.7833245716721695
41.0607836640454,108.28560126617242,0.5911193213489199,115.81065934849906,69.23378901510056,0.2924496722145653,-2.2047868899976493,4.416625207805168,0.0638653724564957,-2.2047868899976493,4.416625207805168,0.0638653724564957,43.26557055404305,103.86897605836725,0.5272539488924242,110.87388487093534,-47.2946599122386,-0.4487870176767893
40.96010244558579,107.38678962240965,0.44789745484374777,114.9341254366631,69.12185359159149,0.22328180316013832,-1.954138138446524,4.433832889960627,-0.03408319602782406,-1.954138138446524,4.433832889960627,-0.03408319602782406,42.914240584032314,102.95295673244902,0.4819806508715718,110.08864386880224,-44.66283526339875,0.6263045700723323
41.862316483696986,107.27378493522235,1.8193104849518065,115.16695865720429,68.68237695087134,0.905148052728673,-1.3127504868602955,4.116447377196977,0.22717240043664555,-1.3127504868602955,4.116447377196977,0.22717240043664555,43.17506697055728,103.15733755802538,1.592138084515161,110.84029017562358,-39.00530018261779,-2.104559684748638
38.93275676236317,104.8437688860771,1.7846844588756667,111.85329911080959,69.62799005189407,0.9142262879245854,-1.8964854308082977,4.234198257590776,-2.2094032894338884,-1.8964854308082977,4.234198257590776,-2.2094032894338884,40.82924219317147,100.60957062848632,3.994087748309555,106.71456825881761,-44.49948262024964,26.37868694560551
33.53379603829603,107.33281057670683,1.1184576793142256,112.45487384108208,72.64972365261468,0.569863794751869,-1.4838038094462718,3.5436106486462506,0.031059493865854382,-1.4838038094462718,3.5436106486462506,0.031059493865854382,35.017599847742304,103.78919992806058,1.0873981854483712,108.61302339288845,-40.070630640195546,0.10665021519138995
30.129382542596886,107.49558811538043,1.5151393484790816,111.64845186528548,74.34262159043557,0.7775634445571205,-1.5197675510576119,3.8737297600096383,-2.5014520473082493,-1.5197675510576119,3.8737297600096383,-2.5014520473082493,31.649150093654498,103.62185835537079,4.016591395787331,106.79327545161989,-37.07878052718354,31.78928482138245
21.49220834773405,107.84693474765356,0.6942197381041666,109.9698062886892,78.72949855376555,0.3617004210931487,-1.2631816861655807,4.268441040788929,-0.28382962711283755,-1.2631816861655807,4.268441040788929,-0.28382962711283755,22.75539003389963,103.57849370686463,0.9780493652170041,105.50933813521222,-27.755838123390504,4.010024698304378
18.90369890777447,107.8002336793678,0.1858721906334324,109.44530488875871,80.05381953496895,0.09730611269613774,-2.465615664132656,4.017254399741972,-2.091813860434866,-2.465615664132656,4.017254399741972,-2.091813860434866,21.369314571907125,103.78297927962583,2.2776860510682986,104.28843774463235,-41.485969028777475,24.028329670943968
11.668254911090571,104.72300282783368,-0.5197357257983484,105.37231903670585,83.64231695448494,-0.2826053803133065,-2.5881232887149963,4.604987407006206,-1.0646045675625757,-2.5881232887149963,4.604987407006206,-1.0646045675625757,14.256378199805567,100.11801542082748,0.5448688417642273,99.98365741608521,-35.69480786532105,11.111928433452473
14.721466648325531,104.80473958995225,-1.215738957295926,105.84060204858886,82.00422395462485,-0.6581429218560066,-1.763346105142091,5.522434056254326,-0.7769705214740033,-1.763346105142091,5.522434056254326,-0.7769705214740033,16.484812753467622,99.28230553369792,-0.4387684358219228,99.99164055243958,-25.704368571409162,6.975538528577624
14.684987204730191,101.68300291335947,-0.4435781340878222,102.73888597917734,81.78220247817444,-0.2473769662465441,-1.8864897723992726,5.298638237486472,-0.4010180810492787,-1.8864897723992726,5.298638237486472,-0.4010180810492787,16.571476977129464,96.384364675873,-0.04256005303854349,97.10016038428897,-27.81520225597302,3.830859528976525
14.923816676322417,100.14705838669192,-0.8579317196695797,101.25655363743907,81.52421139097088,-0.4854644271810893,-2.1433988787889575,5.890822039608622,-0.2595464492332975,-2.1433988787889575,5.890822039608622,-0.2595464492332975,17.067215555111375,94.2562363470833,-0.5983852704362822,94.98253519506562,-28.46990526124759,1.885450017814277
10.02694637379102,99.04038769824251,-1.1776605833855456,99.55362842935826,84.2190163540312,-0.6777910155047262,-2.4792367844820546,6.137220833466472,-0.09985673174027454,-2.4792367844820546,6.137220833466472,-0.09985673174027454,12.506183158273075,92.90316686477604,-1.077803851645271,92.93380471877973,-27.778083213319817,0.18651995900117257
-5.150391390206778,99.83281366570077,-1.2776569898897918,99.97374466962144,92.95328051426559,-0.7322557164999186,-3.2057301876941438,6.471427315806352,-0.11646716974548843,-3.2057301876941438,6.471427315806352,-0.11646716974548843,-1.9446612025126342,93.36138634989442,-1.1611898201443034,92.75088913031522,-23.3990067059879,0.19166785541734033
-11.738396943638008,98.54702204652571,-1.7926216707718297,99.25985598165734,96.79276313058214,-1.03481149645719,-2.4374355815059516,7.1156587295596125,-0.46868547431948504,-2.4374355815059516,7.1156587295596125,-0.46868547431948504,-9.300961362132057,91.4313633169661,-1.3239361964523446,91.72371920984996,-12.11589278634024,2.530813897253841
-23.382306292653993,92.19376132927574,-1.8279329391455121,95.13024342675129,104.23135939703879,-1.1010093617521206,-2.1595595109129135,7.310204697119673,0.27324067104096805,-2.1595595109129135,7.310204697119673,0.27324067104096805,-21.22274678174108,84.88355663215607,-2.10117361018648,87.50282902478807,-2.2266824575694386,-3.153983917829376
-42.45106921399247,85.09889993341996,-3.8693524379565787,95.17819044076496,116.51203607916814,-2.3299316392836547,-3.060290247028206,8.048122517919381,0.8734684910624411,-3.060290247028206,8.048122517919381,0.8734684910624411,-39.39077896696426,77.05077741550058,-4.74282092901902,86.5236771867237,5.692781427088093,-8.122448333666156
29.426681287219424,42.68153240286938,0.02485539557333638,51.84248641440211,55.41577065104678,0.027469927033498206,-10.434030537394165,6.235962663172103,-0.4043538914166478,-10.434030537394165,6.235962663172103,-0.4043538914166478,39.86071182461359,36.44556973969728,0.4292092869899842,39.68026105630032,-93.71931899388716,1.9327167800183787
31.585858891278292,41.53579330725222,0.8993637823311644,52.18905500941257,52.74885702087297,0.9874158435551104,-8.2104289033241,6.135668506933712,-1.9292025695087445,-8.2104289033241,6.135668506933712,-1.9292025695087445,39.79628779460239,35.40012480031851,2.8285663518399087,41.75931899368729,-90.48031371063013,11.646879110535702
30.552930904012726,38.69113388230858,-0.10727315463864429,49.30007033923794,51.70317889909213,-0.12467130013510912,-7.182248632112987,5.959099289221783,-0.09006748656871189,-7.182248632112987,5.959099289221783,-0.09006748656871189,37.73517953612571,32.732034593086794,-0.0172056680699324,39.967135543342856,-88.614385515615,0.428270198885147
29.681304413295152,37.92365500531923,-0.006747181062003449,48.15790159632811,51.951156463116604,-0.008027446938377737,-6.307191765539301,5.672126211715664,0.27489717691572135,-6.307191765539301,5.672126211715664,0.27489717691572135,35.98849617883445,32.25152879360357,-0.2816443579777248,39.670896695493255,-86.0834525239496,-1.8641832500647602
21.240794894932947,35.04727395211876,-0.3313415434868823,40.982832582215586,58.78156997172246,-0.46323491204212874,-4.707691793346385,5.9045047092781715,0.2365941603843864,-4.707691793346385,5.9045047092781715,0.2365941603843864,25.94848668827933,29.142769242840586,-0.5679357038712687,33.42760163407396,-69.78396464328563,-2.257761578595642
22.546895772605353,38.5949135542038,0.03254046581090364,44.69822054756888,59.70680723801597,0.04171153786890674,-4.664644802952353,5.983727319629963,-0.25439448826722,-4.664644802952353,5.983727319629963,-0.25439448826722,27.211540575557706,32.611186234573836,0.28693495407812364,37.106868867594024,-68.23156955365401,1.9621152522391083
12.140211949836157,35.403032772725055,-1.3016102955934912,37.449347992390784,71.07241691819043,-1.9918050297465564,-3.604281953458667,6.090247480435508,0.38070526411827377,-3.604281953458667,6.090247480435508,0.38070526411827377,15.744493903294824,29.312785292289547,-1.682315559711765,30.36225414010505,-49.5451417843899,-5.071108000093129
9.972379029797708,35.074153636107326,-1.6088689983819648,36.49976789319577,74.12834418198192,-2.5263525074201345,-3.742676499806066,6.1798193712955936,-0.5850364277929316,-3.742676499806066,6.1798193712955936,-0.5850364277929316,13.715055529603774,28.894334264811732,-1.0238325705890332,29.251315474514552,-47.071960091822774,2.1031349082651705
5.974292541812929,33.64725456475696,-1.620842463403065,34.211942964583145,79.9316860923257,-2.7154905619274707,-2.9929487819961196,6.143920603963522,0.04287306179884842,-2.9929487819961196,6.143920603963522,0.04287306179884842,8.967241323809048,27.50333396079344,-1.6637155252019133,27.37766605338855,-36.04087408596686,-3.074923116347208
1.3218322328077647,30.32343485858962,-2.28685800292682,30.438259832000387,87.50399343921335,-4.308751371435795,-2.3636349549794886,6.027603827040011,-0.027056756873041987,-2.3636349549794886,6.027603827040011,-0.027056756873041987,3.6854671877872534,24.29583103154961,-2.259801246053778,23.96373203730827,-23.90789470018555,-4.069314220578009
0.49039509875717613,29.341099431729276,-2.5167451710470203,29.45292191738364,89.04247100011048,-4.901888438414421,-1.976961905224698,6.063974303917931,0.3637920448905829,-1.976961905224698,6.063974303917931,0.3637920448905829,2.467357003981874,23.277125127811345,-2.8805372159376033,23.06445516978197,-19.014405172680924,-8.166369769480777
-0.630028364632949,26.723030251354544,-2.555053219565039,26.852291866987105,91.3505684026614,-5.4600768553512475,-2.1177682771960917,5.955562684627111,-0.3018548131941774,-2.1177682771960917,5.955562684627111,-0.3018548131941774,1.4877399125631428,20.767467566727433,-2.2531984063708617,20.52419691710926,-18.224563455378743,-2.725988253171489
-0.5958785370014539,26.011039353209526,-2.5421617002060515,26.141764010392798,91.31234104671076,-5.580560154137906,-1.8660268547967007,6.062529415099348,-0.6484729347934464,-1.8660268547967007,6.062529415099348,-0.6484729347934464,1.2701483177952468,19.948509938110178,-1.8936887654126051,19.76549266430605,-15.795854356162891,0.2565677501164325
0.36834370109238534,28.60571636087434,-1.544645039032062,28.649757658617894,89.26226727164392,-3.090587185665189,-1.5433984228830013,5.483128552032468,0.22431895683962422,-1.5433984228830013,5.483128552032468,0.22431895683962422,1.9117421239753867,23.12258780884187,-1.7689639958716863,22.949135201002495,-16.458653493561712,-5.3457529578769964
-0.3494863514139297,27.567150697174952,-1.8093472106606043,27.628674879539616,90.72633622831555,-3.754874327681278,-1.8326566917037326,5.6637411408819105,-1.1838967614927418,-1.8326566917037326,5.6637411408819105,-1.1838967614927418,1.4831703402898029,21.90340955629304,-0.6254504491678625,21.55922632119119,-17.204054721568852,7.4932592787891465
-1.7343903607386437,25.06294117966661,-1.8299298918955387,25.189437744977642,93.9586365360496,-4.166020022886634,-1.9796877883532034,5.137269071108264,-2.6114224008388573,-1.9796877883532034,5.137269071108264,-2.6114224008388573,0.24529742761455964,19.925672108558345,0.7814925089433187,19.095980253214584,-17.115931428932342,21.210295520284248
-4.090102763929622,19.061806268430587,-3.0570735897395735,19.733907311218616,102.11036103005188,-8.911852867417997,-1.4071210851454907,4.542784073350603,-3.9814521551974016,-1.4071210851454907,4.542784073350603,-3.9814521551974016,-2.682981678784131,14.519022195079984,0.924378565457828,13.531582090023345,-5.099933846458114,31.023954881283736
-4.075148738545295,17.114490710986274,-3.153859414896573,17.87342884694021,103.39335315535835,-10.163352731252232,-3.4405252681383445,3.557858781568072,-1.2529728062207512,-3.4405252681383445,3.557858781568072,-1.2529728062207512,-0.6346234704069502,13.556631929418202,-1.9008866086758216,12.767989190709988,-30.646127205710783,4.0432544878184995
-4.056885567677227,16.059834172201818,-3.1494695586242827,16.861072108515224,104.1769386133285,-10.765476284188216,-1.517374956171352,4.90395583279485,-1.0697203450834591,-1.517374956171352,4.90395583279485,-1.0697203450834591,-2.539510611505875,11.155878339406968,-2.0797492135408238,11.617455876914734,-3.0160993601625137,1.0057426107069851
-0.31912148003971197,18.89959972232282,-2.460678248055544,19.06178495376289,90.9673525823907,-7.41698712240194,-3.6520379305991355,3.401988842183357,-1.362646282551856,-3.6520379305991355,3.401988842183357,-1.362646282551856,3.3329164505594235,15.497610880139462,-1.0980319655036879,13.888032541806236,-46.062801498913416,7.85353632950204
-3.855385631779427,13.457717460609842,-3.173455642821935,14.354266903478306,105.98602248803404,-12.772533093134832,-3.826700236443685,3.778166063712405,-1.7780352188329778,-3.826700236443685,3.778166063712405,-1.7780352188329778,-0.028685395335742214,9.679551396897438,-1.3954204239889572,8.69038283474979,-29.379633579672102,5.523400528202018
-5.194857124842088,9.778338814849235,-3.404595896960309,11.584201472139059,117.97999821429103,-17.091583542887808,-4.153571422976256,4.667386976318099,-2.532287117224519,-4.153571422976256,4.667386976318099,-2.532287117224519,-1.0412857018658315,5.110951838531136,-0.87230877973579,4.842604124586323,-13.68632385851025,4.971130569707068
0.6065311009566585,7.970996117342793,-2.843959747134777,8.484855103208568,85.64861998827944,-19.583527121453713,-7.172760097548235,5.117670755687328,0.9363308870989744,-7.172760097548235,5.117670755687328,0.9363308870989744,7.779291198504893,2.8533253616554646,-3.7802906342337517,-0.37605663942452416,-58.84401790396497,-25.649285837606488
0.25940182778504095,7.5997625879783754,-2.9075107677843217,8.141087124375698,88.04508866324572,-20.92467910965921,-7.940653973983899,4.876654097567581,0.5041254064236005,-7.940653973983899,4.876654097567581,0.5041254064236005,8.20005580176894,2.7231084904107945,-3.4116361742079224,-1.191108927319247,-60.39926165764682,-24.021305521340494
-1.0236179018005878,6.346942222448433,-2.997792329727165,7.093534241558035,99.16162155613979,-24.999422660681624,-8.93071798379492,4.072308491587762,0.6255831786487887,-8.93071798379492,4.072308491587762,0.6255831786487887,7.907100081994333,2.274633730860671,-3.623375508375954,-2.74174788302508,-56.32591796459771,-28.646241145748846
-1.2978276756719112,6.041472724560435,-3.094284260690732,6.910741236893915,102.12400867919384,-26.599416481244297,-9.123036534390394,4.386674393989736,0.084401592339447,-9.123036534390394,4.386674393989736,0.084401592339447,7.825208858718483,1.6547983305706992,-3.178685853030179,-3.2124910273335816,-52.19611937286625,-27.07712072887544
-2.229739476463976,5.6116833003775355,-3.1597980817622817,6.8152073713238215,111.6698442821252,-27.622196388446426,-9.599061254709795,4.857996893025486,-0.0244779761798406,-9.599061254709795,4.857996893025486,-0.0244779761798406,7.369321778245819,0.7536864073520491,-3.135320105582441,-3.943171221923115,-41.486602108378705,-27.4918341852551
-2.8751615721049006,5.536193446451989,-3.185857212793165,7.004689723503312,117.44461536768446,-27.053208495926743,-9.355320017414215,4.981072783135133,1.4181411923405027,-9.355320017414215,4.981072783135133,1.4181411923405027,6.480158445309314,0.5551206633168562,-4.603998405133668,-3.6884961039539865,-34.52311397451021,-34.674285804667065
-12.10685229814834,7.101408174795324,-3.4942427664129703,14.464287163384823,149.60577379076665,-13.979649848250503,-10.438996103065847,4.536836496823909,1.3919219384163222,-10.438996103065847,4.536836496823909,1.3919219384163222,-1.6678561950824928,2.564571677971415,-4.886164704829293,2.9972486738103647,-6.904235192897403,-20.951668651634833
-12.602499008431721,7.602501442293033,-3.064970242661637,15.033796992975244,148.8993733191535,-11.76347490274055,-10.316101244581432,4.066309295623512,2.5764070831039616,-10.316101244581432,4.066309295623512,2.5764070831039616,-2.286397763850289,3.5361921466695208,-5.641377325765599,3.6498306528108024,-9.587699416855429,-24.843923024696053
-5.092251372150258,5.775174017100312,-3.0280550046170056,8.273619285170357,131.40418967488216,-21.468470220735366,-11.252524094033333,4.918196996092803,1.832770824895247,-11.252524094033333,4.918196996092803,1.832770824895247,6.160272721883075,0.8569770210075092,-4.860825829512253,-4.142781524877785,-24.986874291075623,-29.956852307216693
-22.17383157386132,19.112031211107706,-3.4094355969917105,29.471559082789607,139.241347377265,-6.643172152930848,-25.39320012996427,-8.302399880545323,2.351786693978852,-25.39320012996427,-8.302399880545323,2.351786693978852,3.2193685561029497,27.41443109165303,-5.761222290970562,2.6522496720148325,301.1360009497221,-11.673903602341912
-28.979225683410732,25.88492482713525,-3.8207394369848497,39.04385872786944,138.22802332490576,-5.615816517616693,-25.3694711849339,-9.256293202410703,2.0374587473918613,-25.3694711849339,-9.256293202410703,2.0374587473918613,-3.609754498476832,35.14121802954595,-5.858198184376711,11.961756331646402,298.1830439138822,-9.930407335720997
-21.43926517464024,24.47479276906529,-3.5939500439809287,32.73490567018428,131.21749445475155,-6.303183281909151,-25.04545995681451,-11.381154935701403,2.995588270585576,-25.04545995681451,-11.381154935701403,2.995588270585576,3.6061947821742706,35.85594770476669,-6.5895383145665045,5.062188037004315,286.7795027936122,-12.517663377083391
-21.05395067806296,25.44745538483312,-3.610017791893327,33.22460012062096,129.60265293046237,-6.237786055328816,-24.954162370284394,-11.818795435436869,3.292158382271009,-24.954162370284394,-11.818795435436869,3.292158382271009,3.9002116922214327,37.26625082026999,-6.902176174164336,5.41754252796693,284.2594723734776,-13.037147797195239
-25.035168658686075,33.85766770088151,-3.8939480087434415,42.287872528740074,126.48010663104124,-5.283389120241943,-19.531586695147098,-11.385914060638754,-19.47587010111136,-19.531586695147098,-11.385914060638754,-19.47587010111136,-5.503581963538977,45.24358176152026,15.58192209236792,12.447774773845538,276.24011281807515,35.460161440967106
-20.383119507043375,28.50258531168174,-3.8384559119213293,35.2505698404419,125.56978378660123,-6.251367826545676,-17.86112259680408,-9.9700603237592,-22.165659745513256,-17.86112259680408,-9.9700603237592,-22.165659745513256,-2.521996910239295,38.47264563544094,18.327203833591927,5.0887019402051905,276.3995737439901,41.046567248876414
-19.639789886481367,30.762930691304007,-3.619186258305376,36.67666507025163,122.55513334577533,-5.663058821028808,-21.71428881656925,-9.847128979979473,14.512078125581283,-21.71428881656925,-9.847128979979473,14.512078125581283,2.074498930087884,40.61005967128348,-18.13126438388666,8.764719608125368,278.16150011850874,-36.99018319336489
-16.83878994673512,34.00375419866862,-3.7025538961837228,38.12491379436663,116.3447903127139,-5.573143245232363,-23.708779814293848,-16.27767243791655,3.990606141777161,-23.708779814293848,-16.27767243791655,3.990606141777161,6.869989867558729,50.28142663658517,-7.693160037960884,9.090558322657508,261.8725719739879,-13.473127973333737
-15.931092267552572,35.084184964540555,-3.8448775001595124,38.7231561014156,114.42193762423587,-5.6983692734906555,-23.654182030929178,-16.023075615580055,4.820225247529928,-23.654182030929178,-16.023075615580055,4.820225247529928,7.723089763376606,51.10726058012061,-8.66510274768944,9.749135821657148,260.30866861426125,-15.27483307072906
-14.251346292893913,36.94445266420769,-3.6425306299454405,39.76507868982475,111.09415271756679,-5.255732118224964,-23.119912799762233,-17.015169959293445,4.327395675791762,-23.119912799762233,-17.015169959293445,4.327395675791762,8.86856650686832,53.95962262350113,-7.969926305737203,10.734530469938978,254.7428299333463,-13.828392142325235
-15.390430307349334,43.59948599698214,-4.003283253916216,46.409124114310806,109.44281180734444,-4.948523609443036,-22.7416818893239,-17.6903887558627,3.7424035062067764,-22.7416818893239,-17.6903887558627,3.7424035062067764,7.351251581974566,61.28987475284484,-7.745686760122992,17.355044650455394,251.56403895040287,-12.349251455498933
-12.44835433018875,38.107153281715256,-3.8565352741004695,40.27393103592511,108.09051326795735,-5.494926316372354,-22.2002016885217,-18.116451040185254,4.080246865625306,-22.2002016885217,-18.116451040185254,4.080246865625306,9.751847358332952,56.22360432190051,-7.936782139725776,11.33082878708322,248.87438494504516,-13.599181583737854
-12.20311425127261,38.58101965203886,-3.6560764380680624,40.62976704020856,107.55207893416147,-5.162753853250045,-21.603522880659057,-18.628868638775543,4.356803883991884,-21.603522880659057,-18.628868638775543,4.356803883991884,9.400408629386448,57.209888290814405,-8.012880322059946,11.77272825069516,246.78065128833174,-13.846413169298541
-11.475579462840187,38.93077302845177,-3.6014098726284374,40.746339291664626,106.42387518457527,-5.070767189066555,-18.04980113175816,-15.110384435847052,-19.036130446059595,-18.04980113175816,-15.110384435847052,-19.036130446059595,6.574221668917971,54.04115746429882,15.434720573431157,10.472698924928022,246.48950198906846,33.89103605323096
-11.190004883706251,39.13319989134101,-3.565711044942219,40.8575309862092,105.95770042335208,-5.0066761121858,-20.411285049614207,-19.882006618282375,3.9299980899421207,-20.411285049614207,-19.882006618282375,3.9299980899421207,9.221280165907956,59.01520650962338,-7.49570913488434,12.093671204653848,241.7102742404645,-12.859545345873531
-10.282240908559515,39.992329732131324,-3.5671224283993936,41.44677644792608,104.4187560156148,-4.937277104166065,-19.52957490713061,-20.013325427773367,4.408619041863587,-19.52957490713061,-20.013325427773367,4.408619041863587,9.247333998571094,60.00565515990469,-7.975741470262981,13.13823687790467,238.71785951188753,-13.896680131206754
-10.148776133034517,47.72152953417971,-3.561069058893441,48.91853688452104,102.00603286483172,-4.174590579155218,-18.299115715222115,-20.708221031322964,3.7627066690575353,-18.299115715222115,-20.708221031322964,3.7627066690575353,8.150339582187598,68.42975056550267,-7.323775727950976,21.02864596113115,233.47191647882343,-11.928175180795616
-9.18488779181871,40.99447603039661,-3.346844009418266,42.14392712572526,102.62866515785207,-4.554918948168983,-18.15624769109695,-20.24101765930928,4.970032182932728,-18.15624769109695,-20.24101765930928,4.970032182932728,8.97135989927824,61.23549368970589,-8.316876192350994,14.502484580077969,234.52085652560248,-14.913241969508103
-9.821888944343982,47.65228740521778,-3.430031707692361,48.77473849135716,101.64646458030103,-4.032593377063755,-17.204545289680482,-20.838951711794778,4.039039386997562,-17.204545289680482,-20.838951711794778,4.039039386997562,7.3826563453365,68.49123911701255,-7.469071094689923,21.451266416218193,231.18939254183192,-12.533384372078418
-9.261415298685506,41.74141202362986,-3.5205343390769386,42.90120573006984,102.50989983642414,-4.707066738441597,-16.58052726690198,-21.176295366924776,3.9336755050018803,-16.58052726690198,-21.176295366924776,3.9336755050018803,7.319111968216475,62.91770739055464,-7.454209844078819,15.71990383162554,230.5699850581056,-13.028126749996588
-9.94260711067568,41.401286407305406,-3.6211359674214343,42.73212583094297,103.50397467580417,-4.861095049903571,-15.615369104349156,-21.497556806238407,3.5611999503747533,-15.615369104349156,-21.497556806238407,3.5611999503747533,5.6727619936734754,62.89884321354381,-7.182335917796188,15.924163469191964,229.49783358555123,-12.49489628130268
-10.130867349479331,41.440053894042634,-3.461674712418848,42.800651067577284,103.73767263102046,-4.639093607796946,-15.332160593693516,-21.640467500939465,3.150108154452898,-15.332160593693516,-21.640467500939465,3.150108154452898,5.201293244214185,63.0805213949821,-6.611782866871746,16.092821438145094,229.05504939245372,-11.412726000544676
-10.727212333936677,48.770407889264106,-3.329916311013516,50.047118925877356,102.40486651295464,-3.8150288572362316,-14.523974848246553,-21.581601169709828,2.8149869430236345,-14.523974848246553,-21.581601169709828,2.8149869430236345,3.7967625143098758,70.35200905897393,-6.144903254037151,23.881578497093688,226.34461120828433,-9.991076810554699
-9.892751214729515,41.79851957903215,-3.903849680567742,43.13030034585587,103.31557744170534,-5.193116021240155,-13.972654940680059,-19.75857396214832,8.083496268685442,-13.972654940680059,-19.75857396214832,8.083496268685442,4.079903725950544,61.55709354118047,-11.987345949253184,17.616005469554707,228.5823512748936,-23.663972392167206
-9.585979197816187,41.458285523011,-3.842633259388826,42.72524155642223,103.01912835359586,-5.160054404523859,-13.310277669905417,-16.947008772530197,-16.017820507452612,-13.310277669905417,-16.947008772530197,-16.017820507452612,3.724298472089231,58.4052942955412,12.175187248063786,15.875005583619913,231.16542221067908,31.463982920078852
-10.654391583163033,48.846562626782784,-4.010366615339425,50.15561564619676,102.30461166888634,-4.586178968947953,-11.293559835144379,-20.821980546238876,3.200203183288723,-11.293559835144379,-20.821980546238876,3.200203183288723,0.6391682519813457,69.66854317302166,-7.210569798628148,26.25288216167102,220.77941540497307,-12.280294198235476
7.0427071707946425,31.5847277110164,-3.365649869466367,32.53494041667279,77.42992040485632,-5.937712922225966,3.118756808749822,-6.697155054860957,-0.44132895056779464,3.118756808749822,-6.697155054860957,-0.44132895056779464,3.9239503620448204,38.281882765877356,-2.924320918898572,25.134041748025695,142.45928631942496,-2.519033982501304
9.169818398958796,30.390305722993276,-3.1719218689915785,31.90168239685594,73.20960007068328,-5.706235647653411,2.871089124586433,-6.573780062668391,-0.07404183863877956,2.871089124586433,-6.573780062668391,-0.07404183863877956,6.298729274372363,36.964085785661666,-3.097880030352799,24.72789544242776,139.61636863674266,-5.114865955298944
9.799219037605667,28.56871561405285,-2.785970072284325,30.330806695952948,71.06776334098018,-5.270207347049711,2.4873884818134684,-6.329497422480358,0.08445134352165429,2.4873884818134684,-6.329497422480358,0.08445134352165429,7.3118305557921985,34.89821303653321,-2.8704214158059793,23.529573637891605,139.61375213325488,-5.981670969413605
8.625153894173309,25.805006810177815,-2.749819913285009,27.34690413423419,71.51813395543405,-5.771029584111778,2.167416242505851,-6.109560374014421,0.772924426738278,2.167416242505851,-6.109560374014421,0.772924426738278,6.457737651667458,31.914567184192236,-3.522744340023287,20.81836422844713,141.9855794495619,-12.570317164321157
9.97874394078417,28.031766137147315,-2.6938181814331017,29.876611250241805,70.40529509308111,-5.173087025338107,1.9542179861423392,-6.083951771182996,0.14906863179431262,1.9542179861423392,-6.083951771182996,0.14906863179431262,8.024525954641831,34.11571790833031,-2.8428868132274143,23.48476812416088,142.5978271062636,-6.5094430223300295
7.486444751050271,25.000538605508837,-2.8838110338009173,26.256240242173625,73.32960047054381,-6.30570947990038,1.6961417229128983,-6.239030128452441,-0.615341358970424,1.6961417229128983,-6.239030128452441,-0.615341358970424,5.790303028137373,31.239568733961278,-2.2684696748304933,19.76154712578985,148.12075147635983,-0.8690515836457475
7.195857054950466,24.84614424296194,-2.978953641013959,26.038152916300756,73.84810350877606,-6.569437705936149,2.340793105860257,-6.130820165185469,-1.5887000647383411,2.340793105860257,-6.130820165185469,-1.5887000647383411,4.8550639490902086,30.97696440814741,-1.3902535762756179,19.286098698658,142.95087228068013,7.039360752749683
6.62030007929593,24.207257340542697,-2.778261638116547,25.249523140467705,74.70452789936003,-6.31717417640945,1.2961150327471387,-5.573920391637415,0.4482496718313116,1.2961150327471387,-5.573920391637415,0.4482496718313116,5.324185046548791,29.78117773218011,-3.2265113099478584,19.50936369331631,151.61405396579192,-10.795967678434678
6.468542293630776,23.898736133328953,-3.0254575083610007,24.942835069612094,74.85493839115763,-6.966884380695283,1.7350106160281484,-6.34970121761711,-1.4956311476866049,1.7350106160281484,-6.34970121761711,-1.4956311476866049,4.7335316776026275,30.248437350946062,-1.5298263606743958,18.192584709761064,149.57232665890743,5.834189046930356
5.761606811815227,23.204896515979158,-3.3444948978076354,24.14226545899781,76.05585941898815,-7.962952837966806,1.322794419339516,-5.790900904012432,0.5382842755248605,1.322794419339516,-5.790900904012432,0.5382842755248605,4.438812392475711,28.99579741999159,-3.882779173332496,18.17786537875461,153.18875719167175,-13.140915089994518
7.064262815771485,27.448425906273314,-3.0842846052766433,28.510221068746805,75.56729164307775,-6.21050998535974,1.4494521229723887,-5.776458454973948,0.48663564369000745,1.4494521229723887,-5.776458454973948,0.48663564369000745,5.614810692799097,33.22488436124726,-3.570920248966651,22.534838404135378,151.481231337249,-10.881856377291477
6.441034337172141,26.869737013514737,-2.946839398704199,27.787651087305488,76.51979775144004,-6.08757989888887,2.2703474861230006,-5.977724745155285,-0.8892123112089136,2.2703474861230006,-5.977724745155285,-0.8892123112089136,4.17068685104914,32.84746175867002,-2.057627087495286,21.33177241968848,145.7229567514226,1.829327978481496
4.444457192674918,22.665284432465683,-3.176049899730039,23.31427912476957,78.90558619272669,-7.829616024566771,1.1632075266350057,-5.8626142940454145,0.2845587514858128,1.1632075266350057,-5.8626142940454145,0.2845587514858128,3.281249666039912,28.527898726511097,-3.4606086512158516,17.33061203895897,157.68321834607664,-10.555397212563474
3.1599569326206165,23.401611774846288,-3.243569940837748,23.835719150840564,82.30977445318406,-7.82108849176316,1.2669877305263526,-5.813859044294361,-0.2900097207762302,1.2669877305263526,-5.813859044294361,-0.2900097207762302,1.892969202094264,29.21547081914065,-2.953560220061518,17.878343845022375,160.01578184585622,-5.030782002056469
2.970206194440152,25.792329871693767,-3.202239618160835,26.15952491196803,83.43084052987477,-7.031326159876889,0.6462266506193828,-6.140904162298256,-1.689703864915066,0.6462266506193828,-6.140904162298256,-1.689703864915066,2.3239795438207693,31.933234033992022,-1.512535753245769,19.757696113443995,167.42353541424907,8.272698773302315
2.9183646192196875,22.375935990701464,-3.150063161531797,22.784254682396835,82.56918553529893,-7.946949273328635,0.8575364111818544,-6.184346825097606,-1.1185225259655205,0.8575364111818544,-6.184346825097606,-1.1185225259655205,2.060828208037833,28.56028281579907,-2.0315406355662766,16.441336821452254,164.67475414947842,2.2098116906054655
3.2466060688103653,22.2969224198589,-3.1495377295803735,22.75110520992976,81.71550782416436,-7.957267259874369,2.989561895017232,-5.566591460755177,-1.3898309811697938,2.989561895017232,-5.566591460755177,-1.3898309811697938,0.25704417379313327,27.86351388061408,-1.7597067484105797,16.281479952520268,143.47729448709114,4.447936578016453
4.4301283742694295,23.67106770770829,-3.121578724361534,24.28352811203108,79.39951249201451,-7.385646673264519,2.004898018965605,-5.9183669779299635,-2.3430950753052513,2.004898018965605,-5.9183669779299635,-2.3430950753052513,2.4252303553038246,29.589434685638253,-0.7784836490562825,17.609940000391003,150.6852574114256,13.16894843162421
4.452772651228429,20.656770781926753,-3.0787909944503866,21.354351252334954,77.83545762886632,-8.289582492823241,1.6627097786247305,-5.908109368519263,-0.637758012443107,1.6627097786247305,-5.908109368519263,-0.637758012443107,2.7900628726036985,26.564880150446015,-2.44103298200728,15.18368715511213,152.11734783853743,-2.3572856126985053
4.534899550668683,20.699801682313705,-3.0680127333920346,21.41167452008432,77.6429041397973,-8.238090646453461,2.298547918240274,-5.441520893764022,0.24444281302692206,2.298547918240274,-5.441520893764022,0.24444281302692206,2.236351632428409,26.141322576077727,-3.3124555464189567,15.499549313480724,144.74326601628815,-10.607718233423997
5.523923317502067,21.758692564424337,-2.933299844591062,22.639758808544226,75.75514692387712,-7.444403726445357,2.4913702820201706,-5.661892116859121,-0.3785264723276016,2.4913702820201706,-5.661892116859121,-0.3785264723276016,3.0325530354818966,27.420584681283458,-2.55477337226346,16.44240207237537,142.00448456816142,-3.9426726186469767
5.73774034974349,19.32123913725286,-3.0412897832964845,20.383360607759695,73.46039995303904,-8.580830858164466,2.4328247546363855,-5.647778196588234,0.10705220074186839,2.4328247546363855,-5.647778196588234,0.10705220074186839,3.3049155951071043,24.969017333841094,-3.148341984038353,14.232954522116835,140.156059755608,-9.578155092306334
6.91407947426319,19.88805799023919,-2.9650338948747716,21.263366892317425,70.83000262584189,-8.015633289576932,2.3886018586545106,-6.157798468419941,-0.13354188844801218,2.3886018586545106,-6.157798468419941,-0.13354188844801218,4.525477615608679,26.04585645865913,-2.8314920064267595,14.657177805346556,139.6287956059358,-6.857339499858806
6.642586546493703,18.451384565741932,-2.9032811848599565,19.824393813151527,70.20088145438083,-8.42125073593225,2.217711181314371,-6.251233345031068,-0.1660898472673331,2.217711181314371,-6.251233345031068,-0.1660898472673331,4.424875365179332,24.702617910773,-2.7371913375926233,13.189354472264363,140.6680395745786,-6.986859635401681
7.332828239508672,19.012870213160795,-2.9209689221957476,20.586200795121627,68.90951624191696,-8.157207204191941,2.172779607540633,-6.362080848603114,0.1297277376529662,2.172779607540633,-6.362080848603114,0.1297277376529662,5.1600486319680385,25.37495106176391,-3.0506966598487137,13.862074589210298,140.05343980838097,-9.262676198405916
7.008692338253468,17.578124419351525,-2.8560408080737467,19.138160713398708,68.26200285088707,-8.58246730447465,1.9896085370151013,-6.401811051779134,0.37929688305464593,1.9896085370151013,-6.401811051779134,0.37929688305464593,5.0190838012383665,23.97993547113066,-3.2353376911283926,12.423580086230709,140.9973649198715,-11.820746225596872
7.129123817749701,16.776034505357984,-2.885196492568877,18.45492072414562,66.97650651689659,-8.994376121789296,2.3191155094825717,-6.674245753231077,-0.13422630382730816,2.3191155094825717,-6.674245753231077,-0.13422630382730816,4.810008308267129,23.45028025858906,-2.7509701887415687,11.387964532015602,137.8155833660996,-7.906062712637079
7.4389836760625485,17.970934616404293,-2.881755444561577,19.662082381122897,67.51312128426476,-8.427863368390803,2.0872192151634863,-6.54505013649316,0.5717085041358139,2.0872192151634863,-6.54505013649316,0.5717085041358139,5.351764460899062,24.515984752897452,-3.453463948697391,12.768533516056515,139.82561727785574,-13.18508663791346
6.479479200203855,15.6803619567047,-3.065756449832149,17.2411213210984,67.54848229407305,-10.24260489003025,1.6859624067540153,-6.976203998222303,0.26452565170202336,1.6859624067540153,-6.976203998222303,0.26452565170202336,4.7935167934498395,22.656565954927004,-3.330282101534172,10.059208951665799,143.96213071598063,-12.353412092224758
6.28958393738867,15.445812148130244,-2.928249882739962,16.932413484100604,67.84369017877572,-9.958657792247548,2.0980002302017056,-6.944266089760731,0.19596506501605493,2.0980002302017056,-6.944266089760731,0.19596506501605493,4.191583707186965,22.390078237890975,-3.124214947756017,9.675496866277719,141.03308430029458,-11.506055508055944
5.834071726410684,14.469372330478222,-2.967775900904943,15.881020821877462,68.04063695065217,-10.770505874823172,1.9911307250924892,-7.070788136996725,-0.12537371611284032,1.9911307250924892,-7.070788136996725,-0.12537371611284032,3.842941001318195,21.540160467474948,-2.842402184792103,8.534159926815345,142.3134414135135,-9.792709562698255
5.817409369224492,17.284879846669355,-2.887567254254513,18.464760159037546,71.3987952119337,-8.996991486653437,1.881597525149573,-6.898383262190492,0.32728163007726874,1.881597525149573,-6.898383262190492,0.32728163007726874,3.9358118440749195,24.183263108859848,-3.214848884331782,11.306882390864569,146.14197367312107,-11.617655977712587
5.173247073869334,12.861981895840586,-2.8571577705081523,14.154731156111858,68.08940294659332,-11.645267391008659,1.8913285132430246,-6.542126957642523,-0.08079525260203502,1.8913285132430246,-6.542126957642523,-0.08079525260203502,3.281918560626309,19.40410885348311,-2.7763625179061173,7.344218947198191,141.96482443676405,-10.965533557701738
4.978318157527156,15.703404291072047,-2.8813257600997524,16.72371358706669,72.41026099008816,-9.920981340836912,2.060176126713486,-6.476448666576289,-0.19701984866200384,2.060176126713486,-6.476448666576289,-0.19701984866200384,2.9181420308136694,22.179852957648336,-2.6843059114377485,9.924630573553415,144.76425069311762,-8.26046533035607
4.654461200098126,14.770272506309084,-2.818679218492404,15.74070873596897,72.50913126860536,-10.315559501328563,1.9837277819783594,-6.368856065007208,-0.19579340642184007,1.9837277819783594,-6.368856065007208,-0.19579340642184007,2.6707334181197666,21.13912857131629,-2.622885812070564,9.067191031806484,145.20872110856556,-8.634325355311352
4.883746980911496,11.436472136759335,-3.071870452849737,12.809382014270868,66.8759357221711,-13.875568812570405,1.7674718495136403,-6.453917524301232,-0.266945303196668,1.7674718495136403,-6.453917524301232,-0.266945303196668,3.116275131397856,17.890389661060567,-2.804925149653069,6.112497070940539,141.5604105387235,-11.591089892549906
4.540137439574323,13.480490745072302,-2.894918428980194,14.516095597944155,71.38682523466089,-11.503522165559968,2.1122636650547975,-6.110750662916729,-0.23643240370670293,2.1122636650547975,-6.110750662916729,-0.23643240370670293,2.427873774519526,19.59124140798903,-2.658486025273491,8.046255434804845,142.31842392144185,-9.40925160107832
4.555478417481368,13.007249023586155,-2.879887368714222,14.0795831625159,70.69841251336852,-11.80277790830943,3.101884999994354,-5.670232229450534,-0.3659276345524243,3.101884999994354,-5.670232229450534,-0.3659276345524243,1.4535934174870135,18.67748125303669,-2.513959734161798,7.606011727610847,132.01766905791214,-8.562327002693765
4.2025851050918845,12.191116440971086,-2.8900190146475957,13.21503884019568,70.97963679698483,-12.632200553831213,2.7565544021567803,-5.883654291511135,-1.7927139709472812,2.7565544021567803,-5.883654291511135,-1.7927139709472812,1.4460307029351043,18.07477073248222,-1.0973050437003145,6.474875387007256,135.87604858974885,2.7926860969293035
4.045848730553985,11.823617369752242,-2.8713369557616453,12.822300712834446,71.10989126214835,-12.940145830703237,2.412820837227173,-5.894966020724553,-2.0978352363762474,2.412820837227173,-5.894966020724553,-2.0978352363762474,1.6330278933268119,17.718583390476795,-0.7735017193853979,6.11609154095228,138.85051220886913,5.2891033599440185
3.616487034000329,10.829361201545339,-2.8520492146883534,11.76810210797104,71.5331538486956,-14.02553013053516,2.5487777805592486,-5.246988074360246,-3.144894067831716,2.5487777805592486,-5.246988074360246,-3.144894067831716,1.0677092534410804,16.076349275905585,0.2928448531433627,5.141073307291638,135.62451908340984,14.30489331635708
2.755024680456927,9.507962580718868,-2.88735291795075,10.311562456731554,73.840540255507,-16.260872816208675,2.4259535290532313,-5.308260271350491,-0.413437699337726,2.4259535290532313,-5.308260271350491,-0.413437699337726,0.3290711514036957,14.816222852069359,-2.473915218613024,4.460596009659969,139.27943789014648,-12.208893948313573
2.490638326031558,5.8292246848620834,-2.9134295460740702,6.976475572783158,66.8645554422548,-24.68364009958768,3.1519954760378823,-4.544950939635697,-3.2346374302389567,3.1519954760378823,-4.544950939635697,-3.2346374302389567,-0.6613571500063244,10.37417562449778,0.32120788416488644,0.5690943737470366,122.12263438921977,5.636419436772972
2.1519403603439287,5.450017129140406,-2.9277412871104644,6.5502063377157995,68.4534048969083,-26.54940443313998,2.293282866698746,-5.134300905259948,-2.3309630957628626,2.293282866698746,-5.134300905259948,-2.3309630957628626,-0.1413425063548175,10.584318034400354,-0.5967781913476018,0.4630410659118924,134.3850370222553,-4.034062415659733
1.0913969145229885,5.285509126054194,-2.953491538103897,6.152305763881034,78.33305191002681,-28.68948674540898,3.616376128779393,-4.465597403877126,-2.8889692234822846,3.616376128779393,-4.465597403877126,-2.8889692234822846,-2.5249792142564047,9.75110652993132,-0.06452231462161251,-0.27932541744049644,129.3314505869275,-1.9983099512446856
0.5550789821273838,4.906713407263396,-3.0043441558225012,5.780141256409116,83.545772393114,-31.316826383806603,3.9770034506939282,-4.473486454653113,-2.6576395323284556,3.9770034506939282,-4.473486454653113,-2.6576395323284556,-3.4219244685665444,9.380199861916509,-0.3467046234940456,-0.7690331488568871,131.908147629,-7.375705215153829
-2.803336009527584,5.036321092117049,-3.0902645450598314,6.540103812912372,119.10135191458338,-28.197350723711082,5.140547603067489,-3.4327811615047494,0.34002876460186027,5.140547603067489,-3.4327811615047494,0.34002876460186027,-7.943883612595073,8.469102253621799,-3.4302933096616917,0.34939822122563235,152.83576117618395,-31.345945325176903
13.882213106974746,-9.523673674365227,-2.1912429091084746,16.97697695380355,-34.45145692371725,-7.415937851455217,30.119629230526698,12.170549160933405,-25.87238055375679,30.119629230526698,12.170549160933405,-25.87238055375679,-16.237416123551952,-21.694222835298632,23.681137644648317,-24.55246329503086,-56.453793832541535,31.118792422679725
21.807018289799316,5.2517805439156575,-2.4580404229088,22.56477804663158,13.54068117293924,-6.25378953448735,33.75485578782195,21.32926794665056,-0.4057036703277914,33.75485578782195,21.32926794665056,-0.4057036703277914,-11.947837498022636,-16.077487402734903,-2.0523367525810086,-17.366319557426202,-18.747594837997404,-5.671649063063533
22.384735879587197,4.838187704618221,-2.2047815969002116,23.00751013373736,12.196176737833223,-5.499022974146216,33.34543549222167,20.647226088912134,1.8638931526206697,33.34543549222167,20.647226088912134,1.8638931526206697,-10.960699612634471,-15.809038384293913,-4.0686747495208815,-16.256979052000897,-19.569282513703065,-8.219887612251902
22.89478899264782,3.5127500834893226,-2.0380354314295666,23.252190533080626,8.722874628477049,-5.028380477136751,31.93956913867055,21.207796235459966,1.4666897163995143,31.93956913867055,21.207796235459966,1.4666897163995143,-9.044780146022731,-17.695046151970644,-3.504725147829081,-15.115215903280149,-24.86118914647121,-7.219188228179628
22.914456630697487,3.000776866615425,-2.025796150434495,23.198724846992032,7.4607485603172,-5.009654274510952,32.12899997790805,20.13281214396298,2.7800831262314363,32.12899997790805,20.13281214396298,2.7800831262314363,-9.214543347210565,-17.132035277347555,-4.805879276665931,-14.818792517944825,-24.611509357488643,-9.203229953751759
22.88226044815883,1.4880785311339153,-2.4962614394516134,23.06606906489029,3.7208181488588723,-6.212845062914556,30.600608907113838,20.776300628071567,2.024461864031963,30.600608907113838,20.776300628071567,2.024461864031963,-7.718348458955006,-19.288222096937652,-4.520723303483576,-13.976479161616236,-30.45374770822762,-9.345754292564813
23.023105048643174,1.1438012706750484,-2.3455007963958323,23.17052052530435,2.8441493025634648,-5.8098769843199065,30.050430722812507,20.670440196549436,3.1732820734734934,30.050430722812507,20.670440196549436,3.1732820734734934,-7.027325674169333,-19.526638925874387,-5.518782869869326,-13.440477872219699,-31.67831411837369,-10.782265188385576
23.920045372072764,-2.345956899964719,-2.1657713407791164,24.13219115370695,-5.60136642335964,-5.149003682892586,26.09758495276901,20.481874651638492,2.72047363155047,26.09758495276901,20.481874651638492,2.72047363155047,-2.177539580696248,-22.82783155160321,-4.886244972329586,-9.154324230039492,-43.7268550375827,-9.836959352951983
24.016213648605344,-4.4128240173016025,-2.0948238865502304,24.50795423814058,-10.411594771923575,-4.903355020532237,24.242578863402514,19.791161212864438,3.8786156296358545,24.242578863402514,19.791161212864438,3.8786156296358545,-0.22636521479716976,-24.20398523016604,-5.973439516186085,-7.02673065491544,-49.63911390733268,-11.968352208171243
24.020602873751386,-4.844919334365187,-1.9883296983719987,24.58487463389649,-11.403475223751467,-4.638927904751541,24.290745950530663,19.363594681036602,2.5102514843338097,24.290745950530663,19.363594681036602,2.5102514843338097,-0.2701430767792772,-24.20851401540179,-4.498581182705808,-6.580659218731334,-49.963902814277304,-9.25886439034274
23.67652975717192,-7.966448086191427,-2.210096526540667,25.078414684920926,-18.5965556214017,-5.055889305685021,21.023408555860897,19.46000268398376,3.5699698972825207,21.023408555860897,19.46000268398376,3.5699698972825207,2.6531212013110235,-27.426450770175187,-5.780066423823188,-3.7906015233741464,-61.384981443402445,-12.159323071408277
23.803572727473693,-7.615796593994524,-2.614758660045892,25.128617057122604,-17.741731184285882,-5.972724753722282,19.76652947114235,20.2017914943913,3.3427311762133876,19.76652947114235,20.2017914943913,3.3427311762133876,4.037043256331344,-27.817588088385826,-5.957489836259279,-3.3319155913158056,-63.36566760460837,-12.717766687645423
21.943357880015128,-13.515292085873881,-2.1669760978013137,25.86251845094266,-31.629631099691828,-4.806350210695631,17.789881789398123,17.390140969925113,4.406235747274169,17.789881789398123,17.390140969925113,4.406235747274169,4.153476090617005,-30.905433055798994,-6.573211845075483,0.5976849764235048,-75.97862310040196,-14.850206293352432
21.713941955194286,-13.952087332528293,-2.2610167500366813,25.908844299041778,-32.72238766797312,-5.006464738116705,17.390816733297697,17.066710703450752,4.559157465388468,17.390816733297697,17.066710703450752,4.559157465388468,4.323125221896589,-31.018798035979046,-6.8201742154251495,1.1197531966912315,-77.18348190786094,-15.604514625977865
4.04733457322709,-39.52990783805012,-2.9606763717336513,39.84670796202012,-84.15404841866643,-4.261098159964331,-1.922193068034403,8.411851018027505,1.1156866967942836,-1.922193068034403,8.411851018027505,1.1156866967942836,5.969527641261493,-47.94175885607763,-4.076363068527935,31.146201048874563,-187.02571150783956,-11.628558318147828
-3.874025301630809,-40.40840221136398,-3.00711020165598,40.70491067522375,-95.47631077343024,-4.236634520837411,-6.603565389921187,-0.7145881392246451,-7.463220325584992,-6.603565389921187,-0.7145881392246451,-7.463220325584992,2.7295400882903778,-39.69381407213933,4.456110123929012,30.714046363468213,78.34760362801333,44.0949235349865
-13.296018012118907,-40.63062358897173,-3.2455870940165887,42.87383238984058,-108.12023369676129,-4.341494599266105,-3.396817717609565,7.096181076552142,-0.09635042861984333,-3.396817717609565,7.096181076552142,-0.09635042861984333,-9.899200294509342,-47.72680466552387,-3.1492366653967454,35.00595847861283,-223.6998563754683,-3.6398297065336145
-15.048431834032499,-41.86217105718572,-3.368021941124802,44.61210864866733,-109.77227656148034,-4.329704020496445,-3.3897331434034186,6.367899406213866,-0.4735478556364592,-3.3897331434034186,6.367899406213866,-0.4735478556364592,-11.65869869062908,-48.230070463399585,-2.8944740854883424,37.38267705256488,-227.79935249659485,-0.5739822755175052
-14.074448151491424,-42.79108279998957,-3.3042864216756627,45.16730196415382,-108.20659245343037,-4.1953124813845895,-3.2817882975543853,6.055335522245116,-0.5290088551731311,-3.2817882975543853,6.055335522245116,-0.5290088551731311,-10.792659853937039,-48.84641832223468,-2.7752775665025315,38.25954740237472,-226.66279643890442,0.196806525267049
-14.396451473007346,-43.52034411599959,-2.820426540483462,45.92638645550006,-108.30412232648224,-3.5208580181585,-3.214522548835248,5.8097756715093,-0.5046332021395896,-3.214522548835248,5.8097756715093,-0.5046332021395896,-11.181928924172098,-49.33011978750889,-2.3157933383438722,39.26745987241377,-227.25967892501438,0.8253529316490509
-15.849726347686214,-43.855293268418905,-3.3079356248817913,46.748722025889954,-109.87034491875713,-4.05763541203354,-2.9128313187086405,5.449510154480976,-0.4045913008521893,-2.9128313187086405,5.449510154480976,-0.4045913008521893,-12.936895028977574,-49.30480342289988,-2.903344324029602,40.5563524200148,-227.995405887991,-0.31142830611267236
-17.085025410072035,-43.98497901139126,-3.9499879905718913,47.35165125970793,-111.22759563517646,-4.785069487381052,-3.249457093408637,5.0230646073358685,-0.7490019034271389,-3.249457093408637,5.0230646073358685,-0.7490019034271389,-13.835568316663398,-49.00804361872713,-3.200986087144752,41.32245949772926,-234.1267180661158,2.351177999175909
-19.109360102087294,-44.17454815638587,-4.0376751518840805,48.29970154115077,-113.39270867304393,-4.795310069678556,-2.5941670713855274,4.8453224496280995,0.08364854566997915,-2.5941670713855274,4.8453224496280995,0.08364854566997915,-16.515193030701766,-49.01987060601397,-4.121323697554059,42.802988931388114,-231.5571345477767,-5.66726645080077
-19.691678554878763,-44.14815480328173,-4.325745203370786,48.5338423000661,-114.03860502359122,-5.113468345569656,-2.5201615593261977,4.701036726393738,0.4781460900213801,-2.5201615593261977,4.701036726393738,0.4781460900213801,-17.171516995552565,-48.849191529675466,-4.803891293392167,43.178509978780056,-232.2337560061148,-10.235892264965546
-20.2098933424694,-45.07346666832882,-4.111701923868019,49.56776451612154,-114.15035378669965,-4.758216946873391,-2.1789748760800194,5.154851390773047,0.07579617398610061,-2.1789748760800194,5.154851390773047,0.07579617398610061,-18.03091846638938,-50.228318059101866,-4.187498097854119,43.97078591766919,-227.0643153429001,-5.534159457366738
-19.97374222716678,-45.4970931573979,-3.9799189766197074,49.84752370369772,-113.70202158096208,-4.579475867490501,-2.277526544546845,4.982208502785909,0.19497117174869816,-2.277526544546845,4.982208502785909,0.19497117174869816,-17.696215682619936,-50.47930166018381,-4.174890148368405,44.365959831575026,-228.26867462342332,-6.617832496938846
-19.10724555942579,-46.57960419792664,-3.6538296247314754,50.47867699366008,-112.30374591050438,-4.150906314559621,-2.247526626947547,5.10163165370173,0.12085232228868392,-2.247526626947547,5.10163165370173,0.12085232228868392,-16.859718932478245,-51.68123585162837,-3.7746819470201594,44.90260070717581,-226.07966277584518,-5.3927957489556135
-18.68783973078314,-46.627548583223756,-3.8880641852786795,50.38333736259613,-111.84040288088568,-4.425895131285125,-2.605835612234614,5.4595060624928635,-1.9334130622801535,-2.605835612234614,5.4595060624928635,-1.9334130622801535,-16.082004118548525,-52.08705464571662,-1.954651122998526,44.032379029101726,-227.35566026612537,13.29789253003613
-18.01470629919106,-47.99365664734546,-3.4128514579054077,51.376728939308,-110.57392497132746,-3.808846641566469,-2.055906377117253,5.015225576296899,0.8294728184551008,-2.055906377117253,5.015225576296899,0.8294728184551008,-15.958799922073808,-53.00888222364236,-4.242324276360509,45.89336648829587,-222.86426680553598,-12.509427144080059
-17.906730498511934,-48.382717152094756,-3.9793843392125936,51.74334561936551,-110.3098119968338,-4.410756216552211,-2.024844539175774,5.226910674873565,0.4319743149402875,-2.024844539175774,5.226910674873565,0.4319743149402875,-15.88188595933616,-53.60962782696832,-4.411358654152881,46.12131818971833,-221.4856016319365,-8.817480253653068
-16.45607011212826,-49.68004123780884,-3.049353680216999,52.4233468865993,-108.32699121364644,-3.334654911480452,-1.879741979566461,5.755020236267555,-0.08579507791142538,-1.879741979566461,5.755020236267555,-0.08579507791142538,-14.576328132561798,-55.43506147407639,-2.9635586023055738,46.36851009069907,-216.41539984235686,-2.5227650879825796
-15.259439300142617,-49.10804405789759,-3.4453757004188486,51.53951001575572,-107.26169012506354,-3.833036267606093,-1.6477859209028338,5.568772931456465,0.610360307249844,-1.6477859209028338,5.568772931456465,0.610360307249844,-13.611653379239783,-54.67681698935405,-4.055736007668693,45.700077671091215,-213.74504332508064,-9.832774010824682
-12.500452350356454,-52.04335785485921,-3.081487579441303,53.6121998380473,-103.5061908352611,-3.29502597352194,-1.4810792339847012,5.561917460527667,0.731644349029758,-1.4810792339847012,5.561917460527667,0.731644349029758,-11.019373116371753,-57.605275315386876,-3.813131928471061,47.81014632325356,-208.41742127305076,-10.539363557242634
-11.424692148220402,-52.5031364372154,-3.4090166384092484,53.8398023851074,-102.27620108490676,-3.6302699016548794,-2.040111196200769,5.652033096009035,0.22313705652685378,-2.040111196200769,5.652033096009035,0.22313705652685378,-9.384580952019633,-58.15516953322444,-3.632153694936102,47.8267065138244,-212.12333726228587,-5.756919449389597
-10.732651216945214,-53.44338502078665,-3.3074464136594983,54.61066202129276,-101.3552560954477,-3.4721930626780244,-0.9364752773358305,6.180992278870093,-1.0600630126655777,-0.9364752773358305,6.180992278870093,-1.0600630126655777,-9.796175939609384,-59.62437729965674,-2.247383400993921,48.26989037366701,-199.97055355449749,6.151822913516363
-11.504655778153051,-53.65564614117466,-3.1113752899559337,54.963316162652426,-102.10192129867463,-3.245146629427012,-1.9977497482575473,5.924914841702304,-1.6255036371588303,-1.9977497482575473,5.924914841702304,-1.6255036371588303,-9.506906029895504,-59.58056098287696,-1.4858716527971034,48.502829957071306,-210.7348854680285,11.327480704476477
-12.621537792346999,-54.410481728915556,-3.313849489493535,55.95342113450538,-103.059858381941,-3.3953377601072092,-1.0617391677828891,5.920326533175086,-1.3466012253571638,-1.0617391677828891,5.920326533175086,-1.3466012253571638,-11.55979862456411,-60.33080826209064,-1.967248264136371,49.78974599868303,-203.2270851191534,9.22406707976899
-12.589695999082323,-54.544074095653855,-3.485858793505429,56.08660870323455,-102.9972118117176,-3.563306966633326,-1.506894076024082,5.31195995436245,0.2806079198233222,-1.506894076024082,5.31195995436245,0.2806079198233222,-11.082801923058241,-59.856034050016305,-3.766466713328751,50.55792087357964,-208.83476340429644,-6.472597713567445
-12.276277727832507,-55.5650098611668,-2.984193313804745,56.983179320362574,-102.45852878084003,-3.001937346570205,-1.7412281996128058,4.9881822695744376,-2.516308521529173,-1.7412281996128058,4.9881822695744376,-2.516308521529173,-10.535049528219702,-60.55319213074124,-0.467884792275572,51.131201315179716,-211.70112620459577,22.46516709807761
-11.869855008006994,-56.01780498362109,-3.635876357856766,57.37689020837339,-101.96369196923702,-3.6331708077762097,-1.008724890694566,5.117561486407141,-1.4340698465041057,-1.008724890694566,5.117561486407141,-1.4340698465041057,-10.861130117312428,-61.13536647002823,-2.20180651135266,51.96731371876565,-203.11434544505283,11.739626536405284
-10.969389175985839,-58.02912066764554,-2.612844307442929,59.114577726051124,-100.70445482423841,-2.5332793396625743,-1.553012527108649,4.905310745466807,-2.610489541689927,-1.553012527108649,4.905310745466807,-2.610489541689927,-9.41637664887719,-62.93443141311235,-0.002354765753001864,53.344952342525694,-208.27214793534057,24.367954015110662
-10.596422887276049,-58.57337107588842,-3.3351722362164966,59.61750876248469,-100.25438741417389,-3.206962365878577,-1.8035328404582742,4.780437655326779,-2.9715205757086283,-1.8035328404582742,4.780437655326779,-2.9715205757086283,-8.792890046817774,-63.353808731215196,-0.36365166050786835,53.7069039359938,-210.92455358881062,26.974739848399366
-10.947995628745275,-59.16847151292825,-3.0924858261484864,60.25222068976509,-100.48293007329274,-2.942037169650203,-2.6516240651153566,4.512540259859605,-1.8614533201889198,-2.6516240651153566,4.512540259859605,-1.8614533201889198,-8.296371563629918,-63.681011772787855,-1.2310325059595666,54.69712048879706,-220.9219480101467,16.63591672789286
-11.116924188470307,-58.66357865531825,-3.750027061209247,59.82528033382467,-100.73048078957567,-3.593826479325816,-3.01832210256066,4.228199598332566,-1.6706786362783974,-3.01832210256066,4.228199598332566,-1.6706786362783974,-8.098602085909647,-62.89177825365081,-2.079348424930849,54.36825667033714,-226.25182042995198,14.233657132452251
-13.00701986318063,-59.26748590926002,-3.041661468770494,60.75416986689978,-102.37806743792486,-2.869716612339496,-3.0464657305060427,4.374353356084654,-1.5439556359868964,-3.0464657305060427,4.374353356084654,-1.5439556359868964,-9.960554132674588,-63.64183926534467,-1.4977058327835975,55.20442034670227,-227.2328852640891,13.28325246466159
-16.931226310279385,-59.28708363989006,-2.8600900499288366,61.723616436392625,-105.93830105605846,-2.6558681579367494,-2.524298322579625,5.193068736026234,-2.7083909371795762,-2.524298322579625,5.193068736026234,-2.7083909371795762,-14.40692798769976,-64.48015237591629,-0.1516991127492604,55.3458874999241,-221.86222007438352,22.473520039384848
-18.328418123259553,-58.91412877925086,-4.419987002494494,61.857430966872556,-107.28112423309359,-4.097528705551551,-2.7286554037098085,5.448085864815525,-2.8285297274409853,-2.7286554037098085,5.448085864815525,-2.8285297274409853,-15.599762719549744,-64.36221464406638,-1.591457275053509,55.13970960307554,-223.88496857734543,20.803679123120105
-21.63767068774814,-59.14051293520458,-3.023665737062416,63.04705875391826,-110.0959981884404,-2.7488953349039194,-2.597378718134678,5.374299958022249,-0.2393017284015191,-2.597378718134678,5.374299958022249,-0.2393017284015191,-19.040291969613463,-64.51481289322683,-2.784364008660897,57.073220660913655,-225.89029972608196,-0.4531102082906222
-22.900454903084892,-58.48276991821638,-4.939270760398028,63.000488948259616,-111.38412370145565,-4.4966331837907525,-2.9674309938479837,5.357968033925346,-1.8925110329849073,-2.9674309938479837,5.357968033925346,-1.8925110329849073,-19.93302390923691,-63.84073795214172,-3.0467597274131206,56.58994558862269,-230.3633486267788,12.674007219886324
-25.01759063496536,-58.10953791278848,-3.044576453591194,63.3393059908164,-113.29307120284129,-2.755139530797564,-3.0310916908883883,5.817560035391779,-2.606665466119993,-3.0310916908883883,5.817560035391779,-2.606665466119993,-21.98649894407697,-63.92709794818026,-0.4379109874712013,56.28053651900173,-230.81369195813082,18.91610720849732
-26.04840692673008,-58.20667678390305,-4.878583137388134,63.955744848095435,-114.10926963719889,-4.374806581569441,-2.8753647415624073,4.841293156827817,0.25536436803794293,-2.8753647415624073,4.841293156827817,0.25536436803794293,-23.173042185167674,-63.047969940730866,-5.133947505426077,58.319163190048464,-234.81640231143695,-6.971470878187466
-24.161247609439556,-59.68251045556144,-4.157174041117932,64.52170205699005,-112.03956015589719,-3.6941622307559814,-3.305077744746768,5.462856598119345,-0.21609649083441118,-3.305077744746768,5.462856598119345,-0.21609649083441118,-20.856169864692788,-65.14536705368079,-3.9410775502835205,58.133193717495814,-233.21387843345727,-1.7557161088411937
-23.000796489541017,-60.20780835393623,-3.673266571116457,64.55625231718518,-110.90803089013804,-3.261905652183175,-3.5627650649753377,5.5248881818444175,-0.6940629240818657,-3.5627650649753377,5.5248881818444175,-0.6940629240818657,-19.43803142456568,-65.73269653578065,-2.9792036470345913,57.94569956626655,-233.724276921492,2.7648677104561385
-19.20774646443749,-62.396445997895626,-4.616456573659768,65.44895468001687,-107.11014399879883,-4.044729191308743,-2.577803204553902,6.300592820189436,-2.2363380108017106,-2.577803204553902,6.300592820189436,-2.2363380108017106,-16.62994325988359,-68.69703881808506,-2.3801185628580575,58.28349956915422,-219.36141083142877,14.141098260928548
-17.269085358914253,-63.32953057357497,-2.60634974082358,65.69355988812241,-105.25292520686602,-2.273769977676764,-2.4500132310727167,5.79729756953887,-3.2144652627310357,-2.4500132310727167,5.79729756953887,-3.2144652627310357,-14.819072127841537,-69.12682814311384,0.6081155219074557,58.62645221471618,-218.1624758147686,24.78143454337441
-16.76678222322903,-64.40557804017556,-3.9083908684402786,66.66692574276124,-104.59199022144269,-3.360928578678185,-2.296201144230281,5.976452792758408,-0.22941840321303575,-2.296201144230281,5.976452792758408,-0.22941840321303575,-14.470581078998748,-70.38203083293396,-3.678972465227243,60.2604321243638,-215.60916638470513,-1.3087112404961592
-17.245358087595264,-64.78656845253488,-3.469168068117277,67.13223483922772,-104.90576887017389,-2.9621725461108244,-2.395613615900629,5.891331830667994,-0.13568072098256678,-2.395613615900629,5.891331830667994,-0.13568072098256678,-14.849744471694635,-70.67790028320287,-3.33348734713471,60.7710113253291,-217.03408106948888,-1.7399985061708532
-17.775948975380174,-65.19419923668306,-4.4324460373940155,67.71938093309814,-105.25161171190526,-3.752871488151201,-1.9839728473511968,6.200036109380747,-1.0105694218362005,-1.9839728473511968,6.200036109380747,-1.0105694218362005,-15.791976128028978,-71.39423534606381,-3.421876615557815,61.13167673717356,-212.99595885780246,5.0712790787799795
-16.901646162673046,-67.08222676271089,-3.9453238552535197,69.2910987845827,-104.14157390939725,-3.2640949568216695,-1.8547625814651383,5.908259655809076,0.10988280225063995,-1.8547625814651383,5.908259655809076,0.10988280225063995,-15.046883581207908,-72.99048641851996,-4.05520665750416,63.0975738896384,-211.57005832657234,-4.2806648819497
-16.901646162673046,-67.08222676271089,-3.9453238552535197,69.2910987845827,-104.14157390939725,-3.2640949568216695,-2.3047365840513976,5.92480903980352,-0.0423392460348726,-2.3047365840513976,5.92480903980352,-0.0423392460348726,-14.596909578621649,-73.00703580251441,-3.902984609218647,62.93366490826458,-215.39749039150564,-2.8825136324288616
-16.901646162673046,-67.08222676271089,-3.9453238552535197,69.2910987845827,-104.14157390939725,-3.2640949568216695,-2.3388533066517994,6.013720514772274,-0.13770651404644418,-2.3388533066517994,6.013720514772274,-0.13770651404644418,-14.562792856021247,-73.09594727748316,-3.8076173412070755,62.83710526863928,-215.39360396815164,-2.0415029560519726
-16.901646162673046,-67.08222676271089,-3.9453238552535197,69.2910987845827,-104.14157390939725,-3.2640949568216695,-2.60116819822224,6.087346274051868,-0.26707982619277604,-2.60116819822224,6.087346274051868,-0.26707982619277604,-14.300477964450806,-73.16957303676276,-3.6782440290607434,62.66590502973937,-217.27895176643784,-0.953718056760489
-27.462543539443686,-66.88571891850575,-3.621902560618288,72.39481245959416,-112.32251614330042,-2.867697159540643,-4.510625360365793,5.125467336388169,-5.051735499675769,-4.510625360365793,5.125467336388169,-5.051735499675769,-22.951918179077893,-72.01118625489391,1.4298329390574809,63.901509914845064,-243.67164218336228,33.63000019485214
-27.89214525832358,-67.23580531929292,-1.1934191836164558,72.80143908875088,-112.53066097951523,-0.9392801309698031,-4.571014421844211,5.409270235470018,-4.634924846466432,-4.571014421844211,5.409270235470018,-4.634924846466432,-23.32113083647937,-72.64507555476294,3.441505662849976,64.33758029636537,-242.72958984550132,32.26417473473153
-29.75265341627255,-66.83913693710474,-2.58528658495808,73.20774766738995,-113.99567333440841,-2.0237860103025715,-5.231653858789969,5.025022526939594,-4.86725085006153,-5.231653858789969,5.025022526939594,-4.86725085006153,-24.520999557482583,-71.86415946404433,2.2819642651034497,64.4721203669686,-250.149799826444,31.83669235478883
-30.312021119173096,-67.09228953036177,-2.531146022730475,73.6654643570749,-114.31325727302375,-1.9690710837706946,-5.378500063820184,5.11508842986369,-4.7509103684843685,-5.378500063820184,5.11508842986369,-4.7509103684843685,-24.933521055352912,-72.20737796022546,2.2197643457538936,64.85277226491534,-250.75120255888146,30.653229702446723
-31.5966184006229,-66.79885850132337,-2.684441217345082,73.94349204685821,-115.31468076373686,-2.08052059239926,-5.859454880927387,4.702531938912472,-5.2928304824086485,-5.859454880927387,4.702531938912472,-5.2928304824086485,-25.737163519695514,-71.50139044023584,2.6083892650635665,64.75322150385297,-256.5657381503569,33.08333548851934
-31.919991023085117,-66.76656923070084,-2.141363719790185,74.03543767907526,-115.55169101864516,-1.6574254225366156,-6.140541011016921,4.539547321403276,-5.188131804023265,-6.140541011016921,4.539547321403276,-5.188131804023265,-25.779450012068196,-71.30611655210411,3.04676808423308,64.80340402406955,-259.07710724862886,32.53476462337343
-33.366457060454195,-66.9262355616986,-3.071006130510691,74.845658136466,-116.4988116799579,-2.351573944340243,-7.033556100120677,4.170972466275032,-4.947566868933725,-7.033556100120677,4.170972466275032,-4.947566868933725,-26.332900960333518,-71.09720802797364,1.8765607384230343,65.28813017937689,-265.83042666003325,28.82396420679262
-34.36635277148389,-66.58715250923649,-4.501783517899949,75.0677103483544,-117.29875018298497,-3.438070093484054,-7.365181288082795,3.863765524310594,-4.77067328562669,-7.365181288082795,3.863765524310594,-4.77067328562669,-27.001171483401095,-70.45091803354708,0.26888976772674056,65.47949346348116,-269.6172990100275,26.40035675607339
-34.332977444677795,-67.21842380032933,-4.164592913906356,75.59374096151079,-117.05646241390568,-3.158124763799028,-8.045973439575391,3.664737550661414,-4.911071911600311,-8.045973439575391,3.664737550661414,-4.911071911600311,-26.287004005102403,-70.88316135099075,0.7464789976939556,65.48005631018366,-272.56839674370104,25.89280128121643
-33.904257036563536,-67.58048236772106,-5.298031021185448,75.79372912686556,-116.64233050309909,-4.008280972273614,-8.477722115463166,3.5648243429743047,-4.726104695082757,-8.477722115463166,3.5648243429743047,-4.726104695082757,-25.42653492110037,-71.14530671069537,-0.571926326102691,65.45371895026715,-273.83590893279325,23.189896592364878
-34.28305780260894,-66.34809097446373,-3.3146094032540847,74.75549387000852,-117.3260797743618,-2.5412903093046486,-9.905700355463296,3.35830769455832,-4.03878112760019,-9.905700355463296,3.35830769455832,-4.03878112760019,-24.37735744714564,-69.70639866902205,0.7241717243461054,63.543318206908395,-278.5979928198365,18.572040457353083
-34.8972564833947,-65.81554465852446,-3.5820892086488296,74.58106858891725,-117.93379545872594,-2.75294505467966,-10.37945831371303,3.479442248056685,-4.271841606745357,-10.37945831371303,3.479442248056685,-4.271841606745357,-24.51779816968167,-69.29498690658114,0.6897523980965277,62.82997059950413,-279.40141387908,18.56401588216602
-51.17761129505834,-46.28345551688551,-3.550976127747333,69.09352780044911,-137.8747799357608,-2.9459433278417153,-13.665170342466809,0.6928741209726468,-4.894292499275936,-13.665170342466809,0.6928741209726468,-4.894292499275936,-37.51244095259153,-46.97632963785816,1.3433163715286032,54.56180202184261,-314.9721600450109,16.736119305687854
-53.42101309481109,-27.28500361978945,-2.8876500424785707,60.05509624815972,-152.94413869324333,-2.7560355506178227,-32.7723333807171,2.580830327979726,-1.607584884357372,-32.7723333807171,2.580830327979726,-1.607584884357372,-20.648679714093987,-29.865833947769175,-1.2800651581211988,27.142016028297306,-328.4413729749507,0.04359581239479171
-53.55178692187283,-26.866525975449804,-2.776790078926206,59.97761802253914,-153.35742619053661,-2.65357725215261,32.788022620649144,1.684130691108848,2.6070583173772937,32.788022620649144,1.684130691108848,2.6070583173772937,-86.33980954252198,-28.550656666558652,-5.3838483963035,27.04302410327029,-156.29779428974848,-7.193784379207026
-53.65526225692099,-25.533358622553806,-3.2383895495259303,59.50904752456883,-154.55125116305686,-3.1194879081257096,-34.54237005929758,-1.4488042439077446,-0.18183738630891444,-34.54237005929758,-1.4488042439077446,-0.18183738630891444,-19.11289219762341,-24.08455437864606,-3.056552163217016,24.935829162870377,23.047010264390025,-2.818140121582734
-57.731742276578785,-16.28234337191816,-2.8372646818836467,60.05096870863471,-164.2497167444073,-2.708096782319722,-36.149437768151756,-2.3976893821677265,-2.600563926374469,-36.149437768151756,-2.3976893821677265,-2.600563926374469,-21.58230450842703,-13.884653989750433,-0.2367007555091778,23.728885920584183,11.955575337378889,1.3976405995355066
-58.92849027185149,-9.699820203144554,-4.4834734144595645,59.88952338724355,-170.65274670417634,-4.293316139465195,-36.17811755641583,-4.947315959563554,-0.09039561328700474,-36.17811755641583,-4.947315959563554,-0.09039561328700474,-22.75037271543566,-4.752504243581001,-4.393077801172559,23.374590873318553,1.5604202189926184,-4.151475745372015
-58.94485461096022,-3.2052226281814455,-3.8396437567931465,59.15667503657153,-176.88751379049248,-3.7214759428810305,-36.1290326336773,-6.630845229208262,-1.7810001797540764,-36.1290326336773,-6.630845229208262,-1.7810001797540764,-22.815821977282923,3.4256226010268165,-2.05864357703907,22.381043578507928,-7.287401647882376,-0.945623570290985
-57.923700577424256,-1.1575717823507148,-3.9125917174814155,58.06723202428456,-178.85512925386072,-3.863538213831424,-36.11699913558823,-6.832129458466497,-1.6749915043009154,-36.11699913558823,-6.832129458466497,-1.6749915043009154,-21.806701441836026,5.674557676115782,-2.2376002131805004,21.27156358305622,-9.56700201037279,-1.2544506836821712
-58.952653718355805,1.7161397292284164,-3.603625573018057,59.08761827385765,178.33256356504413,-3.496515062236133,-35.77072188079114,-8.712775601450787,-1.1437346234680248,-35.77072188079114,-8.712775601450787,-1.1437346234680248,-23.18193183756466,10.428915330679203,-2.459890949550032,22.25332540100524,344.64342928969586,-1.7171486998016376
-51.742638855603104,23.652934041268054,-2.216475576111545,56.935706972702505,155.43360146100454,-2.2310567715191723,-33.9633764591988,-12.252348521297534,-0.6762660175200144,-33.9633764591988,-12.252348521297534,-0.6762660175200144,-17.779262396404306,35.90528256256559,-1.5402095585915307,20.82354391753433,315.5966023089615,-1.1580262343115
-48.94808488075398,25.913797643997896,-1.9975176487916713,55.42048356505744,152.10263237615547,-2.0655562345975276,-32.09937525292116,-15.864599442754297,1.7378531535740016,-32.09937525292116,-15.864599442754297,1.7378531535740016,-16.848709627832818,41.77839708675219,-3.735370802365673,19.57253326535028,305.80248883047886,-4.844256080558015
-48.20504652800582,28.547054720953497,-2.509967378065813,56.079949895192264,149.36595965166296,-2.565241128954683,-31.402425913921434,-17.181332990961607,1.7400563934520743,-31.402425913921434,-17.181332990961607,1.7400563934520743,-16.80262061408439,45.728387711915104,-4.2500237715178875,20.242283217825786,300.6813938540885,-5.34826555205127
-46.21843590726144,28.432688541068046,-2.2725337703399404,54.31138007015059,148.40097390788944,-2.398109164961043,-31.194135864320742,-17.511816198014984,1.9109928849422138,-31.194135864320742,-17.511816198014984,1.9109928849422138,-15.024300042940695,45.94450473908303,-4.183526655282154,18.486951077058997,299.0919180989041,-5.455905849722093
-47.07040382597836,29.70664799756662,-2.2395990782801647,55.70568782111428,147.74352733073758,-2.304148353302303,-30.701778899435112,-18.415531581445293,2.0834513418200133,-30.701778899435112,-18.415531581445293,2.0834513418200133,-16.368624926543248,48.12217957901191,-4.323050420100178,19.843844581945163,296.78736761878747,-5.634713982391984
-31.99437097418604,41.48304441463827,-3.633326883743756,52.5136535787106,127.64170204420954,-3.967363331796131,-22.906621997938146,-27.168271573785717,2.579849957687741,-22.906621997938146,-27.168271573785717,2.579849957687741,-9.087748976247894,68.65131598842399,-6.213176841431497,16.883835483924067,257.7772370145933,-8.119615231578257
-31.99437097418604,41.48304441463827,-3.633326883743756,52.5136535787106,127.64170204420954,-3.967363331796131,-23.643717018371035,-26.00261659762559,3.599716224478639,-23.643717018371035,-26.00261659762559,3.599716224478639,-8.350653955815005,67.48566101226386,-7.233043108222395,17.184920495500606,259.92139200646426,-9.815495573633857
-31.99437097418604,41.48304441463827,-3.633326883743756,52.5136535787106,127.64170204420954,-3.967363331796131,-25.69633777241461,-23.576099805532536,3.8255613447414385,-25.69633777241461,-23.576099805532536,3.8255613447414385,-6.298033201771432,65.05914422017081,-7.458888228485194,17.431333579074987,265.1056716779147,-10.227646310532819
-30.18982533399685,42.26900668975941,-3.193930653159825,52.041288159050765,125.53559332582343,-3.518625884576541,-24.843535821700016,-24.519507946549737,2.1008393222930613,-24.843535821700016,-24.519507946549737,2.1008393222930613,-5.346289512296835,66.78851463630915,-5.294769975452886,17.072429614295544,260.9116876998431,-6.962883362340579
-27.022903658526502,41.32815130041266,-3.6654700290711197,49.5145340539707,123.17914377612516,-4.245384950126301,-23.77909037840709,-25.53620743999484,1.8602369576917972,-23.77909037840709,-25.53620743999484,1.8602369576917972,-3.2438132801194115,66.8643587404075,-5.525706986762917,14.571673392861932,256.1385432806082,-7.297056570849859
-20.34978504139349,38.460452146170404,-3.494273872121628,43.65237771773925,117.88373571856506,-4.5913094288271,-20.702361530422877,-27.032571986592657,0.9941904470722471,-20.702361530422877,-27.032571986592657,0.9941904470722471,0.35257648902938854,65.49302413276305,-4.488464319193875,9.58867069998064,245.32972078565825,-6.263793486028746
-20.5377072221238,35.2798587949339,-3.4272684605471255,40.965986179180554,120.20526348641633,-4.799049925808471,-18.33617967402688,-28.673229100403574,1.257851827704165,-18.33617967402688,-28.673229100403574,1.257851827704165,-2.2015275480969194,63.953087895337475,-4.685120288251291,6.907921887402523,242.80368166584384,-6.915611643074086
-18.987673812362573,-3.468463632523523,-3.4430187499886458,19.606539084896934,-169.64795986591244,-10.11390425099025,-4.166162174763485,-34.03117469166071,-29.215143381541004,-4.166162174763485,-34.03117469166071,-29.215143381541004,-14.821511637599087,30.562711059137186,25.77212463155236,-25.43790964038727,-72.6684292496892,30.321080079572575
-21.221695130145918,-14.020729524368704,-3.693793293350538,25.70185420327422,-146.54809565155966,-8.262990362225658,4.993796383826748,-44.26819120035739,-29.849081397624065,4.993796383826748,-44.26819120035739,-29.849081397624065,-26.215491513972665,30.24746167598869,26.155288104273527,-27.92256574469825,-62.98429589634483,25.56022332138533
-21.630021260848025,-14.41744323808797,-3.3578134586752313,26.21059710291787,-146.31464745452266,-7.360332457446064,3.7796221106045778,-45.387613304786015,-29.302863328311247,3.7796221106045778,-45.387613304786015,-29.302863328311247,-25.409643371452603,30.970170066698046,25.945049869636016,-27.946385679004603,-61.07493057600031,25.39635764485559
-79.73748714621678,-28.00216867334757,-5.226989446346198,84.67295746267463,-160.64977210890623,-3.539205222675991,32.07126896460204,-12.070715964870999,-0.1262563716732008,32.07126896460204,-12.070715964870999,-0.1262563716732008,-111.80875611081882,-15.93145270847657,-5.100733074672997,50.40512389275332,-140.0248580802428,-3.3281042324301016
-78.00788986457866,-28.736097241130437,-4.698934582775625,83.26508363046987,-159.77750215578962,-3.2351162940148432,28.97948866101592,-12.154662025356203,-5.638081665923512,28.97948866101592,-12.154662025356203,-5.638081665923512,-106.98737852559458,-16.581435215774235,0.939147083147887,51.33806471425709,-137.02320805681597,6.936246270564108
-69.72208768432213,-34.998535916171704,-4.427691570051002,78.138796253688,-153.34463024240725,-3.2483735108487597,19.4386025489664,2.1642861372728532,-5.069858205855823,19.4386025489664,2.1642861372728532,-5.069858205855823,-89.16069023328853,-37.16282205344456,0.6421666358048208,57.93367646270042,-159.69775318414082,11.283555584858425
-68.79343953016033,-35.48516291439114,-4.858238282558233,77.55860099731571,-152.7143250919937,-3.5913348113513974,18.46796711079901,3.0611198440711007,-6.987971346422865,18.46796711079901,3.0611198440711007,-6.987971346422865,-87.26140664095934,-38.54628275846224,2.1297330638646326,57.57690919097091,-162.125702019389,16.87877590485681
-68.28642601037188,-35.867211038916594,-4.243968169304368,77.24962181656454,-152.28945341541072,-3.149322216838519,18.391471016465175,3.3527295181990837,-6.512858014118452,18.391471016465175,3.3527295181990837,-6.512858014118452,-86.67789702683706,-39.21994055711568,2.268889844814084,57.453048353367706,-162.6209128837783,16.058110705830266
-59.248888478497264,-38.20267768046642,-4.349223547635468,70.63137485114048,-147.1867640269399,-3.5302993624387056,16.523310941266573,7.874724412014643,-6.777386840226794,16.523310941266573,7.874724412014643,-6.777386840226794,-75.77219941976384,-46.077402092481066,2.428163292591326,51.11307417180268,-172.66842590197444,16.787831519028668
-58.649908678480045,-38.34859810596117,-4.768736327292896,70.23651194959656,-146.82109081150398,-3.8931150624976074,16.05832622581056,8.275250559954799,-7.277201782926155,16.05832622581056,8.275250559954799,-7.277201782926155,-74.7082349042906,-46.62384866591597,2.5084654556332584,50.7606992889138,-174.08425588278914,18.04798828046449
-58.13201094208004,-38.64496467140498,-4.717884872678555,69.964436882577,-146.38485769812192,-3.866538266347878,15.981883114157199,8.681714570235954,-7.077388782005504,15.981883114157199,8.681714570235954,-7.077388782005504,-74.11389405623724,-47.32667924164093,2.359503909326949,50.44823367280058,-174.89665158810263,17.39598146814746
-58.782699821262,-41.171766423369945,-4.736694903989683,71.92326763510269,-144.99236359630885,-3.776096407979669,13.798761576864536,14.250193227572993,-4.9263971860310605,13.798761576864536,14.250193227572993,-4.9263971860310605,-72.58146139812654,-55.42195965094294,0.1897022820413774,51.48450012546907,-190.91442631013166,10.171361931477012
-57.346886398708776,-42.11623010909989,-4.58753850527769,71.29858152702947,-143.7060005039899,-3.689109808610905,12.828259138652584,15.751944383597248,-5.531127905712872,12.828259138652584,15.751944383597248,-5.531127905712872,-70.17514553736136,-57.868174492697136,0.9435894004351821,50.244333492447,-194.54690121236172,11.541720355919628
-30.448180653784362,-40.88389379177511,-3.008176793365851,51.06499392267447,-126.67680873025542,-3.3771800052901297,-2.163086452609832,42.23350035269675,-27.079204138514203,-2.163086452609832,42.23350035269675,-27.079204138514203,-28.28509420117453,-83.11739414447186,24.07102734514835,0.8491518823578943,-219.60878272541456,29.255839469107386
-34.60852334233774,-43.250068780433594,-3.817409873023062,55.52378729506865,-128.66664812112626,-3.9423491487457434,-2.274887186635169,44.88209258568915,-26.682188834844087,-2.274887186635169,44.88209258568915,-26.682188834844087,-32.33363615570257,-88.13216136612274,22.864778961821024,3.2598748161834905,-221.56825053665398,26.756654418851394
-24.721359761808934,-39.51106991865504,-3.5495571295905473,46.74258904260503,-122.03346827258365,-4.3551420775965,4.202820527827043,53.66501506699855,-18.087698834263087,4.202820527827043,53.66501506699855,-18.087698834263087,-28.924180289635977,-93.17608498565359,14.53814170467254,-10.044402351985575,-207.55544159711997,14.21820257537394
-8.271895899786529,-36.491581757852146,-2.9068323407617016,37.53011424475298,-102.77194550024042,-4.442197988408136,-16.827908401378636,70.67447090361699,-9.464985740243746,-16.827908401378636,70.67447090361699,-9.464985740243746,8.556012501592107,-107.16605266146914,6.558153399482045,-35.73410139790856,-206.1649445648756,2.9805756297307147
-7.178558814927584,-36.06391881121158,-2.8973672168616726,36.8853993264324,-101.2576401057837,-4.50525431589439,-16.903117518411136,72.15832438820746,-4.8403975006531015,-16.903117518411136,72.15832438820746,-4.8403975006531015,9.724558703483552,-108.22224319941904,1.9430302837914288,-37.38416784828137,-204.44148419477585,-0.768447068294134
0.07865895008859525,-33.063947667458706,-2.873994114434506,33.188712912022986,-89.86369391204997,-4.967780234678386,-25.24748628295538,74.68590546556707,-0.9136828810187194,-25.24748628295538,74.68590546556707,-0.9136828810187194,25.326145233043974,-107.74985313302578,-1.9603112334157866,-45.65451669728912,-198.54146032010783,-4.3037873343372395
0.4871057203323801,-32.85357441481824,-2.8917281228321645,32.984188869049945,-89.1505625290511,-5.029585461584338,-26.37730980046149,74.82447428948942,-4.341305127600855,-26.37730980046149,74.82447428948942,-4.341305127600855,26.86441552079387,-107.67804870430766,1.449577004768691,-46.472159871745575,-198.56926269785055,-1.8975212476645371
5.427069466469163,-30.386080986134175,-2.889018147554183,31.001829406450906,-79.87353104279266,-5.34707368593245,-67.2748617763715,-44.30543509642291,0.7934428383200485,-67.2748617763715,-44.30543509642291,0.7934428383200485,72.70193124284066,13.919354110288737,-3.682460985874232,-49.555654154363694,66.75863132497894,-5.911411832752461
0.18086778011252136,-35.612008377732764,-2.975225684769887,35.73653343183843,-89.70900626443581,-4.775656805180365,-30.28389115793584,70.23526011264438,-27.56925257324082,-30.28389115793584,70.23526011264438,-27.56925257324082,30.464758938048362,-105.84726849037715,24.594026888470935,-45.56641555652032,-203.03364346144053,15.045961341477103
7.15174820339729,-29.44823407766421,-2.7401944856428866,30.427859906290614,-76.34951800613842,-5.1667968483853,-28.424217257247165,73.76355689201489,-17.849349197093186,-28.424217257247165,73.76355689201489,-17.849349197093186,35.575965460644454,-103.2117909696791,15.1091547114503,-50.61285651951892,-187.4233012582296,7.557015509538096
20.957131870018884,-20.331498718062335,-2.2215469051052246,29.283211691880968,-44.13188217842746,-4.350877766277206,-42.98711243284424,38.42594979768671,-4.019717914850684,-42.98711243284424,38.42594979768671,-4.019717914850684,63.944244302863126,-58.75744851574905,1.7981710097454595,-28.51474316193114,-182.33852309404057,-0.36286567201357034
25.221498258864585,-15.74814677276845,-2.1928780727672965,29.815043441869918,-31.98039947883469,-4.217877898358913,-42.67784800899335,37.362265749667955,-4.411648462304376,-42.67784800899335,37.362265749667955,-4.411648462304376,67.89934626785794,-53.110412522436405,2.218770389537079,-27.077840601589344,-170.77991753282467,0.2294768654421997
25.8802080017677,-15.180696430658713,-2.19455489543762,30.084128398935945,-30.39484236048446,-4.183286126589412,-42.44868539427853,35.498191183165545,-5.1639255264864,-42.44868539427853,35.498191183165545,-5.1639255264864,68.32889339604623,-50.67888761382426,2.96937063104878,-25.491753022973192,-170.4904090574049,1.1481369224405809
26.667432999093023,-14.682683483118467,-2.320849464492661,30.530632474015196,-28.836512566303224,-4.359663413723481,-43.146648832406754,32.560018541580675,-4.507533828790664,-43.146648832406754,32.560018541580675,-4.507533828790664,69.81408183149978,-47.24270202469914,2.186684364298003,-23.710550902758552,-171.7969905720057,0.4072098639913584
23.113094865253686,-18.597072034451344,-1.9021855545748192,29.72683219565821,-38.82057087748858,-3.668797158624909,-41.53906516876759,32.17045416471336,-7.637180456648052,-41.53906516876759,32.17045416471336,-7.637180456648052,64.65216003402128,-50.767526199164706,5.7349949020732325,-23.365150076493308,-181.06412677211824,4.601783398388601
27.30154928174437,-14.198189740639009,-2.236705551827403,30.853946859685212,-27.4767180554103,-4.157208879083362,-42.227009894994126,30.576820154973575,-5.414864242902113,-42.227009894994126,30.576820154973575,-5.414864242902113,69.5285591767385,-44.775009895612584,3.17815869107471,-21.561537972858215,-171.56820502228382,1.772401008270002
29.163832690778634,-12.937112356106809,-1.7918731337206424,31.95479342223338,-23.922133313842547,-3.214561512486044,-40.38967926868463,26.883459415844897,-6.397483519921896,-40.38967926868463,26.883459415844897,-6.397483519921896,69.55351195946326,-39.820571771951705,4.605610386201254,-16.9836820033279,-170.2743099613925,4.2969293358360705
25.287090554114855,-17.16575335147934,-2.28479498118468,30.648333150791014,-34.17001994656755,-4.275295103374487,-40.02418190454296,25.12294951813466,-6.332074572410108,-40.02418190454296,25.12294951813466,-6.332074572410108,65.31127245865781,-42.288702869614,4.047279591225428,-17.029679580543007,-182.05376340664895,3.356655415258647
40.92932187783623,-7.3046197186363315,-1.3663643019528848,41.59848326584835,-10.118990390359418,-1.8823040086757958,-31.32560613922533,-10.068449105993665,-1.428557111929076,-31.32560613922533,-10.068449105993665,-1.428557111929076,72.25492801706156,2.763829387357333,0.062192809976191255,8.663577120363442,152.06294249384666,0.6036900395355971
41.32800128179508,-6.956029281186147,-0.9161199415288532,41.91931904332466,-9.554061892609417,-1.2522623596204938,-31.293864686622328,-10.308548908862662,-2.06474834533667,-31.293864686622328,-10.308548908862662,-2.06474834533667,72.62186596841741,3.3525196276765143,1.148628403807817,8.906664903425337,152.21347722254353,2.333593824308526
46.732326418151956,-2.646860761745529,-0.8514968390966935,46.81496823892721,-3.2416981480544003,-1.0421851680599319,-29.835255765348393,-14.815616458982078,-2.321378608242116,-29.835255765348393,-14.815616458982078,-2.321378608242116,76.56758218350035,12.168755697236548,1.4698817691454225,13.422846768642941,150.3501875322539,2.9441612280080314
42.765686471323534,-6.214707674419742,-1.286256759534277,43.23402580483899,-8.26834104231684,-1.7048599683137353,-29.936571230782647,-15.002819462238506,-1.041269982672853,-29.936571230782647,-15.002819462238506,-1.041269982672853,72.70225770210618,8.788111787818764,-0.244986776861424,9.732277610915418,145.1137565567233,0.07624067209375496
43.66716223199512,-5.657765277107046,-1.3066061685478711,44.05154463813847,-7.38243925479635,-1.6996906895134891,-29.44983462587311,-16.548496315408954,-0.895346788485857,-29.44983462587311,-16.548496315408954,-0.895346788485857,73.11699685786823,10.890731038301908,-0.4112593800620141,10.258836317199908,143.28499070746307,-0.1814461133442371
48.31449381657109,-1.9229654948132975,-1.0860620202190265,48.36494225942476,-2.2792266925161084,-1.2867171548923286,-28.889910829635255,-18.062058563123912,-0.9909596645828609,-28.889910829635255,-18.062058563123912,-0.9909596645828609,77.20440464620634,16.139093068310615,-0.09510235563616565,14.27906676327791,145.70702747568183,0.3792458526940561
44.322149795585005,-5.488780867583955,-1.5520907135340458,44.68767910171293,-7.0594720147456895,-1.9903950701013275,-28.67815289906639,-19.028095135177523,-1.0074785456667388,-28.67815289906639,-19.028095135177523,-1.0074785456667388,73.0003026946514,13.539314267593568,-0.544612167867307,10.256299936835212,139.3760589278332,-0.31365396332128137
48.93944421115998,-1.619208515940045,-0.8826134411802133,48.9741773019403,-1.8949946256390633,-1.0326413994721644,-28.89063397082009,-19.07798663078117,-1.658227045063564,-28.89063397082009,-19.07798663078117,-1.658227045063564,77.83007818198007,17.458778114841124,0.7756136038833508,14.313132567928761,144.6661496897543,1.7095059283207823
72.22466190778138,9.03373670928977,-0.9168494823718691,72.79320572415685,7.12943259340175,-0.721674424230956,-3.982480235696812,-74.97326311240761,4.660825752146217,-3.982480235696812,-74.97326311240761,4.660825752146217,76.2071421434782,84.00699982169738,-5.577675234518086,-2.4302854687004753,100.17005071358616,-4.273979711074831
71.1281098151068,3.981667351668193,-0.9914085771803585,71.24636532298429,3.2040059540820014,-0.7973088917999926,-5.335355323582235,-75.62962457500294,-0.35827179670492026,-5.335355323582235,-75.62962457500294,-0.35827179670492026,76.46346513868903,79.61129192667113,-0.6331367804754382,-4.572065737445072,97.23929948628107,-0.5265628742750483
72.81902668587836,10.153927285197142,-0.5351702240152951,73.52550097728276,7.938171704318248,-0.41704259757163564,-1.2933637698283746,-76.6115382223972,-0.8929869583851189,-1.2933637698283746,-76.6115382223972,-0.8929869583851189,74.11239045570673,86.76546550759434,0.35781673436982375,-3.102157243171675,98.90535299671669,0.25067377543086766
67.42275805390219,18.321184055426784,0.0305201259365524,69.86769654329491,15.202236516661483,0.025028368595231495,9.267442132141923,-38.09663468329211,-2.164422561385426,9.267442132141923,-38.09663468329211,-2.164422561385426,58.15531592176026,56.41781873871889,2.1949426873219786,30.60035918908857,91.52994514655569,3.184783233701312
61.2305364830826,19.435069506050922,-0.7504048555349035,64.24533938083252,17.609860947469592,-0.6692471275555597,8.528639222686252,-36.73910250211728,-2.8318514725329256,8.528639222686252,-36.73910250211728,-2.8318514725329256,52.70189726039635,56.1741720081682,2.081446616998022,26.423140576237493,94.54066291535565,3.6246628764060342
60.80140460045054,19.38488344343523,-0.1660696337018437,63.817020352148184,17.68347535131948,-0.14909971984048656,7.264972656136706,-35.50264908714212,-3.5256504625206704,7.264972656136706,-35.50264908714212,-3.5256504625206704,53.53643194431383,54.887532530577346,3.3595808288188267,27.407569229080714,96.11859349683928,5.40775200083076
59.17888997439978,19.448408725861782,-0.942047688298616,62.29983205769756,18.19246785812749,-0.8664134714842793,6.603090549588842,-34.389688110576344,-6.546585437016898,6.603090549588842,-34.389688110576344,-6.546585437016898,52.57579942481094,53.838096836438126,5.604537748718282,26.675272635398073,97.32350797709618,9.722786877981868
59.17888997439978,19.448408725861782,-0.942047688298616,62.29983205769756,18.19246785812749,-0.8664134714842793,7.012299733318287,-32.37191081565925,-8.279244735376063,7.012299733318287,-32.37191081565925,-8.279244735376063,52.166590241081494,51.82031954152103,7.337197047077447,28.1580856056611,95.97007424269025,13.167503259182695
55.22961505809249,19.185213621259436,-0.5988744960183539,58.47000471883354,19.155787814672767,-0.5868578465108956,2.1754743655671973,-23.207914627710636,-6.807787572196559,2.1754743655671973,-23.207914627710636,-6.807787572196559,53.054140692525294,42.39312824897007,6.208913076178205,34.18655435216408,103.80061774372908,15.694045976797174
60.10717543882021,20.859411313349028,-0.026247467069156483,63.62380268816155,19.138664122268395,-0.023636894764048767,1.1362602376379982,-21.77506291996758,-6.973174105068268,1.1362602376379982,-21.77506291996758,-6.973174105068268,58.97091520118221,42.63447423331661,6.946926637999112,40.731235999478976,106.15158103704366,17.710721958380553
60.0709196553709,20.7998700042981,-0.1493531762193958,63.570215406343976,19.09867906516117,-0.13461201086028068,0.5343368253375047,-21.043795569814563,-5.828768172001846,0.5343368253375047,-21.043795569814563,-5.828768172001846,59.536582830033396,41.84366557411266,5.67941499578245,41.72756478353722,107.64415686230495,15.34245186141299
53.30931938168385,19.264807491613055,-0.379927621137663,56.684748262866854,19.86873346163417,-0.3840259128733095,0.11411669429435278,-19.689114028595526,-5.496898637033518,0.11411669429435278,-19.689114028595526,-5.496898637033518,53.1952026873895,38.95392152020858,5.116971015895855,36.242387135130784,109.53665494694738,15.214642913900056
52.96676285562607,19.139033918821724,-0.5998680366899771,56.321758037293016,19.866837835581453,-0.6102536179211185,-0.25275316321835817,-18.37147804599587,-7.075965772114854,-0.25275316321835817,-18.37147804599587,-7.075965772114854,53.21951601884443,37.510511964817596,6.476097735424877,36.63307140348816,110.6550583521805,20.452636764153397
52.6274395218136,19.16334053738842,-0.6727416770953911,56.011905810623546,20.008189367883755,-0.6881784334541173,-0.4511577184696307,-17.812303095728794,-7.063243193654937,-0.4511577184696307,-17.812303095728794,-7.063243193654937,53.07859724028323,36.975643633117215,6.390501516559546,36.84497884582929,111.45909144530096,20.93570121328803
57.55472987063136,21.341113880072726,-0.30484662845994026,61.384713109946695,20.34462291580172,-0.28454147817242526,-2.2407974188190565,-13.458323395441795,-7.06375052883686,-2.2407974188190565,-13.458323395441795,-7.06375052883686,59.79552728945042,34.79943727551452,6.75890390037692,46.02098266379121,119.79759804676901,27.0875919214689
56.91040649583978,21.26429276758995,-0.0939504868286507,60.75338131430609,20.48795414440497,-0.08860360374231888,-2.777835048998895,-12.246653252610372,-6.326453598050988,-2.777835048998895,-12.246653252610372,-6.326453598050988,59.688241544838675,33.51094602020032,6.2325031112223375,46.69205496941916,123.26777120388857,26.649864017805246
49.31116567709952,18.34801379976443,-0.5726210261727939,52.61718888034896,20.409549176210326,-0.6235493839451518,-3.311354797066997,-11.037455666297944,-6.841410473709413,-3.311354797066997,-11.037455666297944,-6.841410473709413,52.622520474166514,29.385469466062375,6.268789447536619,39.21586821978226,127.10935583622049,30.07377121704632
48.77720822978915,18.09156565343801,-0.6765201536713343,52.02863125244784,20.34991961972446,-0.7450290537704167,-3.9495229704043595,-9.80291120435598,-6.256270335598308,-3.9495229704043595,-9.80291120435598,-6.256270335598308,52.72673120019351,27.89447685779399,5.579750181926974,39.74707116073608,132.29407339707058,29.879079755004042
48.5459820870873,18.01348660661938,-0.6441434317464503,51.784292959229624,20.357890596505165,-0.712719045633966,-4.060501230138243,-9.02973436425063,-6.046576358354607,-4.060501230138243,-9.02973436425063,-6.046576358354607,52.606483317225546,27.04322097087001,5.4024329266081565,40.18322151792319,134.5704412429404,30.70062723483308
48.307614596607664,18.00909473085744,-1.2290149308641656,51.56998738355155,20.445471823562446,-1.3656011862921067,-4.241664722660744,-8.415694777154272,-6.261233077903251,-4.241664722660744,-8.415694777154272,-6.261233077903251,52.54927931926841,26.424789508011713,5.032218147039085,40.255453462195526,137.1944150780624,32.233581841085204
53.75207690668554,20.646740466121628,-0.5542880708681266,57.58368604842111,21.012309902316936,-0.551525262228346,-5.563233683660883,-5.262511621398403,-6.068692984594235,-5.563233683660883,-5.262511621398403,-6.068692984594235,59.31531059034642,25.90925208752003,5.514404913726109,47.81267626817651,157.60348674273442,37.84437415103116
46.89010345782657,17.285290419358034,-1.0144380463366232,49.9849192428785,20.23560583374571,-1.1628909324242842,-6.099245425749814,-3.86184463327308,-6.311977556928133,-6.099245425749814,-3.86184463327308,-6.311977556928133,52.98934888357638,21.147135052631114,5.297539510591509,40.395565801992376,167.89493988877024,40.00195185906163
52.303738962772215,20.169278852737534,-0.4546035489962543,56.059678765687394,21.08755196640968,-0.46463252673703676,-6.631742001371322,-2.36340306250284,-6.370008540147743,-6.631742001371322,-2.36340306250284,-6.370008540147743,58.93548096414354,22.532681915240374,5.9154049911514885,46.56532861361509,181.47263285287065,41.673959345839705
51.8820329837428,20.236176110715178,-1.0468992354875475,55.698690901306826,21.307876342849482,-1.0769811490973509,-7.255126126229243,-1.1699898180901585,-6.091583567057431,-7.255126126229243,-1.1699898180901585,-6.091583567057431,59.137159109972046,21.406165928805336,5.044684331569884,46.15337154382208,192.14700571366222,38.57888213318186
51.431377743889925,20.031722979163078,-0.16882712095693364,55.194973002488155,21.280141086095863,-0.17525321701298585,-7.573522271411548,-0.4837477110342263,-6.12507633811754,-7.573522271411548,-0.4837477110342263,-6.12507633811754,59.00490001530147,20.515470690197304,5.9562492171606065,45.44259833827098,197.62542138514146,38.73188352093851
45.201672952076294,16.830203100294966,-0.5912600101481744,48.23687969244326,20.422102540818834,-0.7023163966616642,-7.721013826661874,0.0035809765449812403,-6.298943631440028,-7.721013826661874,0.0035809765449812403,-6.298943631440028,52.92268677873817,16.826622123749985,5.707683621291853,38.27240488405744,-159.55132389870616,38.50587242842355
48.9779649708443,19.86903203199131,-0.9679813222661492,52.86356471534817,22.081060213884474,-1.049197957984735,-9.118739832503024,3.461855011907744,-7.08383112440231,-9.118739832503024,3.461855011907744,-7.08383112440231,58.09670480334732,16.407177020083566,6.115849802136161,40.80883453772084,-137.13008348210397,34.94045395044476
48.338485542000114,19.954421853945405,-0.8979752697535477,52.302910966832975,22.431133966851206,-0.9837448829152584,-9.830831155697524,4.711841262650395,-7.197267330906631,-9.830831155697524,4.711841262650395,-7.197267330906631,58.16931669769764,15.24258059129501,6.299292061153084,39.23970514556598,-131.96082658092226,32.44896096553782
42.61267757988912,16.822338713564477,-0.817701379734928,45.82030124156645,21.542773127867804,-1.0225451129971588,-10.178047051070735,6.160900317396198,-6.712454997885128,-10.178047051070735,6.160900317396198,-6.712454997885128,52.79072463095986,10.661438396168279,5.894753618150199,32.15990642321162,-127.27017817130351,28.40882936050258
47.23955311489338,19.68626451653563,-0.8372172286372024,51.18422922930235,22.623086557941836,-0.9372252689920163,-10.74987726268364,6.5574925356222025,-7.156978261232151,-10.74987726268364,6.5574925356222025,-7.156978261232151,57.98943037757702,13.128771980913427,6.319761032594949,36.70034482803578,-125.99346055127344,28.675429543485716
42.10237141479951,16.746934931421492,-1.126503586710493,45.32481129224769,21.691031384218746,-1.424176872772385,-10.94047799427176,7.040188108715981,-7.622092419438546,-10.94047799427176,7.040188108715981,-7.622092419438546,53.042849409071266,9.706746822705512,6.495588832728053,30.24652889007359,-125.54772273532421,28.94046323923804
45.20667207167057,19.67218792268227,-0.4162506203504499,49.30325995347395,23.516804377211585,-0.4837344857583106,-13.087888307664798,10.983969815046862,-6.708615713423391,-13.087888307664798,10.983969815046862,-6.708615713423391,58.294560379335365,8.688218107635407,6.292365093072941,30.94717273309496,-116.47824410759783,20.95283106506991
39.02073891971722,16.260961781272954,-1.2371268140655989,42.29145808135295,22.622768218177306,-1.6762784091999128,-13.54076641485267,13.487177821965204,-8.100789057387255,-13.54076641485267,13.487177821965204,-8.100789057387255,52.56150533456989,2.7737839593077496,6.863662243321656,21.53383046991341,-112.49083258520645,21.294152003251423
29.440740833135635,12.380972077613023,-1.0635411217381154,31.95585721128634,22.80863969412568,-1.90724574603762,-26.47160249116132,42.25429261410555,0.057760922566932216,-26.47160249116132,42.25429261410555,0.057760922566932216,55.912343324296955,-29.87332053649253,-1.1213020443050477,-17.905694299799723,-99.25781087815713,-1.9736186871868744
28.81458177970501,11.94773951083448,-1.3878721302508836,31.224266069965363,22.52095583598977,-2.5475514028615907,-25.199236397400682,43.87935841840974,-0.8562826099848426,-25.199236397400682,43.87935841840974,-0.8562826099848426,54.01381817710569,-31.931618907575256,-0.531589520266041,-19.383370015229442,-97.34712851850367,-1.578058957421084
